point_id,mois,tmoy,dju,n_jours,complet
45.000_-71.500,2016-01,-8.75,829.2,31,True
45.000_-71.500,2016-02,-6.77,718.2,29,True
45.000_-71.500,2016-03,-1.49,604.3,31,True
45.000_-71.500,2016-04,2.45,466.4,30,True
45.000_-71.500,2016-05,11.43,211.5,31,True
45.000_-71.500,2016-06,15.82,84.8,30,True
45.000_-71.500,2016-07,18.68,22.7,31,True
45.000_-71.500,2016-08,19.15,9.4,31,True
45.000_-71.500,2016-09,15.1,98.4,30,True
45.000_-71.500,2016-10,7.52,324.8,31,True
45.000_-71.500,2016-11,1.66,490.2,30,True
45.000_-71.500,2016-12,-6.84,770.0,31,True
45.000_-71.500,2017-01,-6.48,759.0,31,True
45.000_-71.500,2017-02,-6.04,673.0,28,True
45.000_-71.500,2017-03,-6.94,773.2,31,True
45.000_-71.500,2017-04,5.25,382.5,30,True
45.000_-71.500,2017-05,9.44,269.0,31,True
45.000_-71.500,2017-06,15.19,100.0,30,True
45.000_-71.500,2017-07,17.19,39.3,31,True
45.000_-71.500,2017-08,16.37,61.8,31,True
45.000_-71.500,2017-09,15.14,99.5,30,True
45.000_-71.500,2017-10,11.24,209.7,31,True
45.000_-71.500,2017-11,-0.47,554.2,30,True
45.000_-71.500,2017-12,-9.86,863.7,31,True
45.000_-71.500,2018-01,-10.34,878.5,31,True
45.000_-71.500,2018-02,-5.02,644.5,28,True
45.000_-71.500,2018-03,-3.71,673.1,31,True
45.000_-71.500,2018-04,0.56,523.2,30,True
45.000_-71.500,2018-05,12.41,176.1,31,True
45.000_-71.500,2018-06,14.97,102.0,30,True
45.000_-71.500,2018-07,19.81,11.9,31,True
45.000_-71.500,2018-08,19.1,14.1,31,True
45.000_-71.500,2018-09,14.71,115.4,30,True
45.000_-71.500,2018-10,5.32,393.9,31,True
45.000_-71.500,2018-11,-2.65,619.6,30,True
45.000_-71.500,2018-12,-7.51,790.8,31,True
45.000_-71.500,2019-01,-11.41,911.7,31,True
45.000_-71.500,2019-02,-9.33,765.2,28,True
45.000_-71.500,2019-03,-4.94,711.1,31,True
45.000_-71.500,2019-04,2.3,471.0,30,True
45.000_-71.500,2019-05,8.35,299.0,31,True
45.000_-71.500,2019-06,14.89,99.8,30,True
45.000_-71.500,2019-07,19.89,7.7,31,True
45.000_-71.500,2019-08,17.24,39.2,31,True
45.000_-71.500,2019-09,12.8,157.6,30,True
45.000_-71.500,2019-10,7.61,322.1,31,True
45.000_-71.500,2019-11,-2.92,627.5,30,True
45.000_-71.500,2019-12,-5.69,734.3,31,True
45.000_-71.500,2020-01,-6.64,763.8,31,True
45.000_-71.500,2020-02,-7.23,731.6,29,True
45.000_-71.500,2020-03,-1.98,619.4,31,True
45.000_-71.500,2020-04,1.99,480.4,30,True
45.000_-71.500,2020-05,10.08,264.4,31,True
45.000_-71.500,2020-06,16.27,84.4,30,True
45.000_-71.500,2020-07,20.01,2.9,31,True
45.000_-71.500,2020-08,17.07,51.8,31,True
45.000_-71.500,2020-09,13.27,144.8,30,True
45.000_-71.500,2020-10,6.55,355.0,31,True
45.000_-71.500,2020-11,2.34,469.7,30,True
45.000_-71.500,2020-12,-3.39,663.2,31,True
45.000_-71.500,2021-01,-8.71,828.1,31,True
45.000_-71.500,2021-02,-8.55,743.4,28,True
45.000_-71.500,2021-03,-2.89,647.5,31,True
45.000_-71.500,2021-04,4.79,396.3,30,True
45.000_-71.500,2021-05,10.81,230.8,31,True
45.000_-71.500,2021-06,17.98,45.9,30,True
45.000_-71.500,2021-07,16.81,51.3,31,True
45.000_-71.500,2021-08,19.53,19.7,31,True
45.000_-71.500,2021-09,14.3,113.2,30,True
45.000_-71.500,2021-10,9.42,266.0,31,True
45.000_-71.500,2021-11,0.15,535.5,30,True
45.000_-71.500,2021-12,-4.3,691.3,31,True
45.000_-71.500,2022-01,-13.39,973.0,31,True
45.000_-71.500,2022-02,-8.04,729.0,28,True
45.000_-71.500,2022-03,-2.45,634.0,31,True
45.000_-71.500,2022-04,3.51,434.7,30,True
45.000_-71.500,2022-05,12.65,172.7,31,True
45.000_-71.500,2022-06,15.26,90.0,30,True
45.000_-71.500,2022-07,18.58,21.7,31,True
45.000_-71.500,2022-08,18.39,26.8,31,True
45.000_-71.500,2022-09,12.82,156.6,30,True
45.000_-71.500,2022-10,8.01,309.8,31,True
45.000_-71.500,2022-11,2.28,471.5,30,True
45.000_-71.500,2022-12,-3.53,667.5,31,True
45.000_-72.000,2016-01,-8.15,810.7,31,True
45.000_-72.000,2016-02,-6.23,702.8,29,True
45.000_-72.000,2016-03,-1.06,590.9,31,True
45.000_-72.000,2016-04,2.29,471.4,30,True
45.000_-72.000,2016-05,11.46,212.1,31,True
45.000_-72.000,2016-06,15.87,82.9,30,True
45.000_-72.000,2016-07,18.83,19.4,31,True
45.000_-72.000,2016-08,19.38,6.3,31,True
45.000_-72.000,2016-09,15.41,90.2,30,True
45.000_-72.000,2016-10,7.93,312.1,31,True
45.000_-72.000,2016-11,2.01,479.8,30,True
45.000_-72.000,2016-12,-6.15,748.7,31,True
45.000_-72.000,2017-01,-5.89,740.6,31,True
45.000_-72.000,2017-02,-5.37,654.3,28,True
45.000_-72.000,2017-03,-6.07,746.3,31,True
45.000_-72.000,2017-04,5.91,362.7,30,True
45.000_-72.000,2017-05,10.04,251.5,31,True
45.000_-72.000,2017-06,15.6,91.1,30,True
45.000_-72.000,2017-07,17.68,31.8,31,True
45.000_-72.000,2017-08,17.05,51.0,31,True
45.000_-72.000,2017-09,15.87,91.7,30,True
45.000_-72.000,2017-10,11.84,191.0,31,True
45.000_-72.000,2017-11,-0.15,544.6,30,True
45.000_-72.000,2017-12,-9.49,852.3,31,True
45.000_-72.000,2018-01,-10.01,868.3,31,True
45.000_-72.000,2018-02,-4.61,633.2,28,True
45.000_-72.000,2018-03,-3.57,668.8,31,True
45.000_-72.000,2018-04,1.21,503.8,30,True
45.000_-72.000,2018-05,13.16,153.4,31,True
45.000_-72.000,2018-06,15.58,88.6,30,True
45.000_-72.000,2018-07,20.56,7.5,31,True
45.000_-72.000,2018-08,19.75,8.9,31,True
45.000_-72.000,2018-09,15.22,108.2,30,True
45.000_-72.000,2018-10,5.72,381.9,31,True
45.000_-72.000,2018-11,-2.15,604.6,30,True
45.000_-72.000,2018-12,-6.58,762.1,31,True
45.000_-72.000,2019-01,-11.08,901.4,31,True
45.000_-72.000,2019-02,-8.98,755.3,28,True
45.000_-72.000,2019-03,-4.36,693.1,31,True
45.000_-72.000,2019-04,3.24,442.7,30,True
45.000_-72.000,2019-05,9.18,273.3,31,True
45.000_-72.000,2019-06,15.48,86.7,30,True
45.000_-72.000,2019-07,20.64,3.3,31,True
45.000_-72.000,2019-08,17.94,28.6,31,True
45.000_-72.000,2019-09,13.43,141.1,30,True
45.000_-72.000,2019-10,8.27,301.5,31,True
45.000_-72.000,2019-11,-2.78,623.5,30,True
45.000_-72.000,2019-12,-5.22,719.8,31,True
45.000_-72.000,2020-01,-6.04,745.3,31,True
45.000_-72.000,2020-02,-6.67,715.4,29,True
45.000_-72.000,2020-03,-1.07,591.1,31,True
45.000_-72.000,2020-04,2.5,465.1,30,True
45.000_-72.000,2020-05,10.6,250.9,31,True
45.000_-72.000,2020-06,17.31,70.9,30,True
45.000_-72.000,2020-07,20.73,0.7,31,True
45.000_-72.000,2020-08,17.8,43.0,31,True
45.000_-72.000,2020-09,13.83,129.3,30,True
45.000_-72.000,2020-10,7.05,339.4,31,True
45.000_-72.000,2020-11,3.16,445.2,30,True
45.000_-72.000,2020-12,-3.12,654.8,31,True
45.000_-72.000,2021-01,-8.4,818.5,31,True
45.000_-72.000,2021-02,-8.38,738.7,28,True
45.000_-72.000,2021-03,-1.93,617.7,31,True
45.000_-72.000,2021-04,5.3,381.1,30,True
45.000_-72.000,2021-05,11.45,215.6,31,True
45.000_-72.000,2021-06,18.52,37.4,30,True
45.000_-72.000,2021-07,17.32,42.9,31,True
45.000_-72.000,2021-08,20.19,14.7,31,True
45.000_-72.000,2021-09,14.83,98.7,30,True
45.000_-72.000,2021-10,10.12,244.4,31,True
45.000_-72.000,2021-11,0.46,526.3,30,True
45.000_-72.000,2021-12,-3.87,678.0,31,True
45.000_-72.000,2022-01,-13.01,961.3,31,True
45.000_-72.000,2022-02,-7.88,724.5,28,True
45.000_-72.000,2022-03,-1.98,619.4,31,True
45.000_-72.000,2022-04,3.93,422.1,30,True
45.000_-72.000,2022-05,13.57,151.5,31,True
45.000_-72.000,2022-06,15.82,77.8,30,True
45.000_-72.000,2022-07,19.23,15.0,31,True
45.000_-72.000,2022-08,19.06,20.3,31,True
45.000_-72.000,2022-09,13.61,138.8,30,True
45.000_-72.000,2022-10,9.02,278.5,31,True
45.000_-72.000,2022-11,2.71,458.8,30,True
45.000_-72.000,2022-12,-3.09,653.8,31,True
45.000_-72.500,2016-01,-9.17,842.2,31,True
45.000_-72.500,2016-02,-7.33,734.7,29,True
45.000_-72.500,2016-03,-2.35,630.9,31,True
45.000_-72.500,2016-04,1.11,506.6,30,True
45.000_-72.500,2016-05,10.67,235.6,31,True
45.000_-72.500,2016-06,15.19,99.9,30,True
45.000_-72.500,2016-07,18.08,27.7,31,True
45.000_-72.500,2016-08,18.66,13.7,31,True
45.000_-72.500,2016-09,14.5,112.4,30,True
45.000_-72.500,2016-10,7.09,338.1,31,True
45.000_-72.500,2016-11,1.02,509.5,30,True
45.000_-72.500,2016-12,-7.14,779.2,31,True
45.000_-72.500,2017-01,-6.97,774.1,31,True
45.000_-72.500,2017-02,-6.35,681.9,28,True
45.000_-72.500,2017-03,-7.4,787.5,31,True
45.000_-72.500,2017-04,4.82,395.5,30,True
45.000_-72.500,2017-05,9.26,274.3,31,True
45.000_-72.500,2017-06,14.8,111.2,30,True
45.000_-72.500,2017-07,16.68,50.2,31,True
45.000_-72.500,2017-08,15.89,75.1,31,True
45.000_-72.500,2017-09,14.83,111.8,30,True
45.000_-72.500,2017-10,10.68,226.9,31,True
45.000_-72.500,2017-11,-1.55,586.4,30,True
45.000_-72.500,2017-12,-10.63,887.6,31,True
45.000_-72.500,2018-01,-11.1,902.0,31,True
45.000_-72.500,2018-02,-5.81,666.8,28,True
45.000_-72.500,2018-03,-4.65,702.2,31,True
45.000_-72.500,2018-04,-0.19,545.7,30,True
45.000_-72.500,2018-05,12.34,178.2,31,True
45.000_-72.500,2018-06,14.77,109.6,30,True
45.000_-72.500,2018-07,19.64,14.8,31,True
45.000_-72.500,2018-08,18.82,18.7,31,True
45.000_-72.500,2018-09,14.3,127.8,30,True
45.000_-72.500,2018-10,4.76,410.7,31,True
45.000_-72.500,2018-11,-3.43,643.0,30,True
45.000_-72.500,2018-12,-7.78,799.1,31,True
45.000_-72.500,2019-01,-12.42,943.1,31,True
45.000_-72.500,2019-02,-10.1,786.9,28,True
45.000_-72.500,2019-03,-5.4,725.3,31,True
45.000_-72.500,2019-04,2.27,471.9,30,True
45.000_-72.500,2019-05,8.36,298.8,31,True
45.000_-72.500,2019-06,14.53,110.6,30,True
45.000_-72.500,2019-07,19.69,12.3,31,True
45.000_-72.500,2019-08,16.69,51.4,31,True
45.000_-72.500,2019-09,12.38,171.2,30,True
45.000_-72.500,2019-10,7.07,338.9,31,True
45.000_-72.500,2019-11,-4.24,667.2,30,True
45.000_-72.500,2019-12,-6.3,753.4,31,True
45.000_-72.500,2020-01,-7.22,781.8,31,True
45.000_-72.500,2020-02,-7.9,751.1,29,True
45.000_-72.500,2020-03,-2.08,622.5,31,True
45.000_-72.500,2020-04,1.59,492.4,30,True
45.000_-72.500,2020-05,10.05,268.4,31,True
45.000_-72.500,2020-06,16.53,84.0,30,True
45.000_-72.500,2020-07,19.85,2.7,31,True
45.000_-72.500,2020-08,16.65,61.8,31,True
45.000_-72.500,2020-09,12.46,166.4,30,True
45.000_-72.500,2020-10,5.92,374.6,31,True
45.000_-72.500,2020-11,2.08,477.7,30,True
45.000_-72.500,2020-12,-4.26,690.0,31,True
45.000_-72.500,2021-01,-9.74,859.9,31,True
45.000_-72.500,2021-02,-9.69,775.4,28,True
45.000_-72.500,2021-03,-3.09,653.9,31,True
45.000_-72.500,2021-04,4.42,407.4,30,True
45.000_-72.500,2021-05,10.64,239.0,31,True
45.000_-72.500,2021-06,17.71,49.3,30,True
45.000_-72.500,2021-07,16.42,59.5,31,True
45.000_-72.500,2021-08,19.21,22.5,31,True
45.000_-72.500,2021-09,13.67,131.8,30,True
45.000_-72.500,2021-10,8.93,281.3,31,True
45.000_-72.500,2021-11,-0.71,561.3,30,True
45.000_-72.500,2021-12,-5.27,721.5,31,True
45.000_-72.500,2022-01,-14.65,1012.3,31,True
45.000_-72.500,2022-02,-9.2,761.7,28,True
45.000_-72.500,2022-03,-3.16,655.9,31,True
45.000_-72.500,2022-04,2.92,452.4,30,True
45.000_-72.500,2022-05,12.52,179.8,31,True
45.000_-72.500,2022-06,14.68,106.6,30,True
45.000_-72.500,2022-07,18.07,29.3,31,True
45.000_-72.500,2022-08,17.76,40.3,31,True
45.000_-72.500,2022-09,12.49,166.7,30,True
45.000_-72.500,2022-10,7.39,329.0,31,True
45.000_-72.500,2022-11,1.6,492.0,30,True
45.000_-72.500,2022-12,-4.29,690.9,31,True
45.000_-73.000,2016-01,-5.95,742.3,31,True
45.000_-73.000,2016-02,-5.19,672.6,29,True
45.000_-73.000,2016-03,-0.05,559.6,31,True
45.000_-73.000,2016-04,3.69,429.2,30,True
45.000_-73.000,2016-05,13.27,169.6,31,True
45.000_-73.000,2016-06,18.15,46.3,30,True
45.000_-73.000,2016-07,21.2,3.8,31,True
45.000_-73.000,2016-08,21.77,1.1,31,True
45.000_-73.000,2016-09,17.58,49.8,30,True
45.000_-73.000,2016-10,9.93,250.2,31,True
45.000_-73.000,2016-11,3.9,423.0,30,True
45.000_-73.000,2016-12,-3.63,670.5,31,True
45.000_-73.000,2017-01,-3.32,660.9,31,True
45.000_-73.000,2017-02,-3.38,598.7,28,True
45.000_-73.000,2017-03,-4.07,684.2,31,True
45.000_-73.000,2017-04,7.82,305.5,30,True
45.000_-73.000,2017-05,12.26,185.5,31,True
45.000_-73.000,2017-06,17.72,49.2,30,True
45.000_-73.000,2017-07,19.41,10.0,31,True
45.000_-73.000,2017-08,18.92,21.9,31,True
45.000_-73.000,2017-09,17.32,60.6,30,True
45.000_-73.000,2017-10,13.71,137.3,31,True
45.000_-73.000,2017-11,1.79,486.4,30,True
45.000_-73.000,2017-12,-7.58,793.1,31,True
45.000_-73.000,2018-01,-8.49,821.3,31,True
45.000_-73.000,2018-02,-2.63,577.7,28,True
45.000_-73.000,2018-03,-1.9,616.9,31,True
45.000_-73.000,2018-04,3.3,441.1,30,True
45.000_-73.000,2018-05,14.85,107.6,31,True
45.000_-73.000,2018-06,17.62,44.2,30,True
45.000_-73.000,2018-07,23.06,0.0,31,True
45.000_-73.000,2018-08,21.96,0.7,31,True
45.000_-73.000,2018-09,17.31,72.4,30,True
45.000_-73.000,2018-10,7.86,318.3,31,True
45.000_-73.000,2018-11,-0.21,546.4,30,True
45.000_-73.000,2018-12,-4.35,692.9,31,True
45.000_-73.000,2019-01,-9.45,851.1,31,True
45.000_-73.000,2019-02,-7.35,709.7,28,True
45.000_-73.000,2019-03,-2.75,643.3,31,True
45.000_-73.000,2019-04,5.65,370.5,30,True
45.000_-73.000,2019-05,11.34,207.7,31,True
45.000_-73.000,2019-06,17.32,46.3,30,True
45.000_-73.000,2019-07,22.36,0.0,31,True
45.000_-73.000,2019-08,19.63,7.4,31,True
45.000_-73.000,2019-09,15.3,90.0,30,True
45.000_-73.000,2019-10,10.14,243.6,31,True
45.000_-73.000,2019-11,-0.78,563.3,30,True
45.000_-73.000,2019-12,-3.36,662.1,31,True
45.000_-73.000,2020-01,-4.6,700.6,31,True
45.000_-73.000,2020-02,-5.24,674.1,29,True
45.000_-73.000,2020-03,0.99,527.4,31,True
45.000_-73.000,2020-04,4.7,399.1,30,True
45.000_-73.000,2020-05,13.12,188.8,31,True
45.000_-73.000,2020-06,19.43,39.9,30,True
45.000_-73.000,2020-07,23.09,0.0,31,True
45.000_-73.000,2020-08,19.74,16.1,31,True
45.000_-73.000,2020-09,15.39,95.5,30,True
45.000_-73.000,2020-10,9.09,276.3,31,True
45.000_-73.000,2020-11,5.27,382.0,30,True
45.000_-73.000,2020-12,-1.14,593.3,31,True
45.000_-73.000,2021-01,-7.06,776.9,31,True
45.000_-73.000,2021-02,-7.0,700.0,28,True
45.000_-73.000,2021-03,0.29,549.1,31,True
45.000_-73.000,2021-04,7.54,313.7,30,True
45.000_-73.000,2021-05,13.33,165.8,31,True
45.000_-73.000,2021-06,20.61,12.1,30,True
45.000_-73.000,2021-07,19.5,10.0,31,True
45.000_-73.000,2021-08,22.15,3.0,31,True
45.000_-73.000,2021-09,16.9,49.6,30,True
45.000_-73.000,2021-10,11.9,189.6,31,True
45.000_-73.000,2021-11,2.51,464.7,30,True
45.000_-73.000,2021-12,-2.07,622.1,31,True
45.000_-73.000,2022-01,-11.85,925.2,31,True
45.000_-73.000,2022-02,-6.42,683.8,28,True
45.000_-73.000,2022-03,-0.11,561.4,31,True
45.000_-73.000,2022-04,5.98,360.7,30,True
45.000_-73.000,2022-05,15.28,110.7,31,True
45.000_-73.000,2022-06,17.72,35.7,30,True
45.000_-73.000,2022-07,21.08,1.7,31,True
45.000_-73.000,2022-08,20.67,4.6,31,True
45.000_-73.000,2022-09,15.43,92.5,30,True
45.000_-73.000,2022-10,10.21,242.3,31,True
45.000_-73.000,2022-11,4.87,394.3,30,True
45.000_-73.000,2022-12,-1.17,594.4,31,True
45.000_-73.500,2016-01,-5.49,728.2,31,True
45.000_-73.500,2016-02,-5.23,673.6,29,True
45.000_-73.500,2016-03,0.2,551.8,31,True
45.000_-73.500,2016-04,4.02,419.3,30,True
45.000_-73.500,2016-05,13.58,162.5,31,True
45.000_-73.500,2016-06,18.63,41.3,30,True
45.000_-73.500,2016-07,21.49,3.1,31,True
45.000_-73.500,2016-08,22.15,0.8,31,True
45.000_-73.500,2016-09,17.99,43.8,30,True
45.000_-73.500,2016-10,10.2,241.8,31,True
45.000_-73.500,2016-11,4.42,407.5,30,True
45.000_-73.500,2016-12,-3.06,652.9,31,True
45.000_-73.500,2017-01,-3.4,663.5,31,True
45.000_-73.500,2017-02,-3.64,605.8,28,True
45.000_-73.500,2017-03,-4.17,687.3,31,True
45.000_-73.500,2017-04,7.4,318.1,30,True
45.000_-73.500,2017-05,12.28,186.8,31,True
45.000_-73.500,2017-06,18.02,44.9,30,True
45.000_-73.500,2017-07,19.65,8.4,31,True
45.000_-73.500,2017-08,19.17,18.0,31,True
45.000_-73.500,2017-09,17.47,55.7,30,True
45.000_-73.500,2017-10,13.35,145.8,31,True
45.000_-73.500,2017-11,1.7,489.1,30,True
45.000_-73.500,2017-12,-7.58,792.9,31,True
45.000_-73.500,2018-01,-9.05,838.4,31,True
45.000_-73.500,2018-02,-3.32,597.1,28,True
45.000_-73.500,2018-03,-1.68,610.1,31,True
45.000_-73.500,2018-04,3.33,440.0,30,True
45.000_-73.500,2018-05,14.85,108.6,31,True
45.000_-73.500,2018-06,17.88,39.4,30,True
45.000_-73.500,2018-07,23.41,0.0,31,True
45.000_-73.500,2018-08,22.35,0.0,31,True
45.000_-73.500,2018-09,17.43,69.3,30,True
45.000_-73.500,2018-10,7.66,323.0,31,True
45.000_-73.500,2018-11,-0.38,551.4,30,True
45.000_-73.500,2018-12,-3.69,672.5,31,True
45.000_-73.500,2019-01,-9.76,860.7,31,True
45.000_-73.500,2019-02,-7.63,717.7,28,True
45.000_-73.500,2019-03,-2.88,647.2,31,True
45.000_-73.500,2019-04,4.75,397.4,30,True
45.000_-73.500,2019-05,11.17,212.7,31,True
45.000_-73.500,2019-06,17.43,45.6,30,True
45.000_-73.500,2019-07,23.16,0.0,31,True
45.000_-73.500,2019-08,19.95,5.1,31,True
45.000_-73.500,2019-09,15.71,79.4,30,True
45.000_-73.500,2019-10,10.14,243.6,31,True
45.000_-73.500,2019-11,-0.68,560.3,30,True
45.000_-73.500,2019-12,-3.55,667.9,31,True
45.000_-73.500,2020-01,-4.84,708.0,31,True
45.000_-73.500,2020-02,-5.69,687.1,29,True
45.000_-73.500,2020-03,0.64,538.2,31,True
45.000_-73.500,2020-04,4.79,396.4,30,True
45.000_-73.500,2020-05,13.03,184.1,31,True
45.000_-73.500,2020-06,19.53,36.1,30,True
45.000_-73.500,2020-07,23.72,0.0,31,True
45.000_-73.500,2020-08,20.16,13.8,31,True
45.000_-73.500,2020-09,15.4,90.9,30,True
45.000_-73.500,2020-10,8.95,280.4,31,True
45.000_-73.500,2020-11,4.71,398.7,30,True
45.000_-73.500,2020-12,-1.51,604.9,31,True
45.000_-73.500,2021-01,-6.77,767.8,31,True
45.000_-73.500,2021-02,-7.1,702.7,28,True
45.000_-73.500,2021-03,-0.1,561.2,31,True
45.000_-73.500,2021-04,7.72,308.4,30,True
45.000_-73.500,2021-05,13.8,154.1,31,True
45.000_-73.500,2021-06,20.77,9.7,30,True
45.000_-73.500,2021-07,19.88,6.1,31,True
45.000_-73.500,2021-08,22.55,2.3,31,True
45.000_-73.500,2021-09,17.08,43.4,30,True
45.000_-73.500,2021-10,11.83,191.2,31,True
45.000_-73.500,2021-11,2.53,464.2,30,True
45.000_-73.500,2021-12,-2.31,629.6,31,True
45.000_-73.500,2022-01,-12.06,932.0,31,True
45.000_-73.500,2022-02,-6.98,699.4,28,True
45.000_-73.500,2022-03,-0.52,574.1,31,True
45.000_-73.500,2022-04,6.03,359.2,30,True
45.000_-73.500,2022-05,15.07,112.6,31,True
45.000_-73.500,2022-06,18.03,28.8,30,True
45.000_-73.500,2022-07,21.67,1.0,31,True
45.000_-73.500,2022-08,20.65,3.2,31,True
45.000_-73.500,2022-09,15.33,95.6,30,True
45.000_-73.500,2022-10,9.82,253.6,31,True
45.000_-73.500,2022-11,4.39,408.2,30,True
45.000_-73.500,2022-12,-1.48,603.9,31,True
45.000_-74.000,2016-01,-6.5,759.4,31,True
45.000_-74.000,2016-02,-6.21,702.2,29,True
45.000_-74.000,2016-03,-0.08,560.4,31,True
45.000_-74.000,2016-04,3.48,435.5,30,True
45.000_-74.000,2016-05,13.4,169.8,31,True
45.000_-74.000,2016-06,18.29,48.2,30,True
45.000_-74.000,2016-07,20.86,4.6,31,True
45.000_-74.000,2016-08,21.6,1.8,31,True
45.000_-74.000,2016-09,17.36,53.7,30,True
45.000_-74.000,2016-10,9.6,260.4,31,True
45.000_-74.000,2016-11,3.7,429.1,30,True
45.000_-74.000,2016-12,-4.02,682.7,31,True
45.000_-74.000,2017-01,-3.51,666.9,31,True
45.000_-74.000,2017-02,-3.38,598.6,28,True
45.000_-74.000,2017-03,-4.3,691.4,31,True
45.000_-74.000,2017-04,7.74,308.1,30,True
45.000_-74.000,2017-05,12.06,194.3,31,True
45.000_-74.000,2017-06,17.64,54.2,30,True
45.000_-74.000,2017-07,19.31,12.3,31,True
45.000_-74.000,2017-08,18.87,24.2,31,True
45.000_-74.000,2017-09,17.63,63.4,30,True
45.000_-74.000,2017-10,13.56,142.7,31,True
45.000_-74.000,2017-11,1.65,490.6,30,True
45.000_-74.000,2017-12,-8.09,808.9,31,True
45.000_-74.000,2018-01,-8.28,814.7,31,True
45.000_-74.000,2018-02,-2.73,580.4,28,True
45.000_-74.000,2018-03,-2.43,633.3,31,True
45.000_-74.000,2018-04,2.81,455.8,30,True
45.000_-74.000,2018-05,15.26,99.8,31,True
45.000_-74.000,2018-06,17.89,45.0,30,True
45.000_-74.000,2018-07,23.93,0.0,31,True
45.000_-74.000,2018-08,22.43,1.2,31,True
45.000_-74.000,2018-09,17.49,78.0,30,True
45.000_-74.000,2018-10,7.17,340.7,31,True
45.000_-74.000,2018-11,-0.76,562.8,30,True
45.000_-74.000,2018-12,-3.73,673.6,31,True
45.000_-74.000,2019-01,-9.84,863.0,31,True
45.000_-74.000,2019-02,-7.6,716.9,28,True
45.000_-74.000,2019-03,-2.64,639.7,31,True
45.000_-74.000,2019-04,5.07,387.9,30,True
45.000_-74.000,2019-05,10.83,222.7,31,True
45.000_-74.000,2019-06,17.43,50.5,30,True
45.000_-74.000,2019-07,22.95,0.0,31,True
45.000_-74.000,2019-08,19.78,8.8,31,True
45.000_-74.000,2019-09,15.63,85.5,30,True
45.000_-74.000,2019-10,10.02,247.3,31,True
45.000_-74.000,2019-11,-1.19,575.7,30,True
45.000_-74.000,2019-12,-3.62,670.2,31,True
45.000_-74.000,2020-01,-4.6,700.7,31,True
45.000_-74.000,2020-02,-5.31,676.1,29,True
45.000_-74.000,2020-03,1.35,516.1,31,True
45.000_-74.000,2020-04,4.25,412.4,30,True
45.000_-74.000,2020-05,12.87,200.8,31,True
45.000_-74.000,2020-06,19.61,41.9,30,True
45.000_-74.000,2020-07,23.45,0.0,31,True
45.000_-74.000,2020-08,19.73,20.6,31,True
45.000_-74.000,2020-09,15.39,101.5,30,True
45.000_-74.000,2020-10,8.77,286.0,31,True
45.000_-74.000,2020-11,5.73,368.7,30,True
45.000_-74.000,2020-12,-1.67,609.8,31,True
45.000_-74.000,2021-01,-6.75,767.3,31,True
45.000_-74.000,2021-02,-7.11,703.2,28,True
45.000_-74.000,2021-03,0.73,535.3,31,True
45.000_-74.000,2021-04,7.41,317.6,30,True
45.000_-74.000,2021-05,13.72,164.1,31,True
45.000_-74.000,2021-06,20.98,13.3,30,True
45.000_-74.000,2021-07,19.45,13.6,31,True
45.000_-74.000,2021-08,22.67,3.9,31,True
45.000_-74.000,2021-09,16.87,54.4,30,True
45.000_-74.000,2021-10,11.65,198.1,31,True
45.000_-74.000,2021-11,2.42,467.3,30,True
45.000_-74.000,2021-12,-2.36,631.1,31,True
45.000_-74.000,2022-01,-11.89,926.6,31,True
45.000_-74.000,2022-02,-6.51,686.4,28,True
45.000_-74.000,2022-03,-0.35,568.7,31,True
45.000_-74.000,2022-04,5.75,367.5,30,True
45.000_-74.000,2022-05,15.45,112.4,31,True
45.000_-74.000,2022-06,17.93,35.5,30,True
45.000_-74.000,2022-07,21.53,1.5,31,True
45.000_-74.000,2022-08,20.83,6.2,31,True
45.000_-74.000,2022-09,15.23,103.4,30,True
45.000_-74.000,2022-10,10.53,231.7,31,True
45.000_-74.000,2022-11,4.62,403.3,30,True
45.000_-74.000,2022-12,-1.5,604.4,31,True
45.000_-74.500,2016-01,-5.88,740.3,31,True
45.000_-74.500,2016-02,-5.94,694.4,29,True
45.000_-74.500,2016-03,0.32,548.1,31,True
45.000_-74.500,2016-04,3.97,420.8,30,True
45.000_-74.500,2016-05,13.65,163.1,31,True
45.000_-74.500,2016-06,18.46,42.6,30,True
45.000_-74.500,2016-07,21.19,3.9,31,True
45.000_-74.500,2016-08,22.15,1.1,31,True
45.000_-74.500,2016-09,17.84,44.6,30,True
45.000_-74.500,2016-10,10.22,241.1,31,True
45.000_-74.500,2016-11,4.13,416.0,30,True
45.000_-74.500,2016-12,-3.25,658.6,31,True
45.000_-74.500,2017-01,-2.91,648.2,31,True
45.000_-74.500,2017-02,-3.33,597.2,28,True
45.000_-74.500,2017-03,-4.02,682.5,31,True
45.000_-74.500,2017-04,7.91,302.6,30,True
45.000_-74.500,2017-05,12.4,182.0,31,True
45.000_-74.500,2017-06,17.92,45.1,30,True
45.000_-74.500,2017-07,19.87,6.4,31,True
45.000_-74.500,2017-08,19.43,12.3,31,True
45.000_-74.500,2017-09,17.99,50.1,30,True
45.000_-74.500,2017-10,13.83,133.8,31,True
45.000_-74.500,2017-11,2.53,464.2,30,True
45.000_-74.500,2017-12,-7.0,774.9,31,True
45.000_-74.500,2018-01,-8.25,813.8,31,True
45.000_-74.500,2018-02,-2.81,582.7,28,True
45.000_-74.500,2018-03,-1.72,611.4,31,True
45.000_-74.500,2018-04,3.3,440.9,30,True
45.000_-74.500,2018-05,15.0,103.8,31,True
45.000_-74.500,2018-06,18.11,34.6,30,True
45.000_-74.500,2018-07,23.86,0.0,31,True
45.000_-74.500,2018-08,22.74,0.3,31,True
45.000_-74.500,2018-09,18.31,59.6,30,True
45.000_-74.500,2018-10,8.22,307.4,31,True
45.000_-74.500,2018-11,0.6,521.9,30,True
45.000_-74.500,2018-12,-2.98,650.4,31,True
45.000_-74.500,2019-01,-9.35,847.7,31,True
45.000_-74.500,2019-02,-7.57,715.9,28,True
45.000_-74.500,2019-03,-2.76,643.7,31,True
45.000_-74.500,2019-04,5.51,374.8,30,True
45.000_-74.500,2019-05,11.18,211.6,31,True
45.000_-74.500,2019-06,17.49,47.2,30,True
45.000_-74.500,2019-07,23.17,0.0,31,True
45.000_-74.500,2019-08,20.5,2.6,31,True
45.000_-74.500,2019-09,16.48,61.5,30,True
45.000_-74.500,2019-10,10.75,224.9,31,True
45.000_-74.500,2019-11,0.03,539.1,30,True
45.000_-74.500,2019-12,-2.8,644.7,31,True
45.000_-74.500,2020-01,-4.3,691.3,31,True
45.000_-74.500,2020-02,-5.26,674.5,29,True
45.000_-74.500,2020-03,1.56,509.6,31,True
45.000_-74.500,2020-04,4.97,391.0,30,True
45.000_-74.500,2020-05,12.95,193.0,31,True
45.000_-74.500,2020-06,19.92,34.2,30,True
45.000_-74.500,2020-07,24.03,0.0,31,True
45.000_-74.500,2020-08,20.61,10.2,31,True
45.000_-74.500,2020-09,16.12,82.2,30,True
45.000_-74.500,2020-10,9.52,262.8,31,True
45.000_-74.500,2020-11,5.98,360.5,30,True
45.000_-74.500,2020-12,-0.94,587.1,31,True
45.000_-74.500,2021-01,-6.0,744.0,31,True
45.000_-74.500,2021-02,-6.96,698.8,28,True
45.000_-74.500,2021-03,0.9,530.1,31,True
45.000_-74.500,2021-04,7.76,307.2,30,True
45.000_-74.500,2021-05,13.65,158.4,31,True
45.000_-74.500,2021-06,21.14,8.7,30,True
45.000_-74.500,2021-07,20.3,4.4,31,True
45.000_-74.500,2021-08,23.13,1.8,31,True
45.000_-74.500,2021-09,17.72,34.6,30,True
45.000_-74.500,2021-10,12.55,169.4,31,True
45.000_-74.500,2021-11,3.37,438.9,30,True
45.000_-74.500,2021-12,-1.45,602.9,31,True
45.000_-74.500,2022-01,-11.7,920.8,31,True
45.000_-74.500,2022-02,-6.64,689.9,28,True
45.000_-74.500,2022-03,-0.41,570.7,31,True
45.000_-74.500,2022-04,6.21,353.7,30,True
45.000_-74.500,2022-05,15.3,109.4,31,True
45.000_-74.500,2022-06,18.3,28.6,30,True
45.000_-74.500,2022-07,21.93,0.1,31,True
45.000_-74.500,2022-08,21.53,1.0,31,True
45.000_-74.500,2022-09,16.14,79.6,30,True
45.000_-74.500,2022-10,10.86,221.9,31,True
45.000_-74.500,2022-11,5.26,384.6,30,True
45.000_-74.500,2022-12,-0.73,580.6,31,True
45.500_-70.500,2016-01,-8.86,832.7,31,True
45.500_-70.500,2016-02,-7.9,751.0,29,True
45.500_-70.500,2016-03,-2.58,638.0,31,True
45.500_-70.500,2016-04,1.91,482.6,30,True
45.500_-70.500,2016-05,10.94,221.1,31,True
45.500_-70.500,2016-06,15.57,91.8,30,True
45.500_-70.500,2016-07,18.45,26.1,31,True
45.500_-70.500,2016-08,18.77,13.8,31,True
45.500_-70.500,2016-09,14.72,106.6,30,True
45.500_-70.500,2016-10,7.49,325.8,31,True
45.500_-70.500,2016-11,1.71,488.7,30,True
45.500_-70.500,2016-12,-7.88,802.3,31,True
45.500_-70.500,2017-01,-6.91,772.1,31,True
45.500_-70.500,2017-02,-6.6,688.8,28,True
45.500_-70.500,2017-03,-7.12,778.8,31,True
45.500_-70.500,2017-04,4.53,404.0,30,True
45.500_-70.500,2017-05,9.57,265.9,31,True
45.500_-70.500,2017-06,15.46,96.3,30,True
45.500_-70.500,2017-07,17.63,32.1,31,True
45.500_-70.500,2017-08,16.75,55.6,31,True
45.500_-70.500,2017-09,15.85,92.9,30,True
45.500_-70.500,2017-10,11.35,206.5,31,True
45.500_-70.500,2017-11,-0.8,564.0,30,True
45.500_-70.500,2017-12,-10.34,878.4,31,True
45.500_-70.500,2018-01,-10.64,887.7,31,True
45.500_-70.500,2018-02,-5.47,657.2,28,True
45.500_-70.500,2018-03,-3.75,674.3,31,True
45.500_-70.500,2018-04,0.33,530.0,30,True
45.500_-70.500,2018-05,12.72,168.5,31,True
45.500_-70.500,2018-06,15.33,98.0,30,True
45.500_-70.500,2018-07,20.54,7.8,31,True
45.500_-70.500,2018-08,19.53,11.3,31,True
45.500_-70.500,2018-09,14.71,122.6,30,True
45.500_-70.500,2018-10,4.67,414.0,31,True
45.500_-70.500,2018-11,-3.04,631.2,30,True
45.500_-70.500,2018-12,-7.14,779.4,31,True
45.500_-70.500,2019-01,-11.66,919.4,31,True
45.500_-70.500,2019-02,-10.08,786.1,28,True
45.500_-70.500,2019-03,-4.91,710.1,31,True
45.500_-70.500,2019-04,1.77,486.8,30,True
45.500_-70.500,2019-05,8.03,309.1,31,True
45.500_-70.500,2019-06,15.05,96.0,30,True
45.500_-70.500,2019-07,20.16,8.0,31,True
45.500_-70.500,2019-08,17.6,33.0,31,True
45.500_-70.500,2019-09,12.87,158.2,30,True
45.500_-70.500,2019-10,7.4,328.7,31,True
45.500_-70.500,2019-11,-3.14,634.3,30,True
45.500_-70.500,2019-12,-6.25,751.7,31,True
45.500_-70.500,2020-01,-6.66,764.4,31,True
45.500_-70.500,2020-02,-7.27,732.8,29,True
45.500_-70.500,2020-03,-2.62,639.3,31,True
45.500_-70.500,2020-04,0.97,510.8,30,True
45.500_-70.500,2020-05,10.03,269.0,31,True
45.500_-70.500,2020-06,17.04,78.1,30,True
45.500_-70.500,2020-07,20.12,4.6,31,True
45.500_-70.500,2020-08,17.35,51.8,31,True
45.500_-70.500,2020-09,13.53,138.7,30,True
45.500_-70.500,2020-10,6.08,369.4,31,True
45.500_-70.500,2020-11,2.65,460.6,30,True
45.500_-70.500,2020-12,-4.06,683.9,31,True
45.500_-70.500,2021-01,-8.4,818.4,31,True
45.500_-70.500,2021-02,-8.79,750.0,28,True
45.500_-70.500,2021-03,-2.46,634.3,31,True
45.500_-70.500,2021-04,4.8,396.0,30,True
45.500_-70.500,2021-05,10.99,228.0,31,True
45.500_-70.500,2021-06,18.15,42.7,30,True
45.500_-70.500,2021-07,16.98,50.3,31,True
45.500_-70.500,2021-08,20.07,15.6,31,True
45.500_-70.500,2021-09,14.4,109.0,30,True
45.500_-70.500,2021-10,9.48,264.1,31,True
45.500_-70.500,2021-11,0.14,535.7,30,True
45.500_-70.500,2021-12,-5.23,720.2,31,True
45.500_-70.500,2022-01,-12.94,959.0,31,True
45.500_-70.500,2022-02,-8.44,740.3,28,True
45.500_-70.500,2022-03,-3.09,653.9,31,True
45.500_-70.500,2022-04,3.01,449.8,30,True
45.500_-70.500,2022-05,12.63,177.2,31,True
45.500_-70.500,2022-06,15.18,94.9,30,True
45.500_-70.500,2022-07,19.0,19.4,31,True
45.500_-70.500,2022-08,18.66,24.7,31,True
45.500_-70.500,2022-09,13.01,155.2,30,True
45.500_-70.500,2022-10,9.4,266.7,31,True
45.500_-70.500,2022-11,2.15,475.4,30,True
45.500_-70.500,2022-12,-3.72,673.4,31,True
45.500_-71.000,2016-01,-9.99,867.7,31,True
45.500_-71.000,2016-02,-8.89,779.7,29,True
45.500_-71.000,2016-03,-3.46,665.4,31,True
45.500_-71.000,2016-04,0.73,518.0,30,True
45.500_-71.000,2016-05,9.92,251.7,31,True
45.500_-71.000,2016-06,14.39,119.6,30,True
45.500_-71.000,2016-07,17.16,43.1,31,True
45.500_-71.000,2016-08,17.56,31.3,31,True
45.500_-71.000,2016-09,13.61,135.1,30,True
45.500_-71.000,2016-10,6.32,362.1,31,True
45.500_-71.000,2016-11,0.46,526.3,30,True
45.500_-71.000,2016-12,-8.44,819.7,31,True
45.500_-71.000,2017-01,-7.9,802.8,31,True
45.500_-71.000,2017-02,-7.57,716.0,28,True
45.500_-71.000,2017-03,-8.09,808.7,31,True
45.500_-71.000,2017-04,3.89,423.2,30,True
45.500_-71.000,2017-05,8.59,294.9,31,True
45.500_-71.000,2017-06,14.17,125.6,30,True
45.500_-71.000,2017-07,16.29,58.2,31,True
45.500_-71.000,2017-08,15.4,87.2,31,True
45.500_-71.000,2017-09,14.34,121.7,30,True
45.500_-71.000,2017-10,10.3,238.7,31,True
45.500_-71.000,2017-11,-1.73,591.9,30,True
45.500_-71.000,2017-12,-11.39,911.1,31,True
45.500_-71.000,2018-01,-11.75,922.4,31,True
45.500_-71.000,2018-02,-6.41,683.4,28,True
45.500_-71.000,2018-03,-4.9,709.8,31,True
45.500_-71.000,2018-04,-0.91,567.2,30,True
45.500_-71.000,2018-05,11.4,207.3,31,True
45.500_-71.000,2018-06,13.97,126.8,30,True
45.500_-71.000,2018-07,19.03,19.0,31,True
45.500_-71.000,2018-08,18.21,24.6,31,True
45.500_-71.000,2018-09,13.61,141.0,30,True
45.500_-71.000,2018-10,3.92,436.4,31,True
45.500_-71.000,2018-11,-3.93,657.8,30,True
45.500_-71.000,2018-12,-8.07,808.1,31,True
45.500_-71.000,2019-01,-12.78,954.2,31,True
45.500_-71.000,2019-02,-11.09,814.6,28,True
45.500_-71.000,2019-03,-6.08,746.4,31,True
45.500_-71.000,2019-04,0.86,514.1,30,True
45.500_-71.000,2019-05,7.15,336.4,31,True
45.500_-71.000,2019-06,13.79,129.2,30,True
45.500_-71.000,2019-07,18.72,19.4,31,True
45.500_-71.000,2019-08,16.16,61.3,31,True
45.500_-71.000,2019-09,11.87,184.8,30,True
45.500_-71.000,2019-10,6.44,358.3,31,True
45.500_-71.000,2019-11,-4.4,672.0,30,True
45.500_-71.000,2019-12,-7.17,780.3,31,True
45.500_-71.000,2020-01,-7.9,803.0,31,True
45.500_-71.000,2020-02,-8.56,770.1,29,True
45.500_-71.000,2020-03,-3.52,667.1,31,True
45.500_-71.000,2020-04,0.52,524.5,30,True
45.500_-71.000,2020-05,8.9,298.3,31,True
45.500_-71.000,2020-06,15.46,102.6,30,True
45.500_-71.000,2020-07,19.04,9.8,31,True
45.500_-71.000,2020-08,16.01,74.8,31,True
45.500_-71.000,2020-09,12.33,170.2,30,True
45.500_-71.000,2020-10,5.27,394.6,31,True
45.500_-71.000,2020-11,1.61,491.6,30,True
45.500_-71.000,2020-12,-4.78,706.2,31,True
45.500_-71.000,2021-01,-9.8,861.9,31,True
45.500_-71.000,2021-02,-10.08,786.2,28,True
45.500_-71.000,2021-03,-3.83,676.6,31,True
45.500_-71.000,2021-04,3.66,430.3,30,True
45.500_-71.000,2021-05,9.77,260.5,31,True
45.500_-71.000,2021-06,16.68,68.3,30,True
45.500_-71.000,2021-07,15.83,73.0,31,True
45.500_-71.000,2021-08,18.73,27.9,31,True
45.500_-71.000,2021-09,13.3,141.8,30,True
45.500_-71.000,2021-10,8.4,297.5,31,True
45.500_-71.000,2021-11,-1.05,571.6,30,True
45.500_-71.000,2021-12,-6.19,749.8,31,True
45.500_-71.000,2022-01,-14.39,1004.0,31,True
45.500_-71.000,2022-02,-9.51,770.2,28,True
45.500_-71.000,2022-03,-4.12,685.6,31,True
45.500_-71.000,2022-04,1.99,480.4,30,True
45.500_-71.000,2022-05,11.54,204.3,31,True
45.500_-71.000,2022-06,14.09,121.3,30,True
45.500_-71.000,2022-07,17.48,38.2,31,True
45.500_-71.000,2022-08,17.34,44.5,31,True
45.500_-71.000,2022-09,11.89,184.1,30,True
45.500_-71.000,2022-10,7.75,317.9,31,True
45.500_-71.000,2022-11,0.95,511.4,30,True
45.500_-71.000,2022-12,-4.71,704.1,31,True
45.500_-71.500,2016-01,-8.42,819.0,31,True
45.500_-71.500,2016-02,-6.87,721.1,29,True
45.500_-71.500,2016-03,-1.49,604.1,31,True
45.500_-71.500,2016-04,2.24,472.8,30,True
45.500_-71.500,2016-05,11.57,206.6,31,True
45.500_-71.500,2016-06,16.01,80.5,30,True
45.500_-71.500,2016-07,18.69,21.5,31,True
45.500_-71.500,2016-08,19.06,11.0,31,True
45.500_-71.500,2016-09,15.12,98.1,30,True
45.500_-71.500,2016-10,7.92,312.4,31,True
45.500_-71.500,2016-11,1.98,480.7,30,True
45.500_-71.500,2016-12,-6.54,760.6,31,True
45.500_-71.500,2017-01,-6.17,749.2,31,True
45.500_-71.500,2017-02,-5.8,666.3,28,True
45.500_-71.500,2017-03,-5.89,740.5,31,True
45.500_-71.500,2017-04,6.05,358.6,30,True
45.500_-71.500,2017-05,10.53,235.9,31,True
45.500_-71.500,2017-06,15.84,85.9,30,True
45.500_-71.500,2017-07,17.81,27.9,31,True
45.500_-71.500,2017-08,17.02,51.8,31,True
45.500_-71.500,2017-09,15.8,88.7,30,True
45.500_-71.500,2017-10,11.95,187.9,31,True
45.500_-71.500,2017-11,0.03,539.0,30,True
45.500_-71.500,2017-12,-9.7,858.6,31,True
45.500_-71.500,2018-01,-10.25,875.9,31,True
45.500_-71.500,2018-02,-4.79,638.0,28,True
45.500_-71.500,2018-03,-3.25,658.7,31,True
45.500_-71.500,2018-04,1.95,481.6,30,True
45.500_-71.500,2018-05,13.14,155.4,31,True
45.500_-71.500,2018-06,15.54,87.4,30,True
45.500_-71.500,2018-07,20.53,7.4,31,True
45.500_-71.500,2018-08,19.87,7.8,31,True
45.500_-71.500,2018-09,15.18,106.4,30,True
45.500_-71.500,2018-10,5.91,374.9,31,True
45.500_-71.500,2018-11,-2.03,600.8,30,True
45.500_-71.500,2018-12,-6.52,760.1,31,True
45.500_-71.500,2019-01,-11.0,898.9,31,True
45.500_-71.500,2019-02,-9.25,763.0,28,True
45.500_-71.500,2019-03,-4.32,691.9,31,True
45.500_-71.500,2019-04,2.98,450.6,30,True
45.500_-71.500,2019-05,9.21,272.5,31,True
45.500_-71.500,2019-06,15.55,83.2,30,True
45.500_-71.500,2019-07,20.33,4.7,31,True
45.500_-71.500,2019-08,17.69,31.9,31,True
45.500_-71.500,2019-09,13.47,139.8,30,True
45.500_-71.500,2019-10,8.33,299.7,31,True
45.500_-71.500,2019-11,-2.64,619.3,30,True
45.500_-71.500,2019-12,-4.72,704.3,31,True
45.500_-71.500,2020-01,-6.48,759.0,31,True
45.500_-71.500,2020-02,-6.96,723.8,29,True
45.500_-71.500,2020-03,-1.43,602.3,31,True
45.500_-71.500,2020-04,2.67,459.8,30,True
45.500_-71.500,2020-05,10.92,242.8,31,True
45.500_-71.500,2020-06,17.24,69.5,30,True
45.500_-71.500,2020-07,20.82,0.2,31,True
45.500_-71.500,2020-08,17.63,46.0,31,True
45.500_-71.500,2020-09,13.8,132.7,30,True
45.500_-71.500,2020-10,7.21,334.5,31,True
45.500_-71.500,2020-11,3.05,448.5,30,True
45.500_-71.500,2020-12,-2.63,639.5,31,True
45.500_-71.500,2021-01,-8.56,823.4,31,True
45.500_-71.500,2021-02,-8.49,741.8,28,True
45.500_-71.500,2021-03,-2.09,622.8,31,True
45.500_-71.500,2021-04,5.82,365.5,30,True
45.500_-71.500,2021-05,11.61,211.0,31,True
45.500_-71.500,2021-06,18.39,37.0,30,True
45.500_-71.500,2021-07,17.6,36.7,31,True
45.500_-71.500,2021-08,20.32,13.5,31,True
45.500_-71.500,2021-09,14.99,95.2,30,True
45.500_-71.500,2021-10,10.13,244.1,31,True
45.500_-71.500,2021-11,0.52,524.3,30,True
45.500_-71.500,2021-12,-4.13,686.0,31,True
45.500_-71.500,2022-01,-13.21,967.5,31,True
45.500_-71.500,2022-02,-7.79,722.0,28,True
45.500_-71.500,2022-03,-2.04,621.2,31,True
45.500_-71.500,2022-04,4.26,412.2,30,True
45.500_-71.500,2022-05,13.48,153.4,31,True
45.500_-71.500,2022-06,15.89,76.0,30,True
45.500_-71.500,2022-07,19.14,15.5,31,True
45.500_-71.500,2022-08,18.8,20.5,31,True
45.500_-71.500,2022-09,13.52,140.6,30,True
45.500_-71.500,2022-10,8.89,282.3,31,True
45.500_-71.500,2022-11,2.51,464.7,30,True
45.500_-71.500,2022-12,-2.66,640.5,31,True
45.500_-72.000,2016-01,-7.62,794.1,31,True
45.500_-72.000,2016-02,-6.12,699.4,29,True
45.500_-72.000,2016-03,-0.86,584.7,31,True
45.500_-72.000,2016-04,2.71,458.6,30,True
45.500_-72.000,2016-05,12.29,189.2,31,True
45.500_-72.000,2016-06,16.82,65.4,30,True
45.500_-72.000,2016-07,19.44,13.3,31,True
45.500_-72.000,2016-08,19.91,3.1,31,True
45.500_-72.000,2016-09,15.92,80.8,30,True
45.500_-72.000,2016-10,8.75,286.8,31,True
45.500_-72.000,2016-11,2.73,458.2,30,True
45.500_-72.000,2016-12,-5.59,731.4,31,True
45.500_-72.000,2017-01,-5.65,733.1,31,True
45.500_-72.000,2017-02,-5.33,653.3,28,True
45.500_-72.000,2017-03,-5.33,723.3,31,True
45.500_-72.000,2017-04,6.44,346.7,30,True
45.500_-72.000,2017-05,10.89,226.4,31,True
45.500_-72.000,2017-06,16.57,70.1,30,True
45.500_-72.000,2017-07,18.45,18.8,31,True
45.500_-72.000,2017-08,17.78,36.2,31,True
45.500_-72.000,2017-09,16.59,75.6,30,True
45.500_-72.000,2017-10,12.45,172.8,31,True
45.500_-72.000,2017-11,0.6,522.0,30,True
45.500_-72.000,2017-12,-9.23,844.2,31,True
45.500_-72.000,2018-01,-9.92,865.4,31,True
45.500_-72.000,2018-02,-4.43,628.1,28,True
45.500_-72.000,2018-03,-2.87,647.1,31,True
45.500_-72.000,2018-04,2.39,468.4,30,True
45.500_-72.000,2018-05,13.54,144.4,31,True
45.500_-72.000,2018-06,16.42,69.9,30,True
45.500_-72.000,2018-07,21.51,2.3,31,True
45.500_-72.000,2018-08,20.69,5.8,31,True
45.500_-72.000,2018-09,15.83,96.5,30,True
45.500_-72.000,2018-10,6.43,360.0,31,True
45.500_-72.000,2018-11,-1.49,584.7,30,True
45.500_-72.000,2018-12,-6.39,756.0,31,True
45.500_-72.000,2019-01,-10.77,892.0,31,True
45.500_-72.000,2019-02,-8.79,750.0,28,True
45.500_-72.000,2019-03,-3.83,676.7,31,True
45.500_-72.000,2019-04,3.57,432.9,30,True
45.500_-72.000,2019-05,9.81,254.0,31,True
45.500_-72.000,2019-06,16.11,71.3,30,True
45.500_-72.000,2019-07,21.45,1.4,31,True
45.500_-72.000,2019-08,18.49,19.6,31,True
45.500_-72.000,2019-09,14.16,120.9,30,True
45.500_-72.000,2019-10,8.8,285.3,31,True
45.500_-72.000,2019-11,-2.0,600.1,30,True
45.500_-72.000,2019-12,-4.63,701.5,31,True
45.500_-72.000,2020-01,-6.17,749.2,31,True
45.500_-72.000,2020-02,-6.64,714.6,29,True
45.500_-72.000,2020-03,-0.71,580.1,31,True
45.500_-72.000,2020-04,3.25,442.5,30,True
45.500_-72.000,2020-05,11.96,220.5,31,True
45.500_-72.000,2020-06,18.39,55.7,30,True
45.500_-72.000,2020-07,21.75,0.0,31,True
45.500_-72.000,2020-08,18.49,34.8,31,True
45.500_-72.000,2020-09,14.11,123.4,30,True
45.500_-72.000,2020-10,7.7,319.2,31,True
45.500_-72.000,2020-11,3.79,426.3,30,True
45.500_-72.000,2020-12,-2.41,632.8,31,True
45.500_-72.000,2021-01,-8.02,806.6,31,True
45.500_-72.000,2021-02,-8.12,731.3,28,True
45.500_-72.000,2021-03,-1.35,599.8,31,True
45.500_-72.000,2021-04,6.36,349.3,30,True
45.500_-72.000,2021-05,12.45,189.2,31,True
45.500_-72.000,2021-06,19.31,25.2,30,True
45.500_-72.000,2021-07,18.5,23.2,31,True
45.500_-72.000,2021-08,21.32,8.3,31,True
45.500_-72.000,2021-09,15.67,76.6,30,True
45.500_-72.000,2021-10,10.74,225.0,31,True
45.500_-72.000,2021-11,1.22,503.5,30,True
45.500_-72.000,2021-12,-3.77,674.8,31,True
45.500_-72.000,2022-01,-13.27,969.4,31,True
45.500_-72.000,2022-02,-7.54,715.2,28,True
45.500_-72.000,2022-03,-1.57,606.7,31,True
45.500_-72.000,2022-04,4.63,401.0,30,True
45.500_-72.000,2022-05,14.11,140.5,31,True
45.500_-72.000,2022-06,16.52,59.8,30,True
45.500_-72.000,2022-07,19.97,7.2,31,True
45.500_-72.000,2022-08,19.4,13.6,31,True
45.500_-72.000,2022-09,14.16,125.3,30,True
45.500_-72.000,2022-10,9.25,271.3,31,True
45.500_-72.000,2022-11,3.27,442.0,30,True
45.500_-72.000,2022-12,-2.32,629.8,31,True
45.500_-72.500,2016-01,-7.29,783.9,31,True
45.500_-72.500,2016-02,-6.05,697.4,29,True
45.500_-72.500,2016-03,-0.93,586.8,31,True
45.500_-72.500,2016-04,2.91,452.6,30,True
45.500_-72.500,2016-05,12.8,178.2,31,True
45.500_-72.500,2016-06,17.54,53.5,30,True
45.500_-72.500,2016-07,20.1,8.9,31,True
45.500_-72.500,2016-08,20.61,1.6,31,True
45.500_-72.500,2016-09,16.42,70.2,30,True
45.500_-72.500,2016-10,9.17,273.8,31,True
45.500_-72.500,2016-11,3.09,447.3,30,True
45.500_-72.500,2016-12,-5.21,719.6,31,True
45.500_-72.500,2017-01,-4.96,711.7,31,True
45.500_-72.500,2017-02,-4.74,636.6,28,True
45.500_-72.500,2017-03,-4.89,709.7,31,True
45.500_-72.500,2017-04,6.84,334.8,30,True
45.500_-72.500,2017-05,11.52,207.4,31,True
45.500_-72.500,2017-06,16.94,63.2,30,True
45.500_-72.500,2017-07,18.75,14.9,31,True
45.500_-72.500,2017-08,18.16,30.5,31,True
45.500_-72.500,2017-09,16.98,71.2,30,True
45.500_-72.500,2017-10,12.88,161.0,31,True
45.500_-72.500,2017-11,0.92,512.3,30,True
45.500_-72.500,2017-12,-9.08,839.6,31,True
45.500_-72.500,2018-01,-9.47,851.6,31,True
45.500_-72.500,2018-02,-3.87,612.3,28,True
45.500_-72.500,2018-03,-2.49,635.3,31,True
45.500_-72.500,2018-04,2.78,456.7,30,True
45.500_-72.500,2018-05,13.97,132.8,31,True
45.500_-72.500,2018-06,16.71,62.7,30,True
45.500_-72.500,2018-07,22.01,1.3,31,True
45.500_-72.500,2018-08,21.24,3.6,31,True
45.500_-72.500,2018-09,16.35,88.3,30,True
45.500_-72.500,2018-10,6.77,350.0,31,True
45.500_-72.500,2018-11,-1.29,578.7,30,True
45.500_-72.500,2018-12,-5.63,732.5,31,True
45.500_-72.500,2019-01,-10.49,883.3,31,True
45.500_-72.500,2019-02,-8.57,743.9,28,True
45.500_-72.500,2019-03,-3.4,663.3,31,True
45.500_-72.500,2019-04,4.19,414.3,30,True
45.500_-72.500,2019-05,10.43,235.0,31,True
45.500_-72.500,2019-06,16.6,62.3,30,True
45.500_-72.500,2019-07,21.76,0.7,31,True
45.500_-72.500,2019-08,18.79,15.4,31,True
45.500_-72.500,2019-09,14.6,109.2,30,True
45.500_-72.500,2019-10,9.43,265.7,31,True
45.500_-72.500,2019-11,-1.79,593.7,30,True
45.500_-72.500,2019-12,-4.14,686.4,31,True
45.500_-72.500,2020-01,-5.75,736.4,31,True
45.500_-72.500,2020-02,-6.27,703.8,29,True
45.500_-72.500,2020-03,-0.07,560.1,31,True
45.500_-72.500,2020-04,3.74,427.9,30,True
45.500_-72.500,2020-05,12.33,209.2,31,True
45.500_-72.500,2020-06,18.69,50.1,30,True
45.500_-72.500,2020-07,22.36,0.0,31,True
45.500_-72.500,2020-08,18.91,30.3,31,True
45.500_-72.500,2020-09,14.46,117.7,30,True
45.500_-72.500,2020-10,8.14,305.8,31,True
45.500_-72.500,2020-11,4.3,411.1,30,True
45.500_-72.500,2020-12,-2.1,623.0,31,True
45.500_-72.500,2021-01,-7.81,800.2,31,True
45.500_-72.500,2021-02,-7.8,722.5,28,True
45.500_-72.500,2021-03,-0.72,580.2,31,True
45.500_-72.500,2021-04,6.89,333.2,30,True
45.500_-72.500,2021-05,12.84,178.6,31,True
45.500_-72.500,2021-06,19.77,18.5,30,True
45.500_-72.500,2021-07,18.93,17.3,31,True
45.500_-72.500,2021-08,21.82,6.1,31,True
45.500_-72.500,2021-09,16.12,66.5,30,True
45.500_-72.500,2021-10,11.21,210.5,31,True
45.500_-72.500,2021-11,1.44,496.9,30,True
45.500_-72.500,2021-12,-3.54,667.7,31,True
45.500_-72.500,2022-01,-13.05,962.6,31,True
45.500_-72.500,2022-02,-7.32,709.1,28,True
45.500_-72.500,2022-03,-1.3,598.2,31,True
45.500_-72.500,2022-04,5.04,388.9,30,True
45.500_-72.500,2022-05,14.71,124.7,31,True
45.500_-72.500,2022-06,16.97,50.6,30,True
45.500_-72.500,2022-07,20.31,3.5,31,True
45.500_-72.500,2022-08,19.74,12.2,31,True
45.500_-72.500,2022-09,14.66,115.0,30,True
45.500_-72.500,2022-10,9.79,254.7,31,True
45.500_-72.500,2022-11,3.78,426.6,30,True
45.500_-72.500,2022-12,-2.09,622.8,31,True
45.500_-73.000,2016-01,-7.3,784.2,31,True
45.500_-73.000,2016-02,-5.89,692.7,29,True
45.500_-73.000,2016-03,-1.02,589.6,31,True
45.500_-73.000,2016-04,3.44,436.8,30,True
45.500_-73.000,2016-05,13.5,161.4,31,True
45.500_-73.000,2016-06,18.44,39.9,30,True
45.500_-73.000,2016-07,20.89,4.1,31,True
45.500_-73.000,2016-08,21.41,0.5,31,True
45.500_-73.000,2016-09,17.03,58.5,30,True
45.500_-73.000,2016-10,9.77,255.0,31,True
45.500_-73.000,2016-11,3.5,435.0,30,True
45.500_-73.000,2016-12,-4.81,707.1,31,True
45.500_-73.000,2017-01,-4.48,697.0,31,True
45.500_-73.000,2017-02,-4.92,641.7,28,True
45.500_-73.000,2017-03,-4.75,705.1,31,True
45.500_-73.000,2017-04,7.22,323.3,30,True
45.500_-73.000,2017-05,12.47,178.8,31,True
45.500_-73.000,2017-06,17.94,43.3,30,True
45.500_-73.000,2017-07,19.59,7.1,31,True
45.500_-73.000,2017-08,19.05,17.8,31,True
45.500_-73.000,2017-09,17.6,55.9,30,True
45.500_-73.000,2017-10,13.34,147.5,31,True
45.500_-73.000,2017-11,1.4,497.9,30,True
45.500_-73.000,2017-12,-9.25,844.6,31,True
45.500_-73.000,2018-01,-10.1,871.0,31,True
45.500_-73.000,2018-02,-4.29,624.1,28,True
45.500_-73.000,2018-03,-1.93,617.9,31,True
45.500_-73.000,2018-04,3.38,438.5,30,True
45.500_-73.000,2018-05,14.45,118.1,31,True
45.500_-73.000,2018-06,17.86,40.6,30,True
45.500_-73.000,2018-07,23.19,0.0,31,True
45.500_-73.000,2018-08,22.23,1.3,31,True
45.500_-73.000,2018-09,17.05,74.2,30,True
45.500_-73.000,2018-10,7.28,333.6,31,True
45.500_-73.000,2018-11,-0.86,565.8,30,True
45.500_-73.000,2018-12,-5.77,736.9,31,True
45.500_-73.000,2019-01,-10.67,888.8,31,True
45.500_-73.000,2019-02,-8.97,755.1,28,True
45.500_-73.000,2019-03,-3.26,659.1,31,True
45.500_-73.000,2019-04,5.01,389.6,30,True
45.500_-73.000,2019-05,11.28,209.0,31,True
45.500_-73.000,2019-06,17.45,45.4,30,True
45.500_-73.000,2019-07,22.66,0.0,31,True
45.500_-73.000,2019-08,19.77,4.7,31,True
45.500_-73.000,2019-09,15.29,91.0,30,True
45.500_-73.000,2019-10,9.89,251.3,31,True
45.500_-73.000,2019-11,-1.35,580.4,30,True
45.500_-73.000,2019-12,-3.75,674.1,31,True
45.500_-73.000,2020-01,-6.19,750.0,31,True
45.500_-73.000,2020-02,-6.94,723.2,29,True
45.500_-73.000,2020-03,0.24,550.7,31,True
45.500_-73.000,2020-04,4.46,406.1,30,True
45.500_-73.000,2020-05,13.05,185.8,31,True
45.500_-73.000,2020-06,19.83,36.4,30,True
45.500_-73.000,2020-07,23.51,0.0,31,True
45.500_-73.000,2020-08,19.81,19.6,31,True
45.500_-73.000,2020-09,14.96,105.3,30,True
45.500_-73.000,2020-10,8.79,285.6,31,True
45.500_-73.000,2020-11,4.51,404.8,30,True
45.500_-73.000,2020-12,-1.75,612.2,31,True
45.500_-73.000,2021-01,-8.09,808.9,31,True
45.500_-73.000,2021-02,-8.28,735.9,28,True
45.500_-73.000,2021-03,-0.32,567.8,31,True
45.500_-73.000,2021-04,7.68,309.6,30,True
45.500_-73.000,2021-05,13.76,151.6,31,True
45.500_-73.000,2021-06,20.9,7.4,30,True
45.500_-73.000,2021-07,19.98,5.6,31,True
45.500_-73.000,2021-08,22.84,1.5,31,True
45.500_-73.000,2021-09,17.02,47.4,30,True
45.500_-73.000,2021-10,11.63,197.5,31,True
45.500_-73.000,2021-11,2.25,472.4,30,True
45.500_-73.000,2021-12,-3.23,658.0,31,True
45.500_-73.000,2022-01,-13.86,987.8,31,True
45.500_-73.000,2022-02,-7.98,727.5,28,True
45.500_-73.000,2022-03,-1.28,597.8,31,True
45.500_-73.000,2022-04,5.74,367.7,30,True
45.500_-73.000,2022-05,15.14,111.0,31,True
45.500_-73.000,2022-06,17.98,30.1,30,True
45.500_-73.000,2022-07,21.09,1.0,31,True
45.500_-73.000,2022-08,20.46,4.9,31,True
45.500_-73.000,2022-09,15.43,95.4,30,True
45.500_-73.000,2022-10,9.95,250.3,31,True
45.500_-73.000,2022-11,4.05,418.4,30,True
45.500_-73.000,2022-12,-1.83,614.8,31,True
45.500_-73.500,2016-01,-7.21,781.6,31,True
45.500_-73.500,2016-02,-6.37,706.8,29,True
45.500_-73.500,2016-03,-1.07,591.3,31,True
45.500_-73.500,2016-04,3.79,426.2,30,True
45.500_-73.500,2016-05,13.86,152.9,31,True
45.500_-73.500,2016-06,19.0,34.4,30,True
45.500_-73.500,2016-07,21.48,2.7,31,True
45.500_-73.500,2016-08,21.97,0.1,31,True
45.500_-73.500,2016-09,17.67,47.8,30,True
45.500_-73.500,2016-10,10.1,245.0,31,True
45.500_-73.500,2016-11,3.86,424.1,30,True
45.500_-73.500,2016-12,-4.51,697.7,31,True
45.500_-73.500,2017-01,-4.76,705.7,31,True
45.500_-73.500,2017-02,-4.84,639.5,28,True
45.500_-73.500,2017-03,-4.8,706.7,31,True
45.500_-73.500,2017-04,7.37,318.9,30,True
45.500_-73.500,2017-05,12.65,172.8,31,True
45.500_-73.500,2017-06,18.3,35.8,30,True
45.500_-73.500,2017-07,20.21,3.3,31,True
45.500_-73.500,2017-08,19.65,9.6,31,True
45.500_-73.500,2017-09,18.2,46.2,30,True
45.500_-73.500,2017-10,13.47,142.7,31,True
45.500_-73.500,2017-11,1.74,487.9,30,True
45.500_-73.500,2017-12,-8.88,833.3,31,True
45.500_-73.500,2018-01,-9.97,867.2,31,True
45.500_-73.500,2018-02,-4.51,630.4,28,True
45.500_-73.500,2018-03,-1.32,599.0,31,True
45.500_-73.500,2018-04,3.26,442.3,30,True
45.500_-73.500,2018-05,14.54,115.6,31,True
45.500_-73.500,2018-06,18.43,29.3,30,True
45.500_-73.500,2018-07,23.7,0.0,31,True
45.500_-73.500,2018-08,22.5,0.1,31,True
45.500_-73.500,2018-09,17.53,67.0,30,True
45.500_-73.500,2018-10,7.57,324.9,31,True
45.500_-73.500,2018-11,-0.53,555.9,30,True
45.500_-73.500,2018-12,-5.75,736.2,31,True
45.500_-73.500,2019-01,-10.73,890.7,31,True
45.500_-73.500,2019-02,-8.8,750.5,28,True
45.500_-73.500,2019-03,-3.16,655.9,31,True
45.500_-73.500,2019-04,4.71,398.8,30,True
45.500_-73.500,2019-05,11.33,206.8,31,True
45.500_-73.500,2019-06,17.89,40.8,30,True
45.500_-73.500,2019-07,23.74,0.0,31,True
45.500_-73.500,2019-08,20.75,1.2,31,True
45.500_-73.500,2019-09,16.06,70.8,30,True
45.500_-73.500,2019-10,10.19,242.2,31,True
45.500_-73.500,2019-11,-0.73,561.9,30,True
45.500_-73.500,2019-12,-3.97,681.2,31,True
45.500_-73.500,2020-01,-6.21,750.5,31,True
45.500_-73.500,2020-02,-6.73,717.2,29,True
45.500_-73.500,2020-03,0.19,552.1,31,True
45.500_-73.500,2020-04,4.68,399.6,30,True
45.500_-73.500,2020-05,13.28,179.2,31,True
45.500_-73.500,2020-06,20.3,29.9,30,True
45.500_-73.500,2020-07,24.15,0.0,31,True
45.500_-73.500,2020-08,20.51,14.7,31,True
45.500_-73.500,2020-09,15.45,90.3,30,True
45.500_-73.500,2020-10,9.14,274.6,31,True
45.500_-73.500,2020-11,4.69,399.3,30,True
45.500_-73.500,2020-12,-1.8,613.8,31,True
45.500_-73.500,2021-01,-7.64,794.7,31,True
45.500_-73.500,2021-02,-7.98,727.5,28,True
45.500_-73.500,2021-03,-0.73,580.5,31,True
45.500_-73.500,2021-04,7.93,302.2,30,True
45.500_-73.500,2021-05,14.19,143.7,31,True
45.500_-73.500,2021-06,21.4,4.5,30,True
45.500_-73.500,2021-07,20.82,2.2,31,True
45.500_-73.500,2021-08,23.64,1.3,31,True
45.500_-73.500,2021-09,17.54,35.1,30,True
45.500_-73.500,2021-10,11.98,186.6,31,True
45.500_-73.500,2021-11,2.8,455.9,30,True
45.500_-73.500,2021-12,-3.12,654.8,31,True
45.500_-73.500,2022-01,-13.59,979.2,31,True
45.500_-73.500,2022-02,-7.92,725.9,28,True
45.500_-73.500,2022-03,-1.41,601.6,31,True
45.500_-73.500,2022-04,5.72,368.4,30,True
45.500_-73.500,2022-05,15.48,103.0,31,True
45.500_-73.500,2022-06,18.46,21.9,30,True
45.500_-73.500,2022-07,21.74,0.3,31,True
45.500_-73.500,2022-08,20.99,2.2,31,True
45.500_-73.500,2022-09,15.89,87.7,30,True
45.500_-73.500,2022-10,10.24,240.9,31,True
45.500_-73.500,2022-11,4.38,408.7,30,True
45.500_-73.500,2022-12,-1.72,611.3,31,True
45.500_-74.000,2016-01,-6.89,771.7,31,True
45.500_-74.000,2016-02,-6.81,719.5,29,True
45.500_-74.000,2016-03,-0.96,587.8,31,True
45.500_-74.000,2016-04,3.63,431.0,30,True
45.500_-74.000,2016-05,13.57,158.8,31,True
45.500_-74.000,2016-06,18.69,38.7,30,True
45.500_-74.000,2016-07,21.24,3.7,31,True
45.500_-74.000,2016-08,21.9,0.5,31,True
45.500_-74.000,2016-09,17.65,47.1,30,True
45.500_-74.000,2016-10,9.97,249.0,31,True
45.500_-74.000,2016-11,3.86,424.2,30,True
45.500_-74.000,2016-12,-4.32,691.8,31,True
45.500_-74.000,2017-01,-5.51,728.9,31,True
45.500_-74.000,2017-02,-5.02,644.5,28,True
45.500_-74.000,2017-03,-5.23,720.1,31,True
45.500_-74.000,2017-04,7.07,328.0,30,True
45.500_-74.000,2017-05,12.17,187.3,31,True
45.500_-74.000,2017-06,17.94,42.1,30,True
45.500_-74.000,2017-07,19.9,3.8,31,True
45.500_-74.000,2017-08,19.22,11.9,31,True
45.500_-74.000,2017-09,17.91,51.0,30,True
45.500_-74.000,2017-10,13.08,155.0,31,True
45.500_-74.000,2017-11,1.75,487.5,30,True
45.500_-74.000,2017-12,-8.71,827.9,31,True
45.500_-74.000,2018-01,-9.51,852.9,31,True
45.500_-74.000,2018-02,-4.61,633.0,28,True
45.500_-74.000,2018-03,-1.23,596.1,31,True
45.500_-74.000,2018-04,2.91,452.7,30,True
45.500_-74.000,2018-05,14.22,125.7,31,True
45.500_-74.000,2018-06,18.02,35.6,30,True
45.500_-74.000,2018-07,23.35,0.0,31,True
45.500_-74.000,2018-08,22.26,0.4,31,True
45.500_-74.000,2018-09,17.41,69.7,30,True
45.500_-74.000,2018-10,7.24,334.7,31,True
45.500_-74.000,2018-11,-0.62,558.7,30,True
45.500_-74.000,2018-12,-5.31,722.5,31,True
45.500_-74.000,2019-01,-10.83,893.6,31,True
45.500_-74.000,2019-02,-8.64,745.9,28,True
45.500_-74.000,2019-03,-3.2,657.3,31,True
45.500_-74.000,2019-04,4.56,403.2,30,True
45.500_-74.000,2019-05,10.82,222.5,31,True
45.500_-74.000,2019-06,17.5,49.5,30,True
45.500_-74.000,2019-07,23.17,0.0,31,True
45.500_-74.000,2019-08,20.2,3.3,31,True
45.500_-74.000,2019-09,15.85,75.0,30,True
45.500_-74.000,2019-10,9.93,250.3,31,True
45.500_-74.000,2019-11,-0.78,563.3,30,True
45.500_-74.000,2019-12,-4.27,690.5,31,True
45.500_-74.000,2020-01,-6.18,749.5,31,True
45.500_-74.000,2020-02,-6.37,706.8,29,True
45.500_-74.000,2020-03,0.13,554.1,31,True
45.500_-74.000,2020-04,4.29,411.3,30,True
45.500_-74.000,2020-05,12.51,197.3,31,True
45.500_-74.000,2020-06,19.26,38.2,30,True
45.500_-74.000,2020-07,23.5,0.0,31,True
45.500_-74.000,2020-08,20.12,16.6,31,True
45.500_-74.000,2020-09,15.23,95.5,30,True
45.500_-74.000,2020-10,8.96,280.1,31,True
45.500_-74.000,2020-11,4.55,403.4,30,True
45.500_-74.000,2020-12,-2.35,630.9,31,True
45.500_-74.000,2021-01,-7.43,788.4,31,True
45.500_-74.000,2021-02,-7.76,721.4,28,True
45.500_-74.000,2021-03,-0.87,585.1,31,True
45.500_-74.000,2021-04,7.6,312.1,30,True
45.500_-74.000,2021-05,13.67,154.8,31,True
45.500_-74.000,2021-06,20.88,8.2,30,True
45.500_-74.000,2021-07,20.35,5.0,31,True
45.500_-74.000,2021-08,22.78,2.3,31,True
45.500_-74.000,2021-09,17.18,40.7,30,True
45.500_-74.000,2021-10,11.68,195.8,31,True
45.500_-74.000,2021-11,2.52,464.4,30,True
45.500_-74.000,2021-12,-3.21,657.5,31,True
45.500_-74.000,2022-01,-13.44,974.7,31,True
45.500_-74.000,2022-02,-7.88,724.7,28,True
45.500_-74.000,2022-03,-1.39,601.0,31,True
45.500_-74.000,2022-04,5.39,378.4,30,True
45.500_-74.000,2022-05,14.98,112.6,31,True
45.500_-74.000,2022-06,18.15,26.4,30,True
45.500_-74.000,2022-07,21.31,0.9,31,True
45.500_-74.000,2022-08,20.84,3.6,31,True
45.500_-74.000,2022-09,15.65,93.6,30,True
45.500_-74.000,2022-10,10.21,241.4,31,True
45.500_-74.000,2022-11,4.39,408.4,30,True
45.500_-74.000,2022-12,-1.8,613.9,31,True
45.500_-74.500,2016-01,-7.61,793.8,31,True
45.500_-74.500,2016-02,-7.6,742.5,29,True
45.500_-74.500,2016-03,-1.07,591.2,31,True
45.500_-74.500,2016-04,3.56,433.1,30,True
45.500_-74.500,2016-05,13.72,156.9,31,True
45.500_-74.500,2016-06,18.51,42.7,30,True
45.500_-74.500,2016-07,21.0,4.7,31,True
45.500_-74.500,2016-08,21.82,1.0,31,True
45.500_-74.500,2016-09,17.35,50.4,30,True
45.500_-74.500,2016-10,9.66,258.5,31,True
45.500_-74.500,2016-11,3.33,440.0,30,True
45.500_-74.500,2016-12,-4.87,709.0,31,True
45.500_-74.500,2017-01,-5.83,738.6,31,True
45.500_-74.500,2017-02,-5.1,646.7,28,True
45.500_-74.500,2017-03,-5.34,723.5,31,True
45.500_-74.500,2017-04,7.11,326.6,30,True
45.500_-74.500,2017-05,12.02,192.4,31,True
45.500_-74.500,2017-06,17.53,50.6,30,True
45.500_-74.500,2017-07,19.49,5.5,31,True
45.500_-74.500,2017-08,18.78,16.7,31,True
45.500_-74.500,2017-09,17.51,57.8,30,True
45.500_-74.500,2017-10,12.7,166.8,31,True
45.500_-74.500,2017-11,1.41,497.7,30,True
45.500_-74.500,2017-12,-8.8,830.7,31,True
45.500_-74.500,2018-01,-9.39,849.1,31,True
45.500_-74.500,2018-02,-4.81,638.6,28,True
45.500_-74.500,2018-03,-1.56,606.5,31,True
45.500_-74.500,2018-04,2.84,454.9,30,True
45.500_-74.500,2018-05,14.23,125.5,31,True
45.500_-74.500,2018-06,17.59,41.6,30,True
45.500_-74.500,2018-07,22.95,0.0,31,True
45.500_-74.500,2018-08,21.74,0.8,31,True
45.500_-74.500,2018-09,17.19,73.5,30,True
45.500_-74.500,2018-10,7.13,338.2,31,True
45.500_-74.500,2018-11,-0.86,565.7,30,True
45.500_-74.500,2018-12,-4.88,709.2,31,True
45.500_-74.500,2019-01,-11.08,901.5,31,True
45.500_-74.500,2019-02,-8.76,749.3,28,True
45.500_-74.500,2019-03,-3.7,672.6,31,True
45.500_-74.500,2019-04,4.55,403.4,30,True
45.500_-74.500,2019-05,10.7,226.4,31,True
45.500_-74.500,2019-06,16.93,57.1,30,True
45.500_-74.500,2019-07,22.6,0.0,31,True
45.500_-74.500,2019-08,19.77,4.6,31,True
45.500_-74.500,2019-09,15.67,79.1,30,True
45.500_-74.500,2019-10,9.77,255.2,31,True
45.500_-74.500,2019-11,-1.1,572.9,30,True
45.500_-74.500,2019-12,-4.1,685.1,31,True
45.500_-74.500,2020-01,-6.12,747.7,31,True
45.500_-74.500,2020-02,-6.63,714.3,29,True
45.500_-74.500,2020-03,-0.1,561.1,31,True
45.500_-74.500,2020-04,4.32,410.5,30,True
45.500_-74.500,2020-05,12.47,200.6,31,True
45.500_-74.500,2020-06,19.12,40.6,30,True
45.500_-74.500,2020-07,23.18,0.0,31,True
45.500_-74.500,2020-08,19.71,19.7,31,True
45.500_-74.500,2020-09,14.98,101.6,30,True
45.500_-74.500,2020-10,8.56,292.5,31,True
45.500_-74.500,2020-11,4.24,412.8,30,True
45.500_-74.500,2020-12,-2.45,634.1,31,True
45.500_-74.500,2021-01,-7.27,783.3,31,True
45.500_-74.500,2021-02,-7.99,727.7,28,True
45.500_-74.500,2021-03,-0.9,585.9,31,True
45.500_-74.500,2021-04,7.57,312.9,30,True
45.500_-74.500,2021-05,13.48,161.1,31,True
45.500_-74.500,2021-06,20.57,11.3,30,True
45.500_-74.500,2021-07,19.91,8.5,31,True
45.500_-74.500,2021-08,22.38,2.6,31,True
45.500_-74.500,2021-09,16.69,49.8,30,True
45.500_-74.500,2021-10,11.56,199.7,31,True
45.500_-74.500,2021-11,1.94,481.8,30,True
45.500_-74.500,2021-12,-3.33,661.1,31,True
45.500_-74.500,2022-01,-13.77,984.8,31,True
45.500_-74.500,2022-02,-8.08,730.3,28,True
45.500_-74.500,2022-03,-1.76,612.5,31,True
45.500_-74.500,2022-04,5.35,379.6,30,True
45.500_-74.500,2022-05,14.86,116.1,31,True
45.500_-74.500,2022-06,17.66,35.6,30,True
45.500_-74.500,2022-07,20.82,1.1,31,True
45.500_-74.500,2022-08,20.53,4.2,31,True
45.500_-74.500,2022-09,15.29,99.3,30,True
45.500_-74.500,2022-10,9.83,253.4,31,True
45.500_-74.500,2022-11,4.09,417.5,30,True
45.500_-74.500,2022-12,-1.89,616.6,31,True
45.500_-75.000,2016-01,-7.77,798.8,31,True
45.500_-75.000,2016-02,-7.87,750.3,29,True
45.500_-75.000,2016-03,-1.28,597.6,31,True
45.500_-75.000,2016-04,3.47,436.0,30,True
45.500_-75.000,2016-05,13.92,153.7,31,True
45.500_-75.000,2016-06,18.64,42.7,30,True
45.500_-75.000,2016-07,21.16,4.2,31,True
45.500_-75.000,2016-08,21.98,1.0,31,True
45.500_-75.000,2016-09,17.22,51.9,30,True
45.500_-75.000,2016-10,9.57,261.3,31,True
45.500_-75.000,2016-11,3.25,442.4,30,True
45.500_-75.000,2016-12,-4.96,711.8,31,True
45.500_-75.000,2017-01,-5.75,736.1,31,True
45.500_-75.000,2017-02,-4.95,642.7,28,True
45.500_-75.000,2017-03,-5.26,721.0,31,True
45.500_-75.000,2017-04,7.15,325.6,30,True
45.500_-75.000,2017-05,12.08,190.5,31,True
45.500_-75.000,2017-06,17.63,49.3,30,True
45.500_-75.000,2017-07,19.48,6.0,31,True
45.500_-75.000,2017-08,18.62,19.8,31,True
45.500_-75.000,2017-09,17.46,60.5,30,True
45.500_-75.000,2017-10,12.55,171.3,31,True
45.500_-75.000,2017-11,1.15,505.6,30,True
45.500_-75.000,2017-12,-9.11,840.3,31,True
45.500_-75.000,2018-01,-9.4,849.3,31,True
45.500_-75.000,2018-02,-4.82,639.1,28,True
45.500_-75.000,2018-03,-1.64,608.8,31,True
45.500_-75.000,2018-04,2.74,457.7,30,True
45.500_-75.000,2018-05,14.52,119.5,31,True
45.500_-75.000,2018-06,17.72,40.0,30,True
45.500_-75.000,2018-07,22.94,0.0,31,True
45.500_-75.000,2018-08,21.5,1.9,31,True
45.500_-75.000,2018-09,16.96,77.4,30,True
45.500_-75.000,2018-10,7.15,337.8,31,True
45.500_-75.000,2018-11,-0.97,569.2,30,True
45.500_-75.000,2018-12,-5.25,720.8,31,True
45.500_-75.000,2019-01,-11.3,908.3,31,True
45.500_-75.000,2019-02,-8.72,748.2,28,True
45.500_-75.000,2019-03,-3.66,671.5,31,True
45.500_-75.000,2019-04,4.47,406.0,30,True
45.500_-75.000,2019-05,10.84,222.0,31,True
45.500_-75.000,2019-06,17.01,57.8,30,True
45.500_-75.000,2019-07,22.75,0.0,31,True
45.500_-75.000,2019-08,19.79,4.8,31,True
45.500_-75.000,2019-09,15.53,83.4,30,True
45.500_-75.000,2019-10,9.6,260.5,31,True
45.500_-75.000,2019-11,-1.32,579.6,30,True
45.500_-75.000,2019-12,-4.29,691.0,31,True
45.500_-75.000,2020-01,-6.2,750.2,31,True
45.500_-75.000,2020-02,-6.77,718.4,29,True
45.500_-75.000,2020-03,0.02,557.3,31,True
45.500_-75.000,2020-04,4.44,406.7,30,True
45.500_-75.000,2020-05,12.67,199.4,31,True
45.500_-75.000,2020-06,19.47,36.4,30,True
45.500_-75.000,2020-07,23.49,0.0,31,True
45.500_-75.000,2020-08,19.59,20.1,31,True
45.500_-75.000,2020-09,14.8,107.0,30,True
45.500_-75.000,2020-10,8.2,303.7,31,True
45.500_-75.000,2020-11,4.04,418.7,30,True
45.500_-75.000,2020-12,-2.63,639.5,31,True
45.500_-75.000,2021-01,-7.32,784.9,31,True
45.500_-75.000,2021-02,-7.96,727.0,28,True
45.500_-75.000,2021-03,-0.75,581.1,31,True
45.500_-75.000,2021-04,8.0,300.1,30,True
45.500_-75.000,2021-05,13.55,160.4,31,True
45.500_-75.000,2021-06,20.64,10.4,30,True
45.500_-75.000,2021-07,19.75,10.7,31,True
45.500_-75.000,2021-08,22.26,2.6,31,True
45.500_-75.000,2021-09,16.52,52.7,30,True
45.500_-75.000,2021-10,11.67,196.3,31,True
45.500_-75.000,2021-11,1.68,489.7,30,True
45.500_-75.000,2021-12,-3.42,664.1,31,True
45.500_-75.000,2022-01,-13.81,986.0,31,True
45.500_-75.000,2022-02,-8.04,729.1,28,True
45.500_-75.000,2022-03,-1.94,618.2,31,True
45.500_-75.000,2022-04,5.47,375.9,30,True
45.500_-75.000,2022-05,15.06,113.2,31,True
45.500_-75.000,2022-06,17.67,35.6,30,True
45.500_-75.000,2022-07,20.8,1.1,31,True
45.500_-75.000,2022-08,20.49,3.1,31,True
45.500_-75.000,2022-09,15.28,97.6,30,True
45.500_-75.000,2022-10,9.45,265.6,31,True
45.500_-75.000,2022-11,3.68,429.9,30,True
45.500_-75.000,2022-12,-2.06,621.9,31,True
45.500_-75.500,2016-01,-7.25,782.6,31,True
45.500_-75.500,2016-02,-7.78,747.7,29,True
45.500_-75.500,2016-03,-1.49,604.1,31,True
45.500_-75.500,2016-04,3.46,436.1,30,True
45.500_-75.500,2016-05,14.12,150.2,31,True
45.500_-75.500,2016-06,18.83,41.7,30,True
45.500_-75.500,2016-07,21.51,2.9,31,True
45.500_-75.500,2016-08,22.3,0.9,31,True
45.500_-75.500,2016-09,17.52,46.9,30,True
45.500_-75.500,2016-10,9.77,255.0,31,True
45.500_-75.500,2016-11,3.62,431.3,30,True
45.500_-75.500,2016-12,-4.41,694.8,31,True
45.500_-75.500,2017-01,-5.45,727.0,31,True
45.500_-75.500,2017-02,-4.98,643.4,28,True
45.500_-75.500,2017-03,-5.33,723.3,31,True
45.500_-75.500,2017-04,6.4,348.0,30,True
45.500_-75.500,2017-05,11.74,200.3,31,True
45.500_-75.500,2017-06,17.38,52.6,30,True
45.500_-75.500,2017-07,19.49,4.9,31,True
45.500_-75.500,2017-08,18.79,16.8,31,True
45.500_-75.500,2017-09,17.6,59.5,30,True
45.500_-75.500,2017-10,12.48,173.2,31,True
45.500_-75.500,2017-11,1.3,500.9,30,True
45.500_-75.500,2017-12,-8.21,812.4,31,True
45.500_-75.500,2018-01,-9.66,857.5,31,True
45.500_-75.500,2018-02,-5.06,645.8,28,True
45.500_-75.500,2018-03,-2.04,621.3,31,True
45.500_-75.500,2018-04,2.36,469.1,30,True
45.500_-75.500,2018-05,14.23,126.6,31,True
45.500_-75.500,2018-06,17.47,43.9,30,True
45.500_-75.500,2018-07,22.62,0.0,31,True
45.500_-75.500,2018-08,21.5,1.7,31,True
45.500_-75.500,2018-09,17.03,76.1,30,True
45.500_-75.500,2018-10,7.38,331.0,31,True
45.500_-75.500,2018-11,-0.22,546.6,30,True
45.500_-75.500,2018-12,-5.12,716.6,31,True
45.500_-75.500,2019-01,-11.28,907.7,31,True
45.500_-75.500,2019-02,-8.67,746.8,28,True
45.500_-75.500,2019-03,-3.83,676.6,31,True
45.500_-75.500,2019-04,4.04,418.8,30,True
45.500_-75.500,2019-05,10.62,228.9,31,True
45.500_-75.500,2019-06,16.62,63.0,30,True
45.500_-75.500,2019-07,22.56,0.0,31,True
45.500_-75.500,2019-08,19.85,4.4,31,True
45.500_-75.500,2019-09,15.68,78.5,30,True
45.500_-75.500,2019-10,9.67,258.3,31,True
45.500_-75.500,2019-11,-0.68,560.4,30,True
45.500_-75.500,2019-12,-4.14,686.3,31,True
45.500_-75.500,2020-01,-6.09,746.7,31,True
45.500_-75.500,2020-02,-6.55,711.9,29,True
45.500_-75.500,2020-03,-0.52,574.2,31,True
45.500_-75.500,2020-04,4.22,413.5,30,True
45.500_-75.500,2020-05,12.25,207.5,31,True
45.500_-75.500,2020-06,19.09,38.2,30,True
45.500_-75.500,2020-07,23.36,0.0,31,True
45.500_-75.500,2020-08,19.72,18.3,31,True
45.500_-75.500,2020-09,14.95,101.5,30,True
45.500_-75.500,2020-10,8.25,302.2,31,True
45.500_-75.500,2020-11,4.26,412.3,30,True
45.500_-75.500,2020-12,-2.39,632.0,31,True
45.500_-75.500,2021-01,-6.71,766.1,31,True
45.500_-75.500,2021-02,-7.8,722.3,28,True
45.500_-75.500,2021-03,-1.13,593.0,31,True
45.500_-75.500,2021-04,7.79,306.4,30,True
45.500_-75.500,2021-05,13.31,165.7,31,True
45.500_-75.500,2021-06,20.15,12.9,30,True
45.500_-75.500,2021-07,19.77,10.5,31,True
45.500_-75.500,2021-08,22.42,2.0,31,True
45.500_-75.500,2021-09,16.59,49.2,30,True
45.500_-75.500,2021-10,11.99,186.4,31,True
45.500_-75.500,2021-11,2.22,473.4,30,True
45.500_-75.500,2021-12,-2.79,644.4,31,True
45.500_-75.500,2022-01,-13.19,967.0,31,True
45.500_-75.500,2022-02,-8.19,733.3,28,True
45.500_-75.500,2022-03,-2.05,621.6,31,True
45.500_-75.500,2022-04,5.31,380.6,30,True
45.500_-75.500,2022-05,14.86,117.1,31,True
45.500_-75.500,2022-06,17.39,41.8,30,True
45.500_-75.500,2022-07,20.73,1.2,31,True
45.500_-75.500,2022-08,20.68,2.0,31,True
45.500_-75.500,2022-09,15.53,91.5,30,True
45.500_-75.500,2022-10,9.68,257.8,31,True
45.500_-75.500,2022-11,4.0,419.9,30,True
45.500_-75.500,2022-12,-1.51,604.9,31,True
45.500_-76.000,2016-01,-6.88,771.2,31,True
45.500_-76.000,2016-02,-7.71,745.7,29,True
45.500_-76.000,2016-03,-1.67,609.7,31,True
45.500_-76.000,2016-04,3.2,444.1,30,True
45.500_-76.000,2016-05,13.79,156.1,31,True
45.500_-76.000,2016-06,18.58,42.7,30,True
45.500_-76.000,2016-07,21.49,2.5,31,True
45.500_-76.000,2016-08,22.28,1.1,31,True
45.500_-76.000,2016-09,17.54,47.2,30,True
45.500_-76.000,2016-10,9.79,254.6,31,True
45.500_-76.000,2016-11,3.85,424.6,30,True
45.500_-76.000,2016-12,-3.95,680.6,31,True
45.500_-76.000,2017-01,-5.55,730.2,31,True
45.500_-76.000,2017-02,-5.16,648.5,28,True
45.500_-76.000,2017-03,-5.64,732.7,31,True
45.500_-76.000,2017-04,6.12,356.4,30,True
45.500_-76.000,2017-05,11.11,218.8,31,True
45.500_-76.000,2017-06,16.93,59.9,30,True
45.500_-76.000,2017-07,19.14,7.0,31,True
45.500_-76.000,2017-08,18.45,19.9,31,True
45.500_-76.000,2017-09,17.3,65.1,30,True
45.500_-76.000,2017-10,12.15,182.0,31,True
45.500_-76.000,2017-11,1.02,509.4,30,True
45.500_-76.000,2017-12,-8.66,826.6,31,True
45.500_-76.000,2018-01,-9.83,862.8,31,True
45.500_-76.000,2018-02,-5.43,656.0,28,True
45.500_-76.000,2018-03,-2.67,640.9,31,True
45.500_-76.000,2018-04,1.58,492.5,30,True
45.500_-76.000,2018-05,13.71,139.6,31,True
45.500_-76.000,2018-06,16.98,55.1,30,True
45.500_-76.000,2018-07,22.2,0.3,31,True
45.500_-76.000,2018-08,21.21,2.7,31,True
45.500_-76.000,2018-09,16.78,80.3,30,True
45.500_-76.000,2018-10,7.18,337.5,31,True
45.500_-76.000,2018-11,-0.42,552.5,30,True
45.500_-76.000,2018-12,-5.21,719.5,31,True
45.500_-76.000,2019-01,-11.68,920.1,31,True
45.500_-76.000,2019-02,-8.99,755.7,28,True
45.500_-76.000,2019-03,-4.15,686.7,31,True
45.500_-76.000,2019-04,3.54,433.9,30,True
45.500_-76.000,2019-05,10.12,244.4,31,True
45.500_-76.000,2019-06,16.2,70.2,30,True
45.500_-76.000,2019-07,22.09,0.0,31,True
45.500_-76.000,2019-08,19.52,7.1,31,True
45.500_-76.000,2019-09,15.54,81.6,30,True
45.500_-76.000,2019-10,9.44,265.3,31,True
45.500_-76.000,2019-11,-0.92,567.6,30,True
45.500_-76.000,2019-12,-4.49,697.1,31,True
45.500_-76.000,2020-01,-6.4,756.5,31,True
45.500_-76.000,2020-02,-6.68,715.7,29,True
45.500_-76.000,2020-03,-0.79,582.4,31,True
45.500_-76.000,2020-04,3.74,427.8,30,True
45.500_-76.000,2020-05,11.65,220.0,31,True
45.500_-76.000,2020-06,18.52,44.5,30,True
45.500_-76.000,2020-07,22.95,0.0,31,True
45.500_-76.000,2020-08,19.4,20.5,31,True
45.500_-76.000,2020-09,14.7,106.2,30,True
45.500_-76.000,2020-10,7.93,312.3,31,True
45.500_-76.000,2020-11,3.93,422.0,30,True
45.500_-76.000,2020-12,-2.68,641.0,31,True
45.500_-76.000,2021-01,-6.86,770.7,31,True
45.500_-76.000,2021-02,-8.14,731.8,28,True
45.500_-76.000,2021-03,-1.16,594.1,31,True
45.500_-76.000,2021-04,7.25,322.5,30,True
45.500_-76.000,2021-05,12.55,184.8,31,True
45.500_-76.000,2021-06,19.47,17.4,30,True
45.500_-76.000,2021-07,19.24,15.3,31,True
45.500_-76.000,2021-08,22.12,2.3,31,True
45.500_-76.000,2021-09,16.25,57.1,30,True
45.500_-76.000,2021-10,12.05,184.3,31,True
45.500_-76.000,2021-11,2.04,478.7,30,True
45.500_-76.000,2021-12,-2.77,644.0,31,True
45.500_-76.000,2022-01,-13.27,969.5,31,True
45.500_-76.000,2022-02,-8.57,743.9,28,True
45.500_-76.000,2022-03,-2.18,625.7,31,True
45.500_-76.000,2022-04,4.84,394.8,30,True
45.500_-76.000,2022-05,14.35,129.7,31,True
45.500_-76.000,2022-06,17.09,49.4,30,True
45.500_-76.000,2022-07,20.45,2.2,31,True
45.500_-76.000,2022-08,20.47,2.8,31,True
45.500_-76.000,2022-09,15.36,96.2,30,True
45.500_-76.000,2022-10,9.44,265.4,31,True
45.500_-76.000,2022-11,3.74,427.7,30,True
45.500_-76.000,2022-12,-1.79,613.5,31,True
45.500_-76.500,2016-01,-7.67,795.7,31,True
45.500_-76.500,2016-02,-7.84,749.4,29,True
45.500_-76.500,2016-03,-1.8,613.9,31,True
45.500_-76.500,2016-04,2.65,460.6,30,True
45.500_-76.500,2016-05,13.5,162.0,31,True
45.500_-76.500,2016-06,18.54,43.7,30,True
45.500_-76.500,2016-07,21.51,2.5,31,True
45.500_-76.500,2016-08,22.21,1.4,31,True
45.500_-76.500,2016-09,17.4,50.6,30,True
45.500_-76.500,2016-10,9.64,259.2,31,True
45.500_-76.500,2016-11,3.63,431.0,30,True
45.500_-76.500,2016-12,-4.64,701.9,31,True
45.500_-76.500,2017-01,-5.41,725.6,31,True
45.500_-76.500,2017-02,-4.99,643.7,28,True
45.500_-76.500,2017-03,-5.6,731.6,31,True
45.500_-76.500,2017-04,5.92,362.3,30,True
45.500_-76.500,2017-05,11.21,216.2,31,True
45.500_-76.500,2017-06,17.38,52.3,30,True
45.500_-76.500,2017-07,19.7,3.8,31,True
45.500_-76.500,2017-08,18.73,17.8,31,True
45.500_-76.500,2017-09,17.44,63.1,30,True
45.500_-76.500,2017-10,12.48,172.9,31,True
45.500_-76.500,2017-11,1.06,508.3,30,True
45.500_-76.500,2017-12,-9.17,842.2,31,True
45.500_-76.500,2018-01,-9.47,851.6,31,True
45.500_-76.500,2018-02,-5.23,650.5,28,True
45.500_-76.500,2018-03,-2.71,642.0,31,True
45.500_-76.500,2018-04,1.75,487.5,30,True
45.500_-76.500,2018-05,14.1,130.5,31,True
45.500_-76.500,2018-06,17.72,40.8,30,True
45.500_-76.500,2018-07,22.88,0.0,31,True
45.500_-76.500,2018-08,21.64,2.2,31,True
45.500_-76.500,2018-09,16.98,77.9,30,True
45.500_-76.500,2018-10,7.41,331.1,31,True
45.500_-76.500,2018-11,-0.78,563.4,30,True
45.500_-76.500,2018-12,-5.52,729.0,31,True
45.500_-76.500,2019-01,-11.64,918.9,31,True
45.500_-76.500,2019-02,-8.77,749.6,28,True
45.500_-76.500,2019-03,-4.04,683.3,31,True
45.500_-76.500,2019-04,3.38,438.6,30,True
45.500_-76.500,2019-05,10.32,238.2,31,True
45.500_-76.500,2019-06,16.7,60.7,30,True
45.500_-76.500,2019-07,22.74,0.0,31,True
45.500_-76.500,2019-08,19.99,4.4,31,True
45.500_-76.500,2019-09,15.88,73.4,30,True
45.500_-76.500,2019-10,9.48,264.2,31,True
45.500_-76.500,2019-11,-1.0,570.1,30,True
45.500_-76.500,2019-12,-4.64,701.9,31,True
45.500_-76.500,2020-01,-6.33,754.2,31,True
45.500_-76.500,2020-02,-6.47,709.6,29,True
45.500_-76.500,2020-03,-0.69,579.4,31,True
45.500_-76.500,2020-04,3.84,424.9,30,True
45.500_-76.500,2020-05,11.74,217.6,31,True
45.500_-76.500,2020-06,19.08,38.2,30,True
45.500_-76.500,2020-07,23.67,0.0,31,True
45.500_-76.500,2020-08,19.68,18.6,31,True
45.500_-76.500,2020-09,14.9,101.7,30,True
45.500_-76.500,2020-10,8.07,307.8,31,True
45.500_-76.500,2020-11,4.25,412.6,30,True
45.500_-76.500,2020-12,-2.84,646.1,31,True
45.500_-76.500,2021-01,-6.78,768.1,31,True
45.500_-76.500,2021-02,-8.04,729.2,28,True
45.500_-76.500,2021-03,-0.9,586.0,31,True
45.500_-76.500,2021-04,7.29,321.2,30,True
45.500_-76.500,2021-05,12.97,176.5,31,True
45.500_-76.500,2021-06,20.41,10.3,30,True
45.500_-76.500,2021-07,19.77,11.8,31,True
45.500_-76.500,2021-08,22.49,2.2,31,True
45.500_-76.500,2021-09,16.39,53.9,30,True
45.500_-76.500,2021-10,12.18,180.6,31,True
45.500_-76.500,2021-11,2.24,472.9,30,True
45.500_-76.500,2021-12,-2.77,644.0,31,True
45.500_-76.500,2022-01,-13.03,962.0,31,True
45.500_-76.500,2022-02,-8.42,739.8,28,True
45.500_-76.500,2022-03,-1.85,615.3,31,True
45.500_-76.500,2022-04,4.99,390.4,30,True
45.500_-76.500,2022-05,14.7,122.4,31,True
45.500_-76.500,2022-06,17.91,35.4,30,True
45.500_-76.500,2022-07,21.22,1.1,31,True
45.500_-76.500,2022-08,20.76,2.1,31,True
45.500_-76.500,2022-09,15.59,91.5,30,True
45.500_-76.500,2022-10,9.34,268.5,31,True
45.500_-76.500,2022-11,3.83,425.1,30,True
45.500_-76.500,2022-12,-2.26,628.2,31,True
46.000_-70.500,2016-01,-9.06,839.0,31,True
46.000_-70.500,2016-02,-8.11,757.1,29,True
46.000_-70.500,2016-03,-3.08,653.5,31,True
46.000_-70.500,2016-04,1.94,481.9,30,True
46.000_-70.500,2016-05,11.39,206.8,31,True
46.000_-70.500,2016-06,16.03,83.1,30,True
46.000_-70.500,2016-07,18.57,26.2,31,True
46.000_-70.500,2016-08,18.95,10.5,31,True
46.000_-70.500,2016-09,14.85,105.1,30,True
46.000_-70.500,2016-10,7.78,316.9,31,True
46.000_-70.500,2016-11,1.93,482.2,30,True
46.000_-70.500,2016-12,-7.78,799.3,31,True
46.000_-70.500,2017-01,-7.15,779.8,31,True
46.000_-70.500,2017-02,-6.93,698.0,28,True
46.000_-70.500,2017-03,-7.23,782.2,31,True
46.000_-70.500,2017-04,4.69,399.3,30,True
46.000_-70.500,2017-05,9.9,255.2,31,True
46.000_-70.500,2017-06,15.53,92.6,30,True
46.000_-70.500,2017-07,17.33,36.5,31,True
46.000_-70.500,2017-08,16.57,60.3,31,True
46.000_-70.500,2017-09,15.49,96.3,30,True
46.000_-70.500,2017-10,11.14,212.6,31,True
46.000_-70.500,2017-11,-0.83,565.0,30,True
46.000_-70.500,2017-12,-10.51,883.9,31,True
46.000_-70.500,2018-01,-10.94,897.2,31,True
46.000_-70.500,2018-02,-5.28,651.7,28,True
46.000_-70.500,2018-03,-3.66,671.6,31,True
46.000_-70.500,2018-04,0.47,525.9,30,True
46.000_-70.500,2018-05,12.35,180.0,31,True
46.000_-70.500,2018-06,14.86,106.3,30,True
46.000_-70.500,2018-07,20.36,9.0,31,True
46.000_-70.500,2018-08,19.38,14.2,31,True
46.000_-70.500,2018-09,14.43,124.0,30,True
46.000_-70.500,2018-10,4.62,414.8,31,True
46.000_-70.500,2018-11,-2.93,627.8,30,True
46.000_-70.500,2018-12,-7.32,784.8,31,True
46.000_-70.500,2019-01,-11.84,925.0,31,True
46.000_-70.500,2019-02,-10.2,789.6,28,True
46.000_-70.500,2019-03,-4.93,710.7,31,True
46.000_-70.500,2019-04,2.0,479.9,30,True
46.000_-70.500,2019-05,8.29,301.1,31,True
46.000_-70.500,2019-06,14.87,98.7,30,True
46.000_-70.500,2019-07,19.8,11.1,31,True
46.000_-70.500,2019-08,17.36,38.4,31,True
46.000_-70.500,2019-09,12.69,162.6,30,True
46.000_-70.500,2019-10,7.43,327.8,31,True
46.000_-70.500,2019-11,-3.25,637.4,30,True
46.000_-70.500,2019-12,-5.93,741.9,31,True
46.000_-70.500,2020-01,-7.31,784.5,31,True
46.000_-70.500,2020-02,-7.58,741.7,29,True
46.000_-70.500,2020-03,-2.68,641.2,31,True
46.000_-70.500,2020-04,1.65,490.5,30,True
46.000_-70.500,2020-05,10.0,270.1,31,True
46.000_-70.500,2020-06,16.89,76.4,30,True
46.000_-70.500,2020-07,20.21,2.2,31,True
46.000_-70.500,2020-08,17.15,55.8,31,True
46.000_-70.500,2020-09,13.33,144.7,30,True
46.000_-70.500,2020-10,6.23,364.8,31,True
46.000_-70.500,2020-11,2.44,466.8,30,True
46.000_-70.500,2020-12,-4.0,681.9,31,True
46.000_-70.500,2021-01,-8.82,831.3,31,True
46.000_-70.500,2021-02,-8.91,753.4,28,True
46.000_-70.500,2021-03,-2.82,645.5,31,True
46.000_-70.500,2021-04,4.9,392.9,30,True
46.000_-70.500,2021-05,10.69,237.1,31,True
46.000_-70.500,2021-06,17.72,46.6,30,True
46.000_-70.500,2021-07,16.94,52.5,31,True
46.000_-70.500,2021-08,19.93,16.5,31,True
46.000_-70.500,2021-09,14.4,110.5,30,True
46.000_-70.500,2021-10,9.37,267.5,31,True
46.000_-70.500,2021-11,-0.23,546.9,30,True
46.000_-70.500,2021-12,-5.65,733.2,31,True
46.000_-70.500,2022-01,-13.45,974.9,31,True
46.000_-70.500,2022-02,-8.66,746.6,28,True
46.000_-70.500,2022-03,-3.31,660.6,31,True
46.000_-70.500,2022-04,3.11,446.6,30,True
46.000_-70.500,2022-05,12.75,172.6,31,True
46.000_-70.500,2022-06,15.22,92.6,30,True
46.000_-70.500,2022-07,18.85,21.2,31,True
46.000_-70.500,2022-08,18.33,28.7,31,True
46.000_-70.500,2022-09,12.92,157.2,30,True
46.000_-70.500,2022-10,8.91,281.8,31,True
46.000_-70.500,2022-11,1.61,491.6,30,True
46.000_-70.500,2022-12,-3.59,669.3,31,True
46.000_-71.000,2016-01,-8.9,833.8,31,True
46.000_-71.000,2016-02,-8.12,757.6,29,True
46.000_-71.000,2016-03,-2.83,645.7,31,True
46.000_-71.000,2016-04,1.72,488.4,30,True
46.000_-71.000,2016-05,11.29,210.7,31,True
46.000_-71.000,2016-06,15.98,82.5,30,True
46.000_-71.000,2016-07,18.47,25.8,31,True
46.000_-71.000,2016-08,18.84,11.5,31,True
46.000_-71.000,2016-09,14.82,105.5,30,True
46.000_-71.000,2016-10,7.73,318.5,31,True
46.000_-71.000,2016-11,1.87,483.9,30,True
46.000_-71.000,2016-12,-7.42,788.0,31,True
46.000_-71.000,2017-01,-7.14,779.3,31,True
46.000_-71.000,2017-02,-6.94,698.3,28,True
46.000_-71.000,2017-03,-6.92,772.4,31,True
46.000_-71.000,2017-04,5.06,388.2,30,True
46.000_-71.000,2017-05,10.14,247.7,31,True
46.000_-71.000,2017-06,15.79,85.8,30,True
46.000_-71.000,2017-07,17.58,30.8,31,True
46.000_-71.000,2017-08,16.81,53.3,31,True
46.000_-71.000,2017-09,15.63,91.7,30,True
46.000_-71.000,2017-10,11.3,207.7,31,True
46.000_-71.000,2017-11,-0.65,559.4,30,True
46.000_-71.000,2017-12,-10.53,884.5,31,True
46.000_-71.000,2018-01,-11.22,905.7,31,True
46.000_-71.000,2018-02,-5.58,660.1,28,True
46.000_-71.000,2018-03,-3.48,665.8,31,True
46.000_-71.000,2018-04,0.53,524.0,30,True
46.000_-71.000,2018-05,12.55,173.8,31,True
46.000_-71.000,2018-06,15.31,93.5,30,True
46.000_-71.000,2018-07,20.63,6.0,31,True
46.000_-71.000,2018-08,19.6,11.2,31,True
46.000_-71.000,2018-09,14.62,119.8,30,True
46.000_-71.000,2018-10,4.84,407.9,31,True
46.000_-71.000,2018-11,-2.82,624.6,30,True
46.000_-71.000,2018-12,-7.19,781.0,31,True
46.000_-71.000,2019-01,-11.84,925.0,31,True
46.000_-71.000,2019-02,-10.09,786.5,28,True
46.000_-71.000,2019-03,-4.82,707.3,31,True
46.000_-71.000,2019-04,2.16,475.3,30,True
46.000_-71.000,2019-05,8.69,288.7,31,True
46.000_-71.000,2019-06,15.18,91.0,30,True
46.000_-71.000,2019-07,20.06,6.3,31,True
46.000_-71.000,2019-08,17.46,36.3,31,True
46.000_-71.000,2019-09,12.98,153.4,30,True
46.000_-71.000,2019-10,7.61,322.1,31,True
46.000_-71.000,2019-11,-3.25,637.4,30,True
46.000_-71.000,2019-12,-5.78,737.2,31,True
46.000_-71.000,2020-01,-7.37,786.6,31,True
46.000_-71.000,2020-02,-7.7,745.3,29,True
46.000_-71.000,2020-03,-2.38,631.7,31,True
46.000_-71.000,2020-04,1.93,482.2,30,True
46.000_-71.000,2020-05,10.25,261.7,31,True
46.000_-71.000,2020-06,17.03,71.6,30,True
46.000_-71.000,2020-07,20.55,0.5,31,True
46.000_-71.000,2020-08,17.38,49.7,31,True
46.000_-71.000,2020-09,13.52,139.8,30,True
46.000_-71.000,2020-10,6.59,353.8,31,True
46.000_-71.000,2020-11,2.58,462.6,30,True
46.000_-71.000,2020-12,-3.74,674.0,31,True
46.000_-71.000,2021-01,-8.76,829.6,31,True
46.000_-71.000,2021-02,-9.08,758.3,28,True
46.000_-71.000,2021-03,-2.75,643.1,31,True
46.000_-71.000,2021-04,5.22,383.4,30,True
46.000_-71.000,2021-05,11.04,225.8,31,True
46.000_-71.000,2021-06,17.89,43.2,30,True
46.000_-71.000,2021-07,17.41,44.5,31,True
46.000_-71.000,2021-08,20.31,12.5,31,True
46.000_-71.000,2021-09,14.78,100.2,30,True
46.000_-71.000,2021-10,9.51,263.3,31,True
46.000_-71.000,2021-11,0.09,537.4,30,True
46.000_-71.000,2021-12,-5.61,731.8,31,True
46.000_-71.000,2022-01,-13.82,986.5,31,True
46.000_-71.000,2022-02,-8.78,749.7,28,True
46.000_-71.000,2022-03,-3.15,655.8,31,True
46.000_-71.000,2022-04,3.6,431.9,30,True
46.000_-71.000,2022-05,12.76,171.8,31,True
46.000_-71.000,2022-06,15.51,84.8,30,True
46.000_-71.000,2022-07,19.03,16.8,31,True
46.000_-71.000,2022-08,18.38,27.1,31,True
46.000_-71.000,2022-09,13.13,151.7,30,True
46.000_-71.000,2022-10,8.82,284.5,31,True
46.000_-71.000,2022-11,1.57,492.8,30,True
46.000_-71.000,2022-12,-3.39,663.1,31,True
46.000_-71.500,2016-01,-8.52,822.2,31,True
46.000_-71.500,2016-02,-7.97,753.2,29,True
46.000_-71.500,2016-03,-2.52,636.0,31,True
46.000_-71.500,2016-04,1.9,482.9,30,True
46.000_-71.500,2016-05,11.7,201.2,31,True
46.000_-71.500,2016-06,16.39,73.4,30,True
46.000_-71.500,2016-07,18.88,20.1,31,True
46.000_-71.500,2016-08,19.28,8.0,31,True
46.000_-71.500,2016-09,15.25,95.8,30,True
46.000_-71.500,2016-10,8.05,308.4,31,True
46.000_-71.500,2016-11,2.11,476.6,30,True
46.000_-71.500,2016-12,-6.98,774.5,31,True
46.000_-71.500,2017-01,-7.2,781.2,31,True
46.000_-71.500,2017-02,-6.94,698.3,28,True
46.000_-71.500,2017-03,-6.96,773.7,31,True
46.000_-71.500,2017-04,5.05,388.4,30,True
46.000_-71.500,2017-05,10.21,245.7,31,True
46.000_-71.500,2017-06,15.71,87.6,30,True
46.000_-71.500,2017-07,17.57,30.4,31,True
46.000_-71.500,2017-08,16.66,56.5,31,True
46.000_-71.500,2017-09,15.73,90.1,30,True
46.000_-71.500,2017-10,11.13,212.9,31,True
46.000_-71.500,2017-11,-0.9,567.1,30,True
46.000_-71.500,2017-12,-10.86,894.6,31,True
46.000_-71.500,2018-01,-11.34,909.5,31,True
46.000_-71.500,2018-02,-5.65,662.2,28,True
46.000_-71.500,2018-03,-3.55,668.0,31,True
46.000_-71.500,2018-04,0.27,532.0,30,True
46.000_-71.500,2018-05,12.45,176.5,31,True
46.000_-71.500,2018-06,15.36,93.0,30,True
46.000_-71.500,2018-07,20.52,6.5,31,True
46.000_-71.500,2018-08,19.56,11.8,31,True
46.000_-71.500,2018-09,14.51,122.2,30,True
46.000_-71.500,2018-10,4.8,409.3,31,True
46.000_-71.500,2018-11,-3.05,631.4,30,True
46.000_-71.500,2018-12,-7.59,793.3,31,True
46.000_-71.500,2019-01,-12.16,935.0,31,True
46.000_-71.500,2019-02,-10.28,791.8,28,True
46.000_-71.500,2019-03,-4.98,712.5,31,True
46.000_-71.500,2019-04,2.08,477.7,30,True
46.000_-71.500,2019-05,8.77,286.2,31,True
46.000_-71.500,2019-06,15.13,93.4,30,True
46.000_-71.500,2019-07,20.07,6.3,31,True
46.000_-71.500,2019-08,17.41,34.5,31,True
46.000_-71.500,2019-09,13.0,152.9,30,True
46.000_-71.500,2019-10,7.53,324.6,31,True
46.000_-71.500,2019-11,-3.5,644.9,30,True
46.000_-71.500,2019-12,-6.15,748.5,31,True
46.000_-71.500,2020-01,-7.57,792.6,31,True
46.000_-71.500,2020-02,-7.97,753.1,29,True
46.000_-71.500,2020-03,-2.51,635.8,31,True
46.000_-71.500,2020-04,1.89,483.4,30,True
46.000_-71.500,2020-05,10.31,259.9,31,True
46.000_-71.500,2020-06,17.05,71.2,30,True
46.000_-71.500,2020-07,20.6,0.1,31,True
46.000_-71.500,2020-08,17.2,53.0,31,True
46.000_-71.500,2020-09,13.16,147.7,30,True
46.000_-71.500,2020-10,6.44,358.4,31,True
46.000_-71.500,2020-11,2.46,466.2,30,True
46.000_-71.500,2020-12,-4.03,682.8,31,True
46.000_-71.500,2021-01,-8.87,833.0,31,True
46.000_-71.500,2021-02,-9.22,762.2,28,True
46.000_-71.500,2021-03,-2.87,647.0,31,True
46.000_-71.500,2021-04,5.18,384.6,30,True
46.000_-71.500,2021-05,11.14,223.3,31,True
46.000_-71.500,2021-06,17.9,42.8,30,True
46.000_-71.500,2021-07,17.39,43.6,31,True
46.000_-71.500,2021-08,20.26,13.4,31,True
46.000_-71.500,2021-09,14.61,104.2,30,True
46.000_-71.500,2021-10,9.49,263.8,31,True
46.000_-71.500,2021-11,-0.13,544.0,30,True
46.000_-71.500,2021-12,-5.93,741.7,31,True
46.000_-71.500,2022-01,-14.38,1003.8,31,True
46.000_-71.500,2022-02,-8.93,754.0,28,True
46.000_-71.500,2022-03,-3.24,658.3,31,True
46.000_-71.500,2022-04,3.29,441.2,30,True
46.000_-71.500,2022-05,12.84,169.4,31,True
46.000_-71.500,2022-06,15.45,85.8,30,True
46.000_-71.500,2022-07,18.8,18.5,31,True
46.000_-71.500,2022-08,18.27,29.0,31,True
46.000_-71.500,2022-09,13.05,153.5,30,True
46.000_-71.500,2022-10,8.49,294.7,31,True
46.000_-71.500,2022-11,1.5,495.1,30,True
46.000_-71.500,2022-12,-3.55,668.0,31,True
46.000_-72.000,2016-01,-7.3,784.2,31,True
46.000_-72.000,2016-02,-7.0,725.1,29,True
46.000_-72.000,2016-03,-1.45,603.1,31,True
46.000_-72.000,2016-04,2.9,452.9,30,True
46.000_-72.000,2016-05,12.75,175.1,31,True
46.000_-72.000,2016-06,17.46,53.5,30,True
46.000_-72.000,2016-07,19.9,10.0,31,True
46.000_-72.000,2016-08,20.22,1.4,31,True
46.000_-72.000,2016-09,16.1,77.4,30,True
46.000_-72.000,2016-10,9.0,278.9,31,True
46.000_-72.000,2016-11,2.98,450.6,30,True
46.000_-72.000,2016-12,-5.71,734.9,31,True
46.000_-72.000,2017-01,-6.05,745.5,31,True
46.000_-72.000,2017-02,-5.56,659.7,28,True
46.000_-72.000,2017-03,-5.42,725.9,31,True
46.000_-72.000,2017-04,6.49,345.2,30,True
46.000_-72.000,2017-05,11.52,206.6,31,True
46.000_-72.000,2017-06,16.88,62.8,30,True
46.000_-72.000,2017-07,18.56,15.6,31,True
46.000_-72.000,2017-08,17.81,36.4,31,True
46.000_-72.000,2017-09,16.77,71.6,30,True
46.000_-72.000,2017-10,12.41,174.7,31,True
46.000_-72.000,2017-11,0.46,526.2,30,True
46.000_-72.000,2017-12,-9.83,862.7,31,True
46.000_-72.000,2018-01,-10.37,879.4,31,True
46.000_-72.000,2018-02,-4.66,634.5,28,True
46.000_-72.000,2018-03,-2.39,632.1,31,True
46.000_-72.000,2018-04,2.3,471.0,30,True
46.000_-72.000,2018-05,13.64,143.8,31,True
46.000_-72.000,2018-06,16.4,69.1,30,True
46.000_-72.000,2018-07,21.73,1.8,31,True
46.000_-72.000,2018-08,20.81,5.5,31,True
46.000_-72.000,2018-09,15.72,98.2,30,True
46.000_-72.000,2018-10,6.26,364.5,31,True
46.000_-72.000,2018-11,-1.69,590.6,30,True
46.000_-72.000,2018-12,-6.21,750.4,31,True
46.000_-72.000,2019-01,-11.05,900.5,31,True
46.000_-72.000,2019-02,-9.06,757.6,28,True
46.000_-72.000,2019-03,-3.67,671.7,31,True
46.000_-72.000,2019-04,3.79,426.4,30,True
46.000_-72.000,2019-05,10.31,238.5,31,True
46.000_-72.000,2019-06,16.25,67.6,30,True
46.000_-72.000,2019-07,21.18,2.4,31,True
46.000_-72.000,2019-08,18.44,18.2,31,True
46.000_-72.000,2019-09,14.1,122.6,30,True
46.000_-72.000,2019-10,9.02,278.5,31,True
46.000_-72.000,2019-11,-2.19,605.6,30,True
46.000_-72.000,2019-12,-4.59,700.4,31,True
46.000_-72.000,2020-01,-6.62,763.3,31,True
46.000_-72.000,2020-02,-6.93,723.1,29,True
46.000_-72.000,2020-03,-0.77,582.0,31,True
46.000_-72.000,2020-04,3.44,436.9,30,True
46.000_-72.000,2020-05,11.92,220.5,31,True
46.000_-72.000,2020-06,18.45,52.0,30,True
46.000_-72.000,2020-07,21.81,0.0,31,True
46.000_-72.000,2020-08,18.43,35.7,31,True
46.000_-72.000,2020-09,14.02,127.9,30,True
46.000_-72.000,2020-10,7.67,320.3,31,True
46.000_-72.000,2020-11,3.63,431.2,30,True
46.000_-72.000,2020-12,-2.39,632.0,31,True
46.000_-72.000,2021-01,-7.95,804.3,31,True
46.000_-72.000,2021-02,-8.3,736.4,28,True
46.000_-72.000,2021-03,-1.35,599.7,31,True
46.000_-72.000,2021-04,6.91,332.6,30,True
46.000_-72.000,2021-05,12.53,186.1,31,True
46.000_-72.000,2021-06,19.17,25.0,30,True
46.000_-72.000,2021-07,18.59,23.1,31,True
46.000_-72.000,2021-08,21.55,6.2,31,True
46.000_-72.000,2021-09,15.82,73.6,30,True
46.000_-72.000,2021-10,10.89,220.4,31,True
46.000_-72.000,2021-11,1.17,504.9,30,True
46.000_-72.000,2021-12,-4.24,689.4,31,True
46.000_-72.000,2022-01,-13.72,983.3,31,True
46.000_-72.000,2022-02,-7.9,725.2,28,True
46.000_-72.000,2022-03,-1.95,618.4,31,True
46.000_-72.000,2022-04,4.95,391.6,30,True
46.000_-72.000,2022-05,14.36,132.2,31,True
46.000_-72.000,2022-06,16.75,55.6,30,True
46.000_-72.000,2022-07,19.85,7.5,31,True
46.000_-72.000,2022-08,19.29,15.6,31,True
46.000_-72.000,2022-09,14.29,123.0,30,True
46.000_-72.000,2022-10,9.5,263.5,31,True
46.000_-72.000,2022-11,2.86,454.1,30,True
46.000_-72.000,2022-12,-2.27,628.3,31,True
46.000_-72.500,2016-01,-7.08,777.4,31,True
46.000_-72.500,2016-02,-7.13,728.8,29,True
46.000_-72.500,2016-03,-1.88,616.2,31,True
46.000_-72.500,2016-04,3.03,449.2,30,True
46.000_-72.500,2016-05,13.26,162.7,31,True
46.000_-72.500,2016-06,18.07,41.9,30,True
46.000_-72.500,2016-07,20.51,5.8,31,True
46.000_-72.500,2016-08,20.91,0.2,31,True
46.000_-72.500,2016-09,16.7,64.4,30,True
46.000_-72.500,2016-10,9.36,267.7,31,True
46.000_-72.500,2016-11,3.23,443.1,30,True
46.000_-72.500,2016-12,-5.49,728.3,31,True
46.000_-72.500,2017-01,-6.02,744.6,31,True
46.000_-72.500,2017-02,-5.55,659.4,28,True
46.000_-72.500,2017-03,-5.45,726.9,31,True
46.000_-72.500,2017-04,6.84,334.7,30,True
46.000_-72.500,2017-05,12.28,184.6,31,True
46.000_-72.500,2017-06,17.76,46.4,30,True
46.000_-72.500,2017-07,19.45,7.8,31,True
46.000_-72.500,2017-08,18.72,21.2,31,True
46.000_-72.500,2017-09,17.45,59.5,30,True
46.000_-72.500,2017-10,13.01,157.6,31,True
46.000_-72.500,2017-11,0.95,511.4,30,True
46.000_-72.500,2017-12,-9.87,863.9,31,True
46.000_-72.500,2018-01,-10.53,884.5,31,True
46.000_-72.500,2018-02,-4.74,636.7,28,True
46.000_-72.500,2018-03,-2.08,622.6,31,True
46.000_-72.500,2018-04,3.06,448.3,30,True
46.000_-72.500,2018-05,14.27,126.3,31,True
46.000_-72.500,2018-06,17.4,50.5,30,True
46.000_-72.500,2018-07,22.73,0.0,31,True
46.000_-72.500,2018-08,21.78,3.1,31,True
46.000_-72.500,2018-09,16.46,85.6,30,True
46.000_-72.500,2018-10,6.7,351.2,31,True
46.000_-72.500,2018-11,-1.52,585.7,30,True
46.000_-72.500,2018-12,-6.64,763.8,31,True
46.000_-72.500,2019-01,-11.22,905.7,31,True
46.000_-72.500,2019-02,-9.14,760.0,28,True
46.000_-72.500,2019-03,-3.49,666.2,31,True
46.000_-72.500,2019-04,4.28,411.7,30,True
46.000_-72.500,2019-05,10.98,217.6,31,True
46.000_-72.500,2019-06,17.12,52.4,30,True
46.000_-72.500,2019-07,22.35,0.5,31,True
46.000_-72.500,2019-08,19.43,8.1,31,True
46.000_-72.500,2019-09,14.93,100.4,30,True
46.000_-72.500,2019-10,9.45,264.9,31,True
46.000_-72.500,2019-11,-1.98,599.3,30,True
46.000_-72.500,2019-12,-4.82,707.4,31,True
46.000_-72.500,2020-01,-6.91,772.2,31,True
46.000_-72.500,2020-02,-7.01,725.2,29,True
46.000_-72.500,2020-03,-0.38,569.9,31,True
46.000_-72.500,2020-04,3.95,421.5,30,True
46.000_-72.500,2020-05,12.69,200.1,31,True
46.000_-72.500,2020-06,19.29,40.8,30,True
46.000_-72.500,2020-07,22.76,0.0,31,True
46.000_-72.500,2020-08,19.35,25.0,31,True
46.000_-72.500,2020-09,14.61,114.7,30,True
46.000_-72.500,2020-10,8.3,300.6,31,True
46.000_-72.500,2020-11,4.07,418.0,30,True
46.000_-72.500,2020-12,-2.33,630.2,31,True
46.000_-72.500,2021-01,-7.83,800.8,31,True
46.000_-72.500,2021-02,-8.31,736.8,28,True
46.000_-72.500,2021-03,-0.76,581.6,31,True
46.000_-72.500,2021-04,7.46,316.2,30,True
46.000_-72.500,2021-05,13.43,161.2,31,True
46.000_-72.500,2021-06,20.16,14.0,30,True
46.000_-72.500,2021-07,19.54,12.4,31,True
46.000_-72.500,2021-08,22.39,3.6,31,True
46.000_-72.500,2021-09,16.66,55.1,30,True
46.000_-72.500,2021-10,11.32,207.1,31,True
46.000_-72.500,2021-11,1.6,492.1,30,True
46.000_-72.500,2021-12,-4.31,691.7,31,True
46.000_-72.500,2022-01,-14.12,995.7,31,True
46.000_-72.500,2022-02,-8.12,731.4,28,True
46.000_-72.500,2022-03,-1.74,612.0,31,True
46.000_-72.500,2022-04,5.41,377.7,30,True
46.000_-72.500,2022-05,15.03,117.9,31,True
46.000_-72.500,2022-06,17.67,37.5,30,True
46.000_-72.500,2022-07,20.9,1.8,31,True
46.000_-72.500,2022-08,20.15,8.1,31,True
46.000_-72.500,2022-09,15.07,105.6,30,True
46.000_-72.500,2022-10,9.85,252.9,31,True
46.000_-72.500,2022-11,3.3,441.4,30,True
46.000_-72.500,2022-12,-2.16,624.9,31,True
46.000_-73.000,2016-01,-7.33,785.2,31,True
46.000_-73.000,2016-02,-7.63,743.3,29,True
46.000_-73.000,2016-03,-2.36,631.2,31,True
46.000_-73.000,2016-04,3.07,447.8,30,True
46.000_-73.000,2016-05,13.62,155.4,31,True
46.000_-73.000,2016-06,18.57,36.2,30,True
46.000_-73.000,2016-07,20.96,4.5,31,True
46.000_-73.000,2016-08,21.44,0.0,31,True
46.000_-73.000,2016-09,16.98,58.7,30,True
46.000_-73.000,2016-10,9.41,266.3,31,True
46.000_-73.000,2016-11,3.23,443.0,30,True
46.000_-73.000,2016-12,-5.59,731.3,31,True
46.000_-73.000,2017-01,-6.5,759.4,31,True
46.000_-73.000,2017-02,-6.0,672.1,28,True
46.000_-73.000,2017-03,-5.57,730.8,31,True
46.000_-73.000,2017-04,6.59,342.4,30,True
46.000_-73.000,2017-05,12.73,170.4,31,True
46.000_-73.000,2017-06,18.3,36.9,30,True
46.000_-73.000,2017-07,20.09,2.4,31,True
46.000_-73.000,2017-08,19.28,12.8,31,True
46.000_-73.000,2017-09,17.97,50.5,30,True
46.000_-73.000,2017-10,13.08,154.8,31,True
46.000_-73.000,2017-11,1.0,510.0,30,True
46.000_-73.000,2017-12,-9.97,867.2,31,True
46.000_-73.000,2018-01,-11.01,899.4,31,True
46.000_-73.000,2018-02,-5.49,657.8,28,True
46.000_-73.000,2018-03,-1.86,615.7,31,True
46.000_-73.000,2018-04,2.8,455.9,30,True
46.000_-73.000,2018-05,14.4,122.5,31,True
46.000_-73.000,2018-06,18.31,33.0,30,True
46.000_-73.000,2018-07,23.65,0.0,31,True
46.000_-73.000,2018-08,22.35,1.1,31,True
46.000_-73.000,2018-09,16.93,75.0,30,True
46.000_-73.000,2018-10,6.76,348.4,31,True
46.000_-73.000,2018-11,-1.68,590.5,30,True
46.000_-73.000,2018-12,-7.94,804.1,31,True
46.000_-73.000,2019-01,-11.64,918.9,31,True
46.000_-73.000,2019-02,-9.39,766.9,28,True
46.000_-73.000,2019-03,-3.75,674.2,31,True
46.000_-73.000,2019-04,4.23,413.0,30,True
46.000_-73.000,2019-05,11.27,208.7,31,True
46.000_-73.000,2019-06,17.62,42.8,30,True
46.000_-73.000,2019-07,23.1,0.0,31,True
46.000_-73.000,2019-08,20.13,1.2,31,True
46.000_-73.000,2019-09,15.5,84.7,30,True
46.000_-73.000,2019-10,9.56,261.7,31,True
46.000_-73.000,2019-11,-1.86,595.7,30,True
46.000_-73.000,2019-12,-5.04,714.1,31,True
46.000_-73.000,2020-01,-7.28,783.8,31,True
46.000_-73.000,2020-02,-7.38,735.9,29,True
46.000_-73.000,2020-03,-0.89,585.5,31,True
46.000_-73.000,2020-04,4.07,418.0,30,True
46.000_-73.000,2020-05,13.12,188.6,31,True
46.000_-73.000,2020-06,19.92,33.8,30,True
46.000_-73.000,2020-07,23.6,0.0,31,True
46.000_-73.000,2020-08,19.96,19.5,31,True
46.000_-73.000,2020-09,14.99,101.9,30,True
46.000_-73.000,2020-10,8.47,295.5,31,True
46.000_-73.000,2020-11,3.8,425.9,30,True
46.000_-73.000,2020-12,-2.51,635.8,31,True
46.000_-73.000,2021-01,-8.02,806.7,31,True
46.000_-73.000,2021-02,-8.52,742.7,28,True
46.000_-73.000,2021-03,-0.91,586.2,31,True
46.000_-73.000,2021-04,7.53,314.1,30,True
46.000_-73.000,2021-05,13.91,147.7,31,True
46.000_-73.000,2021-06,20.71,7.9,30,True
46.000_-73.000,2021-07,20.3,5.6,31,True
46.000_-73.000,2021-08,22.99,2.3,31,True
46.000_-73.000,2021-09,17.18,41.8,30,True
46.000_-73.000,2021-10,11.42,204.1,31,True
46.000_-73.000,2021-11,1.94,481.8,30,True
46.000_-73.000,2021-12,-4.7,703.7,31,True
46.000_-73.000,2022-01,-14.8,1016.7,31,True
46.000_-73.000,2022-02,-8.8,750.5,28,True
46.000_-73.000,2022-03,-2.16,624.9,31,True
46.000_-73.000,2022-04,5.27,381.8,30,True
46.000_-73.000,2022-05,15.18,109.8,31,True
46.000_-73.000,2022-06,18.11,28.7,30,True
46.000_-73.000,2022-07,21.48,0.4,31,True
46.000_-73.000,2022-08,20.7,4.5,31,True
46.000_-73.000,2022-09,15.47,95.5,30,True
46.000_-73.000,2022-10,9.83,253.4,31,True
46.000_-73.000,2022-11,3.31,440.8,30,True
46.000_-73.000,2022-12,-2.31,629.7,31,True
46.000_-73.500,2016-01,-8.03,807.0,31,True
46.000_-73.500,2016-02,-8.09,756.5,29,True
46.000_-73.500,2016-03,-2.69,641.3,31,True
46.000_-73.500,2016-04,2.63,461.2,30,True
46.000_-73.500,2016-05,13.43,159.7,31,True
46.000_-73.500,2016-06,18.24,41.3,30,True
46.000_-73.500,2016-07,20.67,6.4,31,True
46.000_-73.500,2016-08,21.15,0.7,31,True
46.000_-73.500,2016-09,16.67,63.9,30,True
46.000_-73.500,2016-10,8.96,280.1,31,True
46.000_-73.500,2016-11,2.78,456.5,30,True
46.000_-73.500,2016-12,-6.2,750.2,31,True
46.000_-73.500,2017-01,-7.1,778.0,31,True
46.000_-73.500,2017-02,-6.09,674.4,28,True
46.000_-73.500,2017-03,-5.56,730.4,31,True
46.000_-73.500,2017-04,6.34,349.7,30,True
46.000_-73.500,2017-05,12.33,182.8,31,True
46.000_-73.500,2017-06,17.95,42.5,30,True
46.000_-73.500,2017-07,19.75,4.5,31,True
46.000_-73.500,2017-08,18.81,18.9,31,True
46.000_-73.500,2017-09,17.65,55.0,30,True
46.000_-73.500,2017-10,12.45,173.7,31,True
46.000_-73.500,2017-11,0.4,527.9,30,True
46.000_-73.500,2017-12,-9.98,867.5,31,True
46.000_-73.500,2018-01,-11.53,915.3,31,True
46.000_-73.500,2018-02,-6.21,678.0,28,True
46.000_-73.500,2018-03,-1.72,611.4,31,True
46.000_-73.500,2018-04,2.46,466.3,30,True
46.000_-73.500,2018-05,14.19,129.4,31,True
46.000_-73.500,2018-06,17.92,39.4,30,True
46.000_-73.500,2018-07,23.17,0.0,31,True
46.000_-73.500,2018-08,21.7,2.4,31,True
46.000_-73.500,2018-09,16.57,83.0,30,True
46.000_-73.500,2018-10,6.37,360.5,31,True
46.000_-73.500,2018-11,-2.08,602.5,30,True
46.000_-73.500,2018-12,-8.08,808.4,31,True
46.000_-73.500,2019-01,-12.05,931.4,31,True
46.000_-73.500,2019-02,-9.66,774.5,28,True
46.000_-73.500,2019-03,-3.95,680.3,31,True
46.000_-73.500,2019-04,3.66,430.3,30,True
46.000_-73.500,2019-05,10.75,224.6,31,True
46.000_-73.500,2019-06,17.2,51.3,30,True
46.000_-73.500,2019-07,22.77,0.0,31,True
46.000_-73.500,2019-08,19.84,3.2,31,True
46.000_-73.500,2019-09,15.22,92.5,30,True
46.000_-73.500,2019-10,9.15,274.3,31,True
46.000_-73.500,2019-11,-1.91,597.2,30,True
46.000_-73.500,2019-12,-5.18,718.5,31,True
46.000_-73.500,2020-01,-7.33,785.1,31,True
46.000_-73.500,2020-02,-7.49,739.2,29,True
46.000_-73.500,2020-03,-1.26,597.0,31,True
46.000_-73.500,2020-04,3.72,428.4,30,True
46.000_-73.500,2020-05,12.72,197.2,31,True
46.000_-73.500,2020-06,19.37,39.6,30,True
46.000_-73.500,2020-07,23.41,0.0,31,True
46.000_-73.500,2020-08,19.62,21.4,31,True
46.000_-73.500,2020-09,14.42,115.3,30,True
46.000_-73.500,2020-10,7.82,315.7,31,True
46.000_-73.500,2020-11,2.98,450.5,30,True
46.000_-73.500,2020-12,-3.09,653.9,31,True
46.000_-73.500,2021-01,-8.27,814.3,31,True
46.000_-73.500,2021-02,-8.52,742.6,28,True
46.000_-73.500,2021-03,-1.35,599.7,31,True
46.000_-73.500,2021-04,7.58,312.5,30,True
46.000_-73.500,2021-05,13.66,153.9,31,True
46.000_-73.500,2021-06,20.44,10.4,30,True
46.000_-73.500,2021-07,19.96,9.0,31,True
46.000_-73.500,2021-08,22.42,4.0,31,True
46.000_-73.500,2021-09,16.7,50.9,30,True
46.000_-73.500,2021-10,11.13,212.9,31,True
46.000_-73.500,2021-11,1.31,500.7,30,True
46.000_-73.500,2021-12,-5.04,714.1,31,True
46.000_-73.500,2022-01,-14.85,1018.4,31,True
46.000_-73.500,2022-02,-9.24,762.7,28,True
46.000_-73.500,2022-03,-2.48,634.9,31,True
46.000_-73.500,2022-04,5.02,389.5,30,True
46.000_-73.500,2022-05,15.01,114.4,31,True
46.000_-73.500,2022-06,17.94,31.1,30,True
46.000_-73.500,2022-07,21.01,2.2,31,True
46.000_-73.500,2022-08,20.3,6.5,31,True
46.000_-73.500,2022-09,15.01,105.2,30,True
46.000_-73.500,2022-10,9.21,272.5,31,True
46.000_-73.500,2022-11,2.89,453.3,30,True
46.000_-73.500,2022-12,-2.6,638.7,31,True
46.000_-74.000,2016-01,-9.62,856.2,31,True
46.000_-74.000,2016-02,-9.86,808.0,29,True
46.000_-74.000,2016-03,-3.73,673.7,31,True
46.000_-74.000,2016-04,-0.29,548.7,30,True
46.000_-74.000,2016-05,11.64,206.4,31,True
46.000_-74.000,2016-06,16.32,76.4,30,True
46.000_-74.000,2016-07,18.88,18.1,31,True
46.000_-74.000,2016-08,19.47,6.2,31,True
46.000_-74.000,2016-09,15.16,95.9,30,True
46.000_-74.000,2016-10,7.41,328.4,31,True
46.000_-74.000,2016-11,1.31,500.7,30,True
46.000_-74.000,2016-12,-7.89,802.7,31,True
46.000_-74.000,2017-01,-7.76,798.5,31,True
46.000_-74.000,2017-02,-7.04,701.0,28,True
46.000_-74.000,2017-03,-6.94,773.2,31,True
46.000_-74.000,2017-04,4.28,411.6,30,True
46.000_-74.000,2017-05,10.17,246.2,31,True
46.000_-74.000,2017-06,15.86,83.1,30,True
46.000_-74.000,2017-07,17.98,22.2,31,True
46.000_-74.000,2017-08,16.95,48.1,31,True
46.000_-74.000,2017-09,16.41,82.3,30,True
46.000_-74.000,2017-10,10.92,219.5,31,True
46.000_-74.000,2017-11,-1.25,577.6,30,True
46.000_-74.000,2017-12,-11.22,905.9,31,True
46.000_-74.000,2018-01,-11.64,918.9,31,True
46.000_-74.000,2018-02,-6.86,696.2,28,True
46.000_-74.000,2018-03,-3.28,659.8,31,True
46.000_-74.000,2018-04,0.07,538.0,30,True
46.000_-74.000,2018-05,12.6,172.1,31,True
46.000_-74.000,2018-06,16.12,73.3,30,True
46.000_-74.000,2018-07,21.08,2.8,31,True
46.000_-74.000,2018-08,19.88,9.5,31,True
46.000_-74.000,2018-09,14.97,114.0,30,True
46.000_-74.000,2018-10,4.64,414.3,31,True
46.000_-74.000,2018-11,-3.73,651.8,30,True
46.000_-74.000,2018-12,-8.32,816.0,31,True
46.000_-74.000,2019-01,-13.2,967.1,31,True
46.000_-74.000,2019-02,-10.75,805.1,28,True
46.000_-74.000,2019-03,-5.27,721.5,31,True
46.000_-74.000,2019-04,1.75,487.4,30,True
46.000_-74.000,2019-05,8.58,291.9,31,True
46.000_-74.000,2019-06,15.34,90.2,30,True
46.000_-74.000,2019-07,20.84,2.4,31,True
46.000_-74.000,2019-08,17.75,25.2,31,True
46.000_-74.000,2019-09,13.5,138.1,30,True
46.000_-74.000,2019-10,7.72,318.7,31,True
46.000_-74.000,2019-11,-3.58,647.4,30,True
46.000_-74.000,2019-12,-7.08,777.5,31,True
46.000_-74.000,2020-01,-7.97,805.2,31,True
46.000_-74.000,2020-02,-8.26,761.4,29,True
46.000_-74.000,2020-03,-2.3,629.2,31,True
46.000_-74.000,2020-04,1.32,500.5,30,True
46.000_-74.000,2020-05,10.45,254.5,31,True
46.000_-74.000,2020-06,17.05,69.4,30,True
46.000_-74.000,2020-07,21.31,0.0,31,True
46.000_-74.000,2020-08,17.83,40.4,31,True
46.000_-74.000,2020-09,12.82,156.5,30,True
46.000_-74.000,2020-10,5.99,372.3,31,True
46.000_-74.000,2020-11,1.94,481.9,30,True
46.000_-74.000,2020-12,-5.65,733.0,31,True
46.000_-74.000,2021-01,-8.78,830.1,31,True
46.000_-74.000,2021-02,-9.25,762.9,28,True
46.000_-74.000,2021-03,-2.51,635.7,31,True
46.000_-74.000,2021-04,5.97,361.0,30,True
46.000_-74.000,2021-05,11.76,203.4,31,True
46.000_-74.000,2021-06,18.14,35.2,30,True
46.000_-74.000,2021-07,18.15,29.3,31,True
46.000_-74.000,2021-08,20.45,12.9,31,True
46.000_-74.000,2021-09,14.63,103.4,30,True
46.000_-74.000,2021-10,9.9,251.2,31,True
46.000_-74.000,2021-11,-0.02,540.7,30,True
46.000_-74.000,2021-12,-6.72,766.2,31,True
46.000_-74.000,2022-01,-15.47,1037.5,31,True
46.000_-74.000,2022-02,-10.01,784.3,28,True
46.000_-74.000,2022-03,-3.69,672.3,31,True
46.000_-74.000,2022-04,3.02,449.4,30,True
46.000_-74.000,2022-05,13.5,153.2,31,True
46.000_-74.000,2022-06,15.99,72.2,30,True
46.000_-74.000,2022-07,18.98,11.5,31,True
46.000_-74.000,2022-08,18.6,21.6,31,True
46.000_-74.000,2022-09,13.6,142.1,30,True
46.000_-74.000,2022-10,8.25,302.1,31,True
46.000_-74.000,2022-11,1.64,490.9,30,True
46.000_-74.000,2022-12,-4.19,687.8,31,True
46.000_-74.500,2016-01,-8.75,829.1,31,True
46.000_-74.500,2016-02,-9.15,787.3,29,True
46.000_-74.500,2016-03,-2.75,643.1,31,True
46.000_-74.500,2016-04,0.55,523.4,30,True
46.000_-74.500,2016-05,12.45,187.3,31,True
46.000_-74.500,2016-06,17.1,64.1,30,True
46.000_-74.500,2016-07,19.8,9.9,31,True
46.000_-74.500,2016-08,20.53,2.7,31,True
46.000_-74.500,2016-09,16.24,72.7,30,True
46.000_-74.500,2016-10,8.53,293.7,31,True
46.000_-74.500,2016-11,2.36,469.3,30,True
46.000_-74.500,2016-12,-6.51,759.8,31,True
46.000_-74.500,2017-01,-6.91,772.2,31,True
46.000_-74.500,2017-02,-6.06,673.7,28,True
46.000_-74.500,2017-03,-6.32,754.0,31,True
46.000_-74.500,2017-04,5.3,381.0,30,True
46.000_-74.500,2017-05,10.94,222.9,31,True
46.000_-74.500,2017-06,16.31,72.5,30,True
46.000_-74.500,2017-07,18.4,14.3,31,True
46.000_-74.500,2017-08,17.4,38.5,31,True
46.000_-74.500,2017-09,16.61,78.3,30,True
46.000_-74.500,2017-10,11.56,199.9,31,True
46.000_-74.500,2017-11,-0.32,549.7,30,True
46.000_-74.500,2017-12,-10.48,882.9,31,True
46.000_-74.500,2018-01,-10.59,886.4,31,True
46.000_-74.500,2018-02,-6.01,672.2,28,True
46.000_-74.500,2018-03,-2.95,649.5,31,True
46.000_-74.500,2018-04,0.99,510.2,30,True
46.000_-74.500,2018-05,13.05,159.2,31,True
46.000_-74.500,2018-06,16.44,64.4,30,True
46.000_-74.500,2018-07,21.3,2.9,31,True
46.000_-74.500,2018-08,20.26,5.6,31,True
46.000_-74.500,2018-09,15.67,97.9,30,True
46.000_-74.500,2018-10,5.64,383.3,31,True
46.000_-74.500,2018-11,-2.51,615.3,30,True
46.000_-74.500,2018-12,-7.04,776.2,31,True
46.000_-74.500,2019-01,-12.63,949.6,31,True
46.000_-74.500,2019-02,-9.99,783.8,28,True
46.000_-74.500,2019-03,-4.83,707.7,31,True
46.000_-74.500,2019-04,2.82,455.4,30,True
46.000_-74.500,2019-05,9.57,261.2,31,True
46.000_-74.500,2019-06,15.63,82.2,30,True
46.000_-74.500,2019-07,21.08,1.9,31,True
46.000_-74.500,2019-08,18.05,21.9,31,True
46.000_-74.500,2019-09,14.22,117.6,30,True
46.000_-74.500,2019-10,8.55,293.0,31,True
46.000_-74.500,2019-11,-2.83,624.8,30,True
46.000_-74.500,2019-12,-6.01,744.2,31,True
46.000_-74.500,2020-01,-7.28,783.8,31,True
46.000_-74.500,2020-02,-7.74,746.5,29,True
46.000_-74.500,2020-03,-1.39,601.1,31,True
46.000_-74.500,2020-04,2.72,458.5,30,True
46.000_-74.500,2020-05,10.99,238.3,31,True
46.000_-74.500,2020-06,17.58,62.0,30,True
46.000_-74.500,2020-07,21.87,0.0,31,True
46.000_-74.500,2020-08,18.3,34.0,31,True
46.000_-74.500,2020-09,13.41,141.0,30,True
46.000_-74.500,2020-10,6.78,347.9,31,True
46.000_-74.500,2020-11,2.57,462.8,30,True
46.000_-74.500,2020-12,-4.3,691.3,31,True
46.000_-74.500,2021-01,-8.53,822.5,31,True
46.000_-74.500,2021-02,-8.67,746.8,28,True
46.000_-74.500,2021-03,-2.2,626.3,31,True
46.000_-74.500,2021-04,6.84,334.9,30,True
46.000_-74.500,2021-05,12.21,191.5,31,True
46.000_-74.500,2021-06,18.63,27.3,30,True
46.000_-74.500,2021-07,18.75,21.1,31,True
46.000_-74.500,2021-08,21.0,7.9,31,True
46.000_-74.500,2021-09,15.19,87.2,30,True
46.000_-74.500,2021-10,10.83,222.3,31,True
46.000_-74.500,2021-11,0.68,519.7,30,True
46.000_-74.500,2021-12,-5.15,717.7,31,True
46.000_-74.500,2022-01,-14.82,1017.5,31,True
46.000_-74.500,2022-02,-9.09,758.6,28,True
46.000_-74.500,2022-03,-3.13,655.0,31,True
46.000_-74.500,2022-04,3.86,424.1,30,True
46.000_-74.500,2022-05,14.14,134.6,31,True
46.000_-74.500,2022-06,16.55,60.1,30,True
46.000_-74.500,2022-07,19.31,8.1,31,True
46.000_-74.500,2022-08,19.16,14.0,31,True
46.000_-74.500,2022-09,14.17,126.2,30,True
46.000_-74.500,2022-10,8.79,285.6,31,True
46.000_-74.500,2022-11,2.34,469.9,30,True
46.000_-74.500,2022-12,-3.33,661.3,31,True
46.000_-75.000,2016-01,-9.33,847.2,31,True
46.000_-75.000,2016-02,-9.95,810.5,29,True
46.000_-75.000,2016-03,-3.45,664.9,31,True
46.000_-75.000,2016-04,-0.01,540.3,30,True
46.000_-75.000,2016-05,11.92,200.3,31,True
46.000_-75.000,2016-06,16.56,75.7,30,True
46.000_-75.000,2016-07,19.3,12.5,31,True
46.000_-75.000,2016-08,20.06,3.9,31,True
46.000_-75.000,2016-09,15.58,84.6,30,True
46.000_-75.000,2016-10,7.94,311.8,31,True
46.000_-75.000,2016-11,1.87,483.9,30,True
46.000_-75.000,2016-12,-6.79,768.4,31,True
46.000_-75.000,2017-01,-7.18,780.5,31,True
46.000_-75.000,2017-02,-6.52,686.7,28,True
46.000_-75.000,2017-03,-6.72,766.4,31,True
46.000_-75.000,2017-04,4.89,393.3,30,True
46.000_-75.000,2017-05,10.56,233.6,31,True
46.000_-75.000,2017-06,16.02,77.8,30,True
46.000_-75.000,2017-07,18.31,15.2,31,True
46.000_-75.000,2017-08,17.22,40.2,31,True
46.000_-75.000,2017-09,16.41,80.1,30,True
46.000_-75.000,2017-10,11.34,206.6,31,True
46.000_-75.000,2017-11,-0.6,557.9,30,True
46.000_-75.000,2017-12,-10.7,889.6,31,True
46.000_-75.000,2018-01,-10.81,893.1,31,True
46.000_-75.000,2018-02,-6.43,684.0,28,True
46.000_-75.000,2018-03,-3.43,664.2,31,True
46.000_-75.000,2018-04,0.46,526.1,30,True
46.000_-75.000,2018-05,12.69,169.6,31,True
46.000_-75.000,2018-06,16.3,68.1,30,True
46.000_-75.000,2018-07,21.31,2.2,31,True
46.000_-75.000,2018-08,20.09,6.1,31,True
46.000_-75.000,2018-09,15.46,99.4,30,True
46.000_-75.000,2018-10,5.55,385.8,31,True
46.000_-75.000,2018-11,-2.63,618.9,30,True
46.000_-75.000,2018-12,-7.61,793.9,31,True
46.000_-75.000,2019-01,-13.02,961.7,31,True
46.000_-75.000,2019-02,-10.33,793.2,28,True
46.000_-75.000,2019-03,-5.27,721.4,31,True
46.000_-75.000,2019-04,2.42,467.3,30,True
46.000_-75.000,2019-05,9.16,274.0,31,True
46.000_-75.000,2019-06,15.34,87.4,30,True
46.000_-75.000,2019-07,21.0,1.5,31,True
46.000_-75.000,2019-08,18.02,22.1,31,True
46.000_-75.000,2019-09,14.12,119.3,30,True
46.000_-75.000,2019-10,8.33,299.8,31,True
46.000_-75.000,2019-11,-2.88,626.3,30,True
46.000_-75.000,2019-12,-6.16,749.1,31,True
46.000_-75.000,2020-01,-7.57,792.7,31,True
46.000_-75.000,2020-02,-8.14,758.0,29,True
46.000_-75.000,2020-03,-1.76,612.5,31,True
46.000_-75.000,2020-04,2.42,467.5,30,True
46.000_-75.000,2020-05,10.53,249.8,31,True
46.000_-75.000,2020-06,17.31,64.2,30,True
46.000_-75.000,2020-07,21.6,0.0,31,True
46.000_-75.000,2020-08,18.19,34.5,31,True
46.000_-75.000,2020-09,13.24,144.3,30,True
46.000_-75.000,2020-10,6.58,354.0,31,True
46.000_-75.000,2020-11,2.42,467.4,30,True
46.000_-75.000,2020-12,-4.68,703.2,31,True
46.000_-75.000,2021-01,-8.64,825.9,31,True
46.000_-75.000,2021-02,-9.22,762.2,28,True
46.000_-75.000,2021-03,-2.51,635.9,31,True
46.000_-75.000,2021-04,6.45,346.5,30,True
46.000_-75.000,2021-05,11.79,202.0,31,True
46.000_-75.000,2021-06,18.32,29.7,30,True
46.000_-75.000,2021-07,18.57,22.7,31,True
46.000_-75.000,2021-08,20.8,8.2,31,True
46.000_-75.000,2021-09,14.96,92.6,30,True
46.000_-75.000,2021-10,10.59,229.7,31,True
46.000_-75.000,2021-11,0.67,519.9,30,True
46.000_-75.000,2021-12,-5.15,717.7,31,True
46.000_-75.000,2022-01,-15.28,1031.7,31,True
46.000_-75.000,2022-02,-9.59,772.6,28,True
46.000_-75.000,2022-03,-3.41,663.8,31,True
46.000_-75.000,2022-04,3.55,433.4,30,True
46.000_-75.000,2022-05,13.63,147.0,31,True
46.000_-75.000,2022-06,16.28,65.7,30,True
46.000_-75.000,2022-07,19.19,8.9,31,True
46.000_-75.000,2022-08,19.13,14.1,31,True
46.000_-75.000,2022-09,14.05,127.9,30,True
46.000_-75.000,2022-10,8.55,293.1,31,True
46.000_-75.000,2022-11,2.26,472.1,30,True
46.000_-75.000,2022-12,-3.78,675.2,31,True
46.000_-75.500,2016-01,-8.66,826.5,31,True
46.000_-75.500,2016-02,-9.69,803.0,29,True
46.000_-75.500,2016-03,-3.01,651.3,31,True
46.000_-75.500,2016-04,0.4,528.0,30,True
46.000_-75.500,2016-05,12.42,188.3,31,True
46.000_-75.500,2016-06,16.87,71.5,30,True
46.000_-75.500,2016-07,19.88,9.5,31,True
46.000_-75.500,2016-08,20.71,2.4,31,True
46.000_-75.500,2016-09,16.21,71.5,30,True
46.000_-75.500,2016-10,8.55,293.0,31,True
46.000_-75.500,2016-11,2.61,461.7,30,True
46.000_-75.500,2016-12,-6.04,745.3,31,True
46.000_-75.500,2017-01,-7.39,787.1,31,True
46.000_-75.500,2017-02,-6.74,692.8,28,True
46.000_-75.500,2017-03,-7.14,779.4,31,True
46.000_-75.500,2017-04,4.89,393.3,30,True
46.000_-75.500,2017-05,10.16,246.1,31,True
46.000_-75.500,2017-06,15.67,87.2,30,True
46.000_-75.500,2017-07,17.93,22.7,31,True
46.000_-75.500,2017-08,16.71,51.9,31,True
46.000_-75.500,2017-09,16.01,90.0,30,True
46.000_-75.500,2017-10,10.91,219.9,31,True
46.000_-75.500,2017-11,-1.15,574.5,30,True
46.000_-75.500,2017-12,-11.19,904.9,31,True
46.000_-75.500,2018-01,-11.44,912.6,31,True
46.000_-75.500,2018-02,-6.96,699.0,28,True
46.000_-75.500,2018-03,-3.99,681.7,31,True
46.000_-75.500,2018-04,-0.1,543.0,30,True
46.000_-75.500,2018-05,12.68,169.7,31,True
46.000_-75.500,2018-06,15.81,81.6,30,True
46.000_-75.500,2018-07,20.91,3.9,31,True
46.000_-75.500,2018-08,19.62,10.7,31,True
46.000_-75.500,2018-09,15.03,113.5,30,True
46.000_-75.500,2018-10,5.11,400.0,31,True
46.000_-75.500,2018-11,-3.14,634.1,30,True
46.000_-75.500,2018-12,-8.13,810.1,31,True
46.000_-75.500,2019-01,-13.68,982.2,31,True
46.000_-75.500,2019-02,-10.74,804.7,28,True
46.000_-75.500,2019-03,-5.6,731.7,31,True
46.000_-75.500,2019-04,2.22,473.4,30,True
46.000_-75.500,2019-05,8.95,280.4,31,True
46.000_-75.500,2019-06,15.11,94.8,30,True
46.000_-75.500,2019-07,20.56,5.1,31,True
46.000_-75.500,2019-08,17.48,31.5,31,True
46.000_-75.500,2019-09,13.65,133.3,30,True
46.000_-75.500,2019-10,7.75,317.6,31,True
46.000_-75.500,2019-11,-3.44,643.1,30,True
46.000_-75.500,2019-12,-6.67,764.8,31,True
46.000_-75.500,2020-01,-7.97,805.1,31,True
46.000_-75.500,2020-02,-8.42,766.2,29,True
46.000_-75.500,2020-03,-2.03,620.9,31,True
46.000_-75.500,2020-04,2.11,476.6,30,True
46.000_-75.500,2020-05,10.33,256.2,31,True
46.000_-75.500,2020-06,17.23,66.7,30,True
46.000_-75.500,2020-07,21.33,0.7,31,True
46.000_-75.500,2020-08,17.67,42.0,31,True
46.000_-75.500,2020-09,12.78,158.5,30,True
46.000_-75.500,2020-10,5.89,375.4,31,True
46.000_-75.500,2020-11,2.25,472.5,30,True
46.000_-75.500,2020-12,-5.16,718.0,31,True
46.000_-75.500,2021-01,-8.96,835.8,31,True
46.000_-75.500,2021-02,-9.58,772.3,28,True
46.000_-75.500,2021-03,-2.51,635.7,31,True
46.000_-75.500,2021-04,6.37,348.8,30,True
46.000_-75.500,2021-05,11.45,214.4,31,True
46.000_-75.500,2021-06,17.97,35.3,30,True
46.000_-75.500,2021-07,17.99,33.0,31,True
46.000_-75.500,2021-08,20.5,11.2,31,True
46.000_-75.500,2021-09,14.51,105.5,30,True
46.000_-75.500,2021-10,10.28,239.2,31,True
46.000_-75.500,2021-11,0.25,532.5,30,True
46.000_-75.500,2021-12,-5.5,728.6,31,True
46.000_-75.500,2022-01,-15.9,1050.8,31,True
46.000_-75.500,2022-02,-10.19,789.3,28,True
46.000_-75.500,2022-03,-3.66,671.4,31,True
46.000_-75.500,2022-04,3.27,441.9,30,True
46.000_-75.500,2022-05,13.54,151.0,31,True
46.000_-75.500,2022-06,15.97,75.5,30,True
46.000_-75.500,2022-07,18.78,14.8,31,True
46.000_-75.500,2022-08,18.63,19.6,31,True
46.000_-75.500,2022-09,13.64,138.5,30,True
46.000_-75.500,2022-10,8.12,306.4,31,True
46.000_-75.500,2022-11,1.84,484.7,30,True
46.000_-75.500,2022-12,-4.02,682.6,31,True
46.000_-76.000,2016-01,-8.31,815.7,31,True
46.000_-76.000,2016-02,-9.52,798.1,29,True
46.000_-76.000,2016-03,-3.15,655.7,31,True
46.000_-76.000,2016-04,0.8,516.0,30,True
46.000_-76.000,2016-05,12.43,186.7,31,True
46.000_-76.000,2016-06,16.9,70.1,30,True
46.000_-76.000,2016-07,19.93,8.8,31,True
46.000_-76.000,2016-08,20.83,2.3,31,True
46.000_-76.000,2016-09,16.24,70.1,30,True
46.000_-76.000,2016-10,8.74,287.2,31,True
46.000_-76.000,2016-11,3.11,446.8,30,True
46.000_-76.000,2016-12,-5.2,719.1,31,True
46.000_-76.000,2017-01,-6.36,755.3,31,True
46.000_-76.000,2017-02,-5.76,665.2,28,True
46.000_-76.000,2017-03,-6.4,756.5,31,True
46.000_-76.000,2017-04,5.7,369.1,30,True
46.000_-76.000,2017-05,10.76,229.1,31,True
46.000_-76.000,2017-06,16.29,73.5,30,True
46.000_-76.000,2017-07,18.75,9.7,31,True
46.000_-76.000,2017-08,17.7,30.3,31,True
46.000_-76.000,2017-09,16.58,76.1,30,True
46.000_-76.000,2017-10,11.7,195.2,31,True
46.000_-76.000,2017-11,0.26,532.2,30,True
46.000_-76.000,2017-12,-9.55,854.1,31,True
46.000_-76.000,2018-01,-10.03,868.8,31,True
46.000_-76.000,2018-02,-6.14,675.9,28,True
46.000_-76.000,2018-03,-3.34,661.5,31,True
46.000_-76.000,2018-04,1.05,508.5,30,True
46.000_-76.000,2018-05,13.12,159.0,31,True
46.000_-76.000,2018-06,16.31,70.3,30,True
46.000_-76.000,2018-07,21.63,1.0,31,True
46.000_-76.000,2018-08,20.65,4.5,31,True
46.000_-76.000,2018-09,16.03,92.6,30,True
46.000_-76.000,2018-10,6.36,361.9,31,True
46.000_-76.000,2018-11,-1.14,574.2,30,True
46.000_-76.000,2018-12,-6.4,756.5,31,True
46.000_-76.000,2019-01,-12.75,953.4,31,True
46.000_-76.000,2019-02,-9.84,779.5,28,True
46.000_-76.000,2019-03,-4.89,709.7,31,True
46.000_-76.000,2019-04,2.73,458.1,30,True
46.000_-76.000,2019-05,9.51,263.1,31,True
46.000_-76.000,2019-06,15.55,84.0,30,True
46.000_-76.000,2019-07,21.18,1.9,31,True
46.000_-76.000,2019-08,18.6,15.9,31,True
46.000_-76.000,2019-09,14.8,101.5,30,True
46.000_-76.000,2019-10,8.81,284.8,31,True
46.000_-76.000,2019-11,-1.63,588.8,30,True
46.000_-76.000,2019-12,-5.09,715.9,31,True
46.000_-76.000,2020-01,-7.07,777.3,31,True
46.000_-76.000,2020-02,-7.48,738.9,29,True
46.000_-76.000,2020-03,-1.43,602.4,31,True
46.000_-76.000,2020-04,3.2,444.0,30,True
46.000_-76.000,2020-05,10.94,240.5,31,True
46.000_-76.000,2020-06,17.58,57.9,30,True
46.000_-76.000,2020-07,22.06,0.0,31,True
46.000_-76.000,2020-08,18.62,28.2,31,True
46.000_-76.000,2020-09,13.87,128.8,30,True
46.000_-76.000,2020-10,7.1,338.0,31,True
46.000_-76.000,2020-11,3.36,439.3,30,True
46.000_-76.000,2020-12,-3.53,667.4,31,True
46.000_-76.000,2021-01,-7.87,802.1,31,True
46.000_-76.000,2021-02,-8.96,754.9,28,True
46.000_-76.000,2021-03,-1.4,601.4,31,True
46.000_-76.000,2021-04,7.05,328.6,30,True
46.000_-76.000,2021-05,11.93,201.6,31,True
46.000_-76.000,2021-06,18.76,23.7,30,True
46.000_-76.000,2021-07,18.71,21.9,31,True
46.000_-76.000,2021-08,21.31,6.6,31,True
46.000_-76.000,2021-09,15.42,78.5,30,True
46.000_-76.000,2021-10,11.45,203.0,31,True
46.000_-76.000,2021-11,1.46,496.1,30,True
46.000_-76.000,2021-12,-3.58,669.0,31,True
46.000_-76.000,2022-01,-14.72,1014.2,31,True
46.000_-76.000,2022-02,-9.46,769.0,28,True
46.000_-76.000,2022-03,-2.7,641.8,31,True
46.000_-76.000,2022-04,4.35,409.4,30,True
46.000_-76.000,2022-05,13.94,140.9,31,True
46.000_-76.000,2022-06,16.7,59.2,30,True
46.000_-76.000,2022-07,19.47,7.4,31,True
46.000_-76.000,2022-08,19.62,9.2,31,True
46.000_-76.000,2022-09,14.69,111.5,30,True
46.000_-76.000,2022-10,8.79,285.5,31,True
46.000_-76.000,2022-11,3.18,444.5,30,True
46.000_-76.000,2022-12,-2.73,642.6,31,True
46.000_-76.500,2016-01,-9.06,838.9,31,True
46.000_-76.500,2016-02,-9.83,807.2,29,True
46.000_-76.500,2016-03,-3.35,661.8,31,True
46.000_-76.500,2016-04,0.22,533.5,30,True
46.000_-76.500,2016-05,12.03,196.9,31,True
46.000_-76.500,2016-06,16.77,71.5,30,True
46.000_-76.500,2016-07,19.67,10.5,31,True
46.000_-76.500,2016-08,20.44,3.3,31,True
46.000_-76.500,2016-09,15.79,80.1,30,True
46.000_-76.500,2016-10,8.35,299.1,31,True
46.000_-76.500,2016-11,2.62,461.3,30,True
46.000_-76.500,2016-12,-6.32,753.8,31,True
46.000_-76.500,2017-01,-7.18,780.5,31,True
46.000_-76.500,2017-02,-6.49,685.8,28,True
46.000_-76.500,2017-03,-6.97,774.0,31,True
46.000_-76.500,2017-04,4.84,394.7,30,True
46.000_-76.500,2017-05,9.97,251.8,31,True
46.000_-76.500,2017-06,15.63,86.6,30,True
46.000_-76.500,2017-07,18.17,19.6,31,True
46.000_-76.500,2017-08,16.96,44.4,31,True
46.000_-76.500,2017-09,16.13,85.7,30,True
46.000_-76.500,2017-10,11.03,216.1,31,True
46.000_-76.500,2017-11,-0.75,562.5,30,True
46.000_-76.500,2017-12,-10.84,893.9,31,True
46.000_-76.500,2018-01,-11.04,900.3,31,True
46.000_-76.500,2018-02,-6.91,697.6,28,True
46.000_-76.500,2018-03,-4.07,684.1,31,True
46.000_-76.500,2018-04,-0.05,541.6,30,True
46.000_-76.500,2018-05,12.67,170.3,31,True
46.000_-76.500,2018-06,15.95,78.6,30,True
46.000_-76.500,2018-07,21.08,2.5,31,True
46.000_-76.500,2018-08,19.97,8.0,31,True
46.000_-76.500,2018-09,15.27,108.4,30,True
46.000_-76.500,2018-10,5.48,388.5,31,True
46.000_-76.500,2018-11,-2.48,614.5,30,True
46.000_-76.500,2018-12,-7.61,793.9,31,True
46.000_-76.500,2019-01,-13.67,981.7,31,True
46.000_-76.500,2019-02,-10.62,801.4,28,True
46.000_-76.500,2019-03,-5.46,727.3,31,True
46.000_-76.500,2019-04,2.23,473.1,30,True
46.000_-76.500,2019-05,8.92,281.5,31,True
46.000_-76.500,2019-06,15.23,90.6,30,True
46.000_-76.500,2019-07,20.89,2.7,31,True
46.000_-76.500,2019-08,18.11,21.8,31,True
46.000_-76.500,2019-09,14.13,119.8,30,True
46.000_-76.500,2019-10,8.02,309.3,31,True
46.000_-76.500,2019-11,-2.61,618.2,30,True
46.000_-76.500,2019-12,-6.25,751.6,31,True
46.000_-76.500,2020-01,-7.8,799.8,31,True
46.000_-76.500,2020-02,-8.21,760.2,29,True
46.000_-76.500,2020-03,-1.82,614.3,31,True
46.000_-76.500,2020-04,2.48,465.6,30,True
46.000_-76.500,2020-05,10.31,255.5,31,True
46.000_-76.500,2020-06,17.06,66.1,30,True
46.000_-76.500,2020-07,21.59,0.6,31,True
46.000_-76.500,2020-08,17.91,38.3,31,True
46.000_-76.500,2020-09,13.25,145.7,30,True
46.000_-76.500,2020-10,6.24,364.7,31,True
46.000_-76.500,2020-11,2.63,461.0,30,True
46.000_-76.500,2020-12,-4.67,702.8,31,True
46.000_-76.500,2021-01,-8.66,826.6,31,True
46.000_-76.500,2021-02,-9.53,770.8,28,True
46.000_-76.500,2021-03,-2.11,623.5,31,True
46.000_-76.500,2021-04,6.39,348.4,30,True
46.000_-76.500,2021-05,11.46,215.1,31,True
46.000_-76.500,2021-06,18.43,26.6,30,True
46.000_-76.500,2021-07,18.15,31.9,31,True
46.000_-76.500,2021-08,20.7,9.7,31,True
46.000_-76.500,2021-09,14.68,99.8,30,True
46.000_-76.500,2021-10,10.85,221.6,31,True
46.000_-76.500,2021-11,0.81,515.7,30,True
46.000_-76.500,2021-12,-4.65,702.0,31,True
46.000_-76.500,2022-01,-15.67,1043.7,31,True
46.000_-76.500,2022-02,-10.2,789.5,28,True
46.000_-76.500,2022-03,-3.39,663.2,31,True
46.000_-76.500,2022-04,3.67,429.8,30,True
46.000_-76.500,2022-05,13.65,149.9,31,True
46.000_-76.500,2022-06,16.21,72.1,30,True
46.000_-76.500,2022-07,19.13,10.0,31,True
46.000_-76.500,2022-08,19.03,14.6,31,True
46.000_-76.500,2022-09,14.02,128.4,30,True
46.000_-76.500,2022-10,8.06,308.2,31,True
46.000_-76.500,2022-11,2.43,467.0,30,True
46.000_-76.500,2022-12,-3.64,670.9,31,True
46.000_-77.000,2016-01,-9.51,852.7,31,True
46.000_-77.000,2016-02,-10.16,816.5,29,True
46.000_-77.000,2016-03,-3.72,673.2,31,True
46.000_-77.000,2016-04,-0.16,544.7,30,True
46.000_-77.000,2016-05,11.7,205.4,31,True
46.000_-77.000,2016-06,16.73,72.7,30,True
46.000_-77.000,2016-07,19.64,11.5,31,True
46.000_-77.000,2016-08,20.38,3.7,31,True
46.000_-77.000,2016-09,15.62,84.7,30,True
46.000_-77.000,2016-10,8.24,302.6,31,True
46.000_-77.000,2016-11,2.41,467.6,30,True
46.000_-77.000,2016-12,-6.65,764.1,31,True
46.000_-77.000,2017-01,-7.05,776.6,31,True
46.000_-77.000,2017-02,-6.4,683.3,28,True
46.000_-77.000,2017-03,-6.75,767.2,31,True
46.000_-77.000,2017-04,4.87,393.9,30,True
46.000_-77.000,2017-05,10.09,247.7,31,True
46.000_-77.000,2017-06,15.94,78.3,30,True
46.000_-77.000,2017-07,18.49,17.2,31,True
46.000_-77.000,2017-08,17.19,39.2,31,True
46.000_-77.000,2017-09,16.18,84.1,30,True
46.000_-77.000,2017-10,11.07,214.9,31,True
46.000_-77.000,2017-11,-0.9,567.1,30,True
46.000_-77.000,2017-12,-11.1,902.1,31,True
46.000_-77.000,2018-01,-11.06,900.9,31,True
46.000_-77.000,2018-02,-7.04,701.2,28,True
46.000_-77.000,2018-03,-4.0,682.0,31,True
46.000_-77.000,2018-04,0.08,537.6,30,True
46.000_-77.000,2018-05,12.95,163.2,31,True
46.000_-77.000,2018-06,16.41,67.5,30,True
46.000_-77.000,2018-07,21.67,0.9,31,True
46.000_-77.000,2018-08,20.21,6.1,31,True
46.000_-77.000,2018-09,15.28,107.5,30,True
46.000_-77.000,2018-10,5.73,380.5,31,True
46.000_-77.000,2018-11,-2.55,616.6,30,True
46.000_-77.000,2018-12,-7.51,790.9,31,True
46.000_-77.000,2019-01,-13.67,981.8,31,True
46.000_-77.000,2019-02,-10.44,796.4,28,True
46.000_-77.000,2019-03,-5.35,723.7,31,True
46.000_-77.000,2019-04,2.42,467.3,30,True
46.000_-77.000,2019-05,9.05,277.6,31,True
46.000_-77.000,2019-06,15.53,84.2,30,True
46.000_-77.000,2019-07,21.2,1.0,31,True
46.000_-77.000,2019-08,18.44,18.4,31,True
46.000_-77.000,2019-09,14.34,113.5,30,True
46.000_-77.000,2019-10,8.09,307.2,31,True
46.000_-77.000,2019-11,-2.5,615.0,30,True
46.000_-77.000,2019-12,-6.15,748.7,31,True
46.000_-77.000,2020-01,-7.73,797.7,31,True
46.000_-77.000,2020-02,-8.11,757.2,29,True
46.000_-77.000,2020-03,-1.65,609.2,31,True
46.000_-77.000,2020-04,2.72,458.3,30,True
46.000_-77.000,2020-05,10.48,251.7,31,True
46.000_-77.000,2020-06,17.48,58.3,30,True
46.000_-77.000,2020-07,22.03,0.0,31,True
46.000_-77.000,2020-08,18.12,36.0,31,True
46.000_-77.000,2020-09,13.45,139.9,30,True
46.000_-77.000,2020-10,6.31,362.5,31,True
46.000_-77.000,2020-11,2.53,464.0,30,True
46.000_-77.000,2020-12,-5.2,719.3,31,True
46.000_-77.000,2021-01,-8.52,822.1,31,True
46.000_-77.000,2021-02,-9.6,772.8,28,True
46.000_-77.000,2021-03,-2.12,623.8,31,True
46.000_-77.000,2021-04,6.49,345.4,30,True
46.000_-77.000,2021-05,11.63,209.7,31,True
46.000_-77.000,2021-06,18.72,22.0,30,True
46.000_-77.000,2021-07,18.39,26.4,31,True
46.000_-77.000,2021-08,20.97,6.9,31,True
46.000_-77.000,2021-09,14.9,93.3,30,True
46.000_-77.000,2021-10,11.1,213.8,31,True
46.000_-77.000,2021-11,0.83,515.1,30,True
46.000_-77.000,2021-12,-4.61,700.8,31,True
46.000_-77.000,2022-01,-15.63,1042.4,31,True
46.000_-77.000,2022-02,-10.19,789.3,28,True
46.000_-77.000,2022-03,-3.28,659.8,31,True
46.000_-77.000,2022-04,3.8,426.1,30,True
46.000_-77.000,2022-05,13.86,143.2,31,True
46.000_-77.000,2022-06,16.7,62.8,30,True
46.000_-77.000,2022-07,19.51,6.8,31,True
46.000_-77.000,2022-08,19.28,11.8,31,True
46.000_-77.000,2022-09,14.27,121.7,30,True
46.000_-77.000,2022-10,7.95,311.7,31,True
46.000_-77.000,2022-11,2.39,468.3,30,True
46.000_-77.000,2022-12,-3.69,672.3,31,True
46.000_-77.500,2016-01,-9.16,841.9,31,True
46.000_-77.500,2016-02,-9.72,804.0,29,True
46.000_-77.500,2016-03,-3.2,657.3,31,True
46.000_-77.500,2016-04,0.64,520.7,30,True
46.000_-77.500,2016-05,12.62,182.4,31,True
46.000_-77.500,2016-06,17.78,57.7,30,True
46.000_-77.500,2016-07,20.55,6.5,31,True
46.000_-77.500,2016-08,21.25,2.9,31,True
46.000_-77.500,2016-09,16.1,74.8,30,True
46.000_-77.500,2016-10,8.79,285.6,31,True
46.000_-77.500,2016-11,2.91,452.6,30,True
46.000_-77.500,2016-12,-6.1,747.1,31,True
46.000_-77.500,2017-01,-6.43,757.3,31,True
46.000_-77.500,2017-02,-5.74,664.8,28,True
46.000_-77.500,2017-03,-6.26,752.1,31,True
46.000_-77.500,2017-04,5.41,377.8,30,True
46.000_-77.500,2017-05,10.74,229.7,31,True
46.000_-77.500,2017-06,16.8,62.0,30,True
46.000_-77.500,2017-07,19.43,6.1,31,True
46.000_-77.500,2017-08,17.96,25.5,31,True
46.000_-77.500,2017-09,16.67,76.4,30,True
46.000_-77.500,2017-10,11.85,191.3,31,True
46.000_-77.500,2017-11,-0.05,541.6,30,True
46.000_-77.500,2017-12,-10.48,882.8,31,True
46.000_-77.500,2018-01,-10.12,871.8,31,True
46.000_-77.500,2018-02,-6.51,686.4,28,True
46.000_-77.500,2018-03,-3.55,667.9,31,True
46.000_-77.500,2018-04,0.72,518.5,30,True
46.000_-77.500,2018-05,13.51,149.2,31,True
46.000_-77.500,2018-06,17.32,48.5,30,True
46.000_-77.500,2018-07,22.67,0.0,31,True
46.000_-77.500,2018-08,21.05,3.8,31,True
46.000_-77.500,2018-09,15.97,93.2,30,True
46.000_-77.500,2018-10,6.65,352.8,31,True
46.000_-77.500,2018-11,-1.63,589.0,30,True
46.000_-77.500,2018-12,-7.12,778.8,31,True
46.000_-77.500,2019-01,-13.09,963.8,31,True
46.000_-77.500,2019-02,-9.95,782.6,28,True
46.000_-77.500,2019-03,-4.78,706.1,31,True
46.000_-77.500,2019-04,2.95,451.4,30,True
46.000_-77.500,2019-05,9.56,261.7,31,True
46.000_-77.500,2019-06,16.27,68.6,30,True
46.000_-77.500,2019-07,22.36,0.0,31,True
46.000_-77.500,2019-08,19.43,9.2,31,True
46.000_-77.500,2019-09,15.09,94.3,30,True
46.000_-77.500,2019-10,8.72,287.6,31,True
46.000_-77.500,2019-11,-1.75,592.5,30,True
46.000_-77.500,2019-12,-5.47,727.5,31,True
46.000_-77.500,2020-01,-7.18,780.5,31,True
46.000_-77.500,2020-02,-7.36,735.5,29,True
46.000_-77.500,2020-03,-1.19,594.9,31,True
46.000_-77.500,2020-04,3.28,441.6,30,True
46.000_-77.500,2020-05,11.18,237.1,31,True
46.000_-77.500,2020-06,18.17,47.1,30,True
46.000_-77.500,2020-07,23.02,0.0,31,True
46.000_-77.500,2020-08,18.79,25.8,31,True
46.000_-77.500,2020-09,14.31,118.7,30,True
46.000_-77.500,2020-10,7.21,334.4,31,True
46.000_-77.500,2020-11,3.38,438.6,30,True
46.000_-77.500,2020-12,-4.37,693.6,31,True
46.000_-77.500,2021-01,-7.85,801.5,31,True
46.000_-77.500,2021-02,-9.14,760.0,28,True
46.000_-77.500,2021-03,-1.22,595.8,31,True
46.000_-77.500,2021-04,6.78,336.6,30,True
46.000_-77.500,2021-05,12.18,196.6,31,True
46.000_-77.500,2021-06,19.88,13.9,30,True
46.000_-77.500,2021-07,19.19,14.9,31,True
46.000_-77.500,2021-08,21.64,3.5,31,True
46.000_-77.500,2021-09,15.56,76.7,30,True
46.000_-77.500,2021-10,11.82,191.5,31,True
46.000_-77.500,2021-11,1.48,495.7,30,True
46.000_-77.500,2021-12,-3.69,672.5,31,True
46.000_-77.500,2022-01,-14.95,1021.6,31,True
46.000_-77.500,2022-02,-9.57,772.0,28,True
46.000_-77.500,2022-03,-2.67,640.7,31,True
46.000_-77.500,2022-04,4.38,408.5,30,True
46.000_-77.500,2022-05,14.44,130.1,31,True
46.000_-77.500,2022-06,17.54,44.6,30,True
46.000_-77.500,2022-07,20.31,2.2,31,True
46.000_-77.500,2022-08,19.95,5.2,31,True
46.000_-77.500,2022-09,15.01,103.9,30,True
46.000_-77.500,2022-10,8.45,296.1,31,True
46.000_-77.500,2022-11,3.16,445.3,30,True
46.000_-77.500,2022-12,-3.02,651.7,31,True
46.500_-70.000,2016-01,-9.86,863.6,31,True
46.500_-70.000,2016-02,-8.86,779.0,29,True
46.500_-70.000,2016-03,-4.6,700.6,31,True
46.500_-70.000,2016-04,-0.1,542.9,30,True
46.500_-70.000,2016-05,10.83,222.6,31,True
46.500_-70.000,2016-06,15.58,95.6,30,True
46.500_-70.000,2016-07,18.08,34.4,31,True
46.500_-70.000,2016-08,18.43,19.3,31,True
46.500_-70.000,2016-09,14.24,120.4,30,True
46.500_-70.000,2016-10,7.19,335.0,31,True
46.500_-70.000,2016-11,1.6,492.1,30,True
46.500_-70.000,2016-12,-8.9,833.8,31,True
46.500_-70.000,2017-01,-8.02,806.6,31,True
46.500_-70.000,2017-02,-7.94,726.4,28,True
46.500_-70.000,2017-03,-7.56,792.3,31,True
46.500_-70.000,2017-04,3.66,430.1,30,True
46.500_-70.000,2017-05,9.78,257.8,31,True
46.500_-70.000,2017-06,15.52,90.2,30,True
46.500_-70.000,2017-07,17.39,33.9,31,True
46.500_-70.000,2017-08,16.25,66.6,31,True
46.500_-70.000,2017-09,15.41,94.4,30,True
46.500_-70.000,2017-10,10.61,229.2,31,True
46.500_-70.000,2017-11,-1.29,578.8,30,True
46.500_-70.000,2017-12,-10.95,897.3,31,True
46.500_-70.000,2018-01,-11.97,929.1,31,True
46.500_-70.000,2018-02,-6.32,681.1,28,True
46.500_-70.000,2018-03,-3.57,668.7,31,True
46.500_-70.000,2018-04,-0.15,544.6,30,True
46.500_-70.000,2018-05,11.48,205.5,31,True
46.500_-70.000,2018-06,14.68,109.3,30,True
46.500_-70.000,2018-07,20.41,7.9,31,True
46.500_-70.000,2018-08,19.22,15.0,31,True
46.500_-70.000,2018-09,13.89,135.5,30,True
46.500_-70.000,2018-10,3.83,439.2,31,True
46.500_-70.000,2018-11,-3.77,653.0,30,True
46.500_-70.000,2018-12,-8.65,826.0,31,True
46.500_-70.000,2019-01,-12.28,938.6,31,True
46.500_-70.000,2019-02,-11.04,813.1,28,True
46.500_-70.000,2019-03,-5.24,720.4,31,True
46.500_-70.000,2019-04,1.49,495.4,30,True
46.500_-70.000,2019-05,7.95,311.4,31,True
46.500_-70.000,2019-06,14.64,104.4,30,True
46.500_-70.000,2019-07,19.64,9.1,31,True
46.500_-70.000,2019-08,17.2,39.5,31,True
46.500_-70.000,2019-09,12.3,173.4,30,True
46.500_-70.000,2019-10,6.84,345.9,31,True
46.500_-70.000,2019-11,-3.52,645.7,30,True
46.500_-70.000,2019-12,-6.4,756.3,31,True
46.500_-70.000,2020-01,-8.39,818.1,31,True
46.500_-70.000,2020-02,-8.38,764.9,29,True
46.500_-70.000,2020-03,-3.37,662.5,31,True
46.500_-70.000,2020-04,0.63,521.0,30,True
46.500_-70.000,2020-05,9.72,275.8,31,True
46.500_-70.000,2020-06,16.95,76.1,30,True
46.500_-70.000,2020-07,20.04,6.4,31,True
46.500_-70.000,2020-08,17.24,53.6,31,True
46.500_-70.000,2020-09,12.9,156.4,30,True
46.500_-70.000,2020-10,5.75,379.7,31,True
46.500_-70.000,2020-11,1.87,484.0,30,True
46.500_-70.000,2020-12,-4.11,685.5,31,True
46.500_-70.000,2021-01,-8.82,831.5,31,True
46.500_-70.000,2021-02,-9.43,768.0,28,True
46.500_-70.000,2021-03,-3.27,659.4,31,True
46.500_-70.000,2021-04,4.79,396.3,30,True
46.500_-70.000,2021-05,10.36,243.7,31,True
46.500_-70.000,2021-06,17.47,51.0,30,True
46.500_-70.000,2021-07,17.06,51.4,31,True
46.500_-70.000,2021-08,19.9,16.0,31,True
46.500_-70.000,2021-09,14.25,114.8,30,True
46.500_-70.000,2021-10,9.06,277.1,31,True
46.500_-70.000,2021-11,-0.28,548.5,30,True
46.500_-70.000,2021-12,-6.98,774.4,31,True
46.500_-70.000,2022-01,-14.29,1000.9,31,True
46.500_-70.000,2022-02,-9.64,773.9,28,True
46.500_-70.000,2022-03,-3.75,674.3,31,True
46.500_-70.000,2022-04,2.79,456.3,30,True
46.500_-70.000,2022-05,12.04,191.5,31,True
46.500_-70.000,2022-06,15.05,97.2,30,True
46.500_-70.000,2022-07,18.62,22.4,31,True
46.500_-70.000,2022-08,18.06,31.9,31,True
46.500_-70.000,2022-09,13.05,152.2,30,True
46.500_-70.000,2022-10,8.55,292.9,31,True
46.500_-70.000,2022-11,0.82,515.3,30,True
46.500_-70.000,2022-12,-4.05,683.6,31,True
46.500_-70.500,2016-01,-10.35,878.9,31,True
46.500_-70.500,2016-02,-9.55,798.9,29,True
46.500_-70.500,2016-03,-5.05,714.4,31,True
46.500_-70.500,2016-04,-1.13,573.8,30,True
46.500_-70.500,2016-05,9.92,250.4,31,True
46.500_-70.500,2016-06,14.66,114.6,30,True
46.500_-70.500,2016-07,17.16,45.1,31,True
46.500_-70.500,2016-08,17.57,31.7,31,True
46.500_-70.500,2016-09,13.44,140.2,30,True
46.500_-70.500,2016-10,6.41,359.4,31,True
46.500_-70.500,2016-11,1.06,508.2,30,True
46.500_-70.500,2016-12,-9.64,856.9,31,True
46.500_-70.500,2017-01,-9.19,843.0,31,True
46.500_-70.500,2017-02,-9.02,756.5,28,True
46.500_-70.500,2017-03,-8.75,829.2,31,True
46.500_-70.500,2017-04,2.61,461.7,30,True
46.500_-70.500,2017-05,8.61,293.1,31,True
46.500_-70.500,2017-06,14.26,120.1,30,True
46.500_-70.500,2017-07,16.2,58.7,31,True
46.500_-70.500,2017-08,15.25,91.1,31,True
46.500_-70.500,2017-09,14.51,115.3,30,True
46.500_-70.500,2017-10,9.45,265.0,31,True
46.500_-70.500,2017-11,-2.78,623.5,30,True
46.500_-70.500,2017-12,-12.94,959.2,31,True
46.500_-70.500,2018-01,-13.21,967.6,31,True
46.500_-70.500,2018-02,-7.68,718.9,28,True
46.500_-70.500,2018-03,-4.61,701.0,31,True
46.500_-70.500,2018-04,-1.14,574.1,30,True
46.500_-70.500,2018-05,10.2,244.2,31,True
46.500_-70.500,2018-06,13.62,134.5,30,True
46.500_-70.500,2018-07,19.14,18.4,31,True
46.500_-70.500,2018-08,18.07,27.5,31,True
46.500_-70.500,2018-09,12.84,160.6,30,True
46.500_-70.500,2018-10,2.57,478.4,31,True
46.500_-70.500,2018-11,-5.0,689.9,30,True
46.500_-70.500,2018-12,-9.66,857.6,31,True
46.500_-70.500,2019-01,-13.87,988.1,31,True
46.500_-70.500,2019-02,-12.49,853.8,28,True
46.500_-70.500,2019-03,-6.5,759.6,31,True
46.500_-70.500,2019-04,0.42,527.5,30,True
46.500_-70.500,2019-05,6.58,354.0,31,True
46.500_-70.500,2019-06,13.61,133.9,30,True
46.500_-70.500,2019-07,18.49,20.7,31,True
46.500_-70.500,2019-08,16.03,64.0,31,True
46.500_-70.500,2019-09,11.3,201.0,30,True
46.500_-70.500,2019-10,5.9,375.0,31,True
46.500_-70.500,2019-11,-4.84,685.3,30,True
46.500_-70.500,2019-12,-8.26,814.1,31,True
46.500_-70.500,2020-01,-9.38,848.7,31,True
46.500_-70.500,2020-02,-9.69,803.1,29,True
46.500_-70.500,2020-03,-4.4,694.4,31,True
46.500_-70.500,2020-04,-0.34,550.2,30,True
46.500_-70.500,2020-05,8.21,316.8,31,True
46.500_-70.500,2020-06,15.67,100.3,30,True
46.500_-70.500,2020-07,18.9,14.9,31,True
46.500_-70.500,2020-08,15.93,78.8,31,True
46.500_-70.500,2020-09,11.72,188.5,30,True
46.500_-70.500,2020-10,4.44,420.3,31,True
46.500_-70.500,2020-11,0.57,522.9,30,True
46.500_-70.500,2020-12,-5.65,733.3,31,True
46.500_-70.500,2021-01,-10.0,868.0,31,True
46.500_-70.500,2021-02,-10.51,798.2,28,True
46.500_-70.500,2021-03,-4.56,699.5,31,True
46.500_-70.500,2021-04,3.68,429.5,30,True
46.500_-70.500,2021-05,9.44,268.7,31,True
46.500_-70.500,2021-06,16.2,77.0,30,True
46.500_-70.500,2021-07,16.04,71.1,31,True
46.500_-70.500,2021-08,18.74,27.0,31,True
46.500_-70.500,2021-09,13.09,147.9,30,True
46.500_-70.500,2021-10,8.26,302.0,31,True
46.500_-70.500,2021-11,-1.69,590.8,30,True
46.500_-70.500,2021-12,-8.3,815.4,31,True
46.500_-70.500,2022-01,-15.74,1045.9,31,True
46.500_-70.500,2022-02,-10.99,811.6,28,True
46.500_-70.500,2022-03,-5.14,717.3,31,True
46.500_-70.500,2022-04,1.44,496.7,30,True
46.500_-70.500,2022-05,11.05,218.8,31,True
46.500_-70.500,2022-06,14.03,123.5,30,True
46.500_-70.500,2022-07,17.23,40.4,31,True
46.500_-70.500,2022-08,17.02,49.8,31,True
46.500_-70.500,2022-09,12.01,181.9,30,True
46.500_-70.500,2022-10,7.6,322.5,31,True
46.500_-70.500,2022-11,-0.36,550.9,30,True
46.500_-70.500,2022-12,-5.67,733.9,31,True
46.500_-71.000,2016-01,-8.83,831.8,31,True
46.500_-71.000,2016-02,-8.42,766.2,29,True
46.500_-71.000,2016-03,-3.76,674.7,31,True
46.500_-71.000,2016-04,1.25,502.4,30,True
46.500_-71.000,2016-05,11.76,196.4,31,True
46.500_-71.000,2016-06,16.51,71.9,30,True
46.500_-71.000,2016-07,18.81,22.9,31,True
46.500_-71.000,2016-08,19.3,8.1,31,True
46.500_-71.000,2016-09,15.0,101.2,30,True
46.500_-71.000,2016-10,7.89,313.5,31,True
46.500_-71.000,2016-11,2.35,469.5,30,True
46.500_-71.000,2016-12,-7.83,800.6,31,True
46.500_-71.000,2017-01,-7.51,790.7,31,True
46.500_-71.000,2017-02,-7.16,704.4,28,True
46.500_-71.000,2017-03,-7.08,777.6,31,True
46.500_-71.000,2017-04,4.69,399.2,30,True
46.500_-71.000,2017-05,10.36,240.9,31,True
46.500_-71.000,2017-06,16.22,75.0,30,True
46.500_-71.000,2017-07,18.06,22.6,31,True
46.500_-71.000,2017-08,17.03,49.1,31,True
46.500_-71.000,2017-09,15.98,83.1,30,True
46.500_-71.000,2017-10,11.21,210.8,31,True
46.500_-71.000,2017-11,-0.76,562.9,30,True
46.500_-71.000,2017-12,-10.76,891.6,31,True
46.500_-71.000,2018-01,-11.61,917.9,31,True
46.500_-71.000,2018-02,-5.66,662.4,28,True
46.500_-71.000,2018-03,-3.45,664.8,31,True
46.500_-71.000,2018-04,0.82,515.5,30,True
46.500_-71.000,2018-05,12.22,184.8,31,True
46.500_-71.000,2018-06,15.4,92.9,30,True
46.500_-71.000,2018-07,21.0,5.2,31,True
46.500_-71.000,2018-08,19.93,10.1,31,True
46.500_-71.000,2018-09,14.59,121.9,30,True
46.500_-71.000,2018-10,4.63,414.6,31,True
46.500_-71.000,2018-11,-2.88,626.3,30,True
46.500_-71.000,2018-12,-7.71,797.1,31,True
46.500_-71.000,2019-01,-12.22,936.7,31,True
46.500_-71.000,2019-02,-10.52,798.6,28,True
46.500_-71.000,2019-03,-4.64,701.8,31,True
46.500_-71.000,2019-04,2.24,472.7,30,True
46.500_-71.000,2019-05,8.86,283.2,31,True
46.500_-71.000,2019-06,15.15,91.9,30,True
46.500_-71.000,2019-07,20.25,6.3,31,True
46.500_-71.000,2019-08,17.75,31.6,31,True
46.500_-71.000,2019-09,12.96,154.9,30,True
46.500_-71.000,2019-10,7.72,318.8,31,True
46.500_-71.000,2019-11,-3.09,632.8,30,True
46.500_-71.000,2019-12,-6.02,744.5,31,True
46.500_-71.000,2020-01,-7.84,801.1,31,True
46.500_-71.000,2020-02,-7.92,751.6,29,True
46.500_-71.000,2020-03,-2.57,637.8,31,True
46.500_-71.000,2020-04,1.63,491.1,30,True
46.500_-71.000,2020-05,10.42,258.2,31,True
46.500_-71.000,2020-06,17.54,64.3,30,True
46.500_-71.000,2020-07,20.66,2.5,31,True
46.500_-71.000,2020-08,17.73,47.0,31,True
46.500_-71.000,2020-09,13.3,145.6,30,True
46.500_-71.000,2020-10,6.53,355.6,31,True
46.500_-71.000,2020-11,2.51,464.8,30,True
46.500_-71.000,2020-12,-4.05,683.6,31,True
46.500_-71.000,2021-01,-8.84,832.1,31,True
46.500_-71.000,2021-02,-9.05,757.4,28,True
46.500_-71.000,2021-03,-2.66,640.6,31,True
46.500_-71.000,2021-04,5.33,380.2,30,True
46.500_-71.000,2021-05,11.2,222.8,31,True
46.500_-71.000,2021-06,18.13,39.6,30,True
46.500_-71.000,2021-07,17.84,37.7,31,True
46.500_-71.000,2021-08,20.75,8.8,31,True
46.500_-71.000,2021-09,14.95,95.7,30,True
46.500_-71.000,2021-10,9.71,257.1,31,True
46.500_-71.000,2021-11,0.27,531.9,30,True
46.500_-71.000,2021-12,-6.25,751.9,31,True
46.500_-71.000,2022-01,-14.38,1003.8,31,True
46.500_-71.000,2022-02,-9.31,764.6,28,True
46.500_-71.000,2022-03,-3.45,665.1,31,True
46.500_-71.000,2022-04,3.38,438.7,30,True
46.500_-71.000,2022-05,12.85,168.4,31,True
46.500_-71.000,2022-06,15.7,80.8,30,True
46.500_-71.000,2022-07,19.15,16.9,31,True
46.500_-71.000,2022-08,18.57,25.5,31,True
46.500_-71.000,2022-09,13.71,137.4,30,True
46.500_-71.000,2022-10,9.01,278.7,31,True
46.500_-71.000,2022-11,1.39,498.4,30,True
46.500_-71.000,2022-12,-3.35,661.9,31,True
46.500_-71.500,2016-01,-8.28,814.8,31,True
46.500_-71.500,2016-02,-8.27,761.9,29,True
46.500_-71.500,2016-03,-3.49,666.1,31,True
46.500_-71.500,2016-04,1.72,488.4,30,True
46.500_-71.500,2016-05,12.14,186.7,31,True
46.500_-71.500,2016-06,17.07,60.0,30,True
46.500_-71.500,2016-07,19.35,17.4,31,True
46.500_-71.500,2016-08,19.8,4.4,31,True
46.500_-71.500,2016-09,15.45,89.7,30,True
46.500_-71.500,2016-10,8.32,300.0,31,True
46.500_-71.500,2016-11,2.77,456.8,30,True
46.500_-71.500,2016-12,-7.31,784.6,31,True
46.500_-71.500,2017-01,-7.49,790.3,31,True
46.500_-71.500,2017-02,-6.99,699.7,28,True
46.500_-71.500,2017-03,-6.55,761.0,31,True
46.500_-71.500,2017-04,5.06,388.2,30,True
46.500_-71.500,2017-05,10.96,223.0,31,True
46.500_-71.500,2017-06,16.93,62.2,30,True
46.500_-71.500,2017-07,18.65,14.3,31,True
46.500_-71.500,2017-08,17.68,38.9,31,True
46.500_-71.500,2017-09,16.35,73.3,30,True
46.500_-71.500,2017-10,11.75,195.3,31,True
46.500_-71.500,2017-11,-0.24,547.2,30,True
46.500_-71.500,2017-12,-10.62,887.2,31,True
46.500_-71.500,2018-01,-11.71,920.9,31,True
46.500_-71.500,2018-02,-5.71,664.0,28,True
46.500_-71.500,2018-03,-2.52,636.1,31,True
46.500_-71.500,2018-04,0.98,510.5,30,True
46.500_-71.500,2018-05,12.84,168.6,31,True
46.500_-71.500,2018-06,16.1,78.3,30,True
46.500_-71.500,2018-07,21.66,2.1,31,True
46.500_-71.500,2018-08,20.7,5.9,31,True
46.500_-71.500,2018-09,15.27,107.9,30,True
46.500_-71.500,2018-10,5.29,394.0,31,True
46.500_-71.500,2018-11,-2.6,618.0,30,True
46.500_-71.500,2018-12,-8.18,811.5,31,True
46.500_-71.500,2019-01,-12.3,939.3,31,True
46.500_-71.500,2019-02,-10.47,797.1,28,True
46.500_-71.500,2019-03,-4.19,687.8,31,True
46.500_-71.500,2019-04,2.8,456.0,30,True
46.500_-71.500,2019-05,9.61,260.2,31,True
46.500_-71.500,2019-06,15.88,75.6,30,True
46.500_-71.500,2019-07,21.0,2.4,31,True
46.500_-71.500,2019-08,18.29,22.7,31,True
46.500_-71.500,2019-09,13.57,138.3,30,True
46.500_-71.500,2019-10,8.02,309.4,31,True
46.500_-71.500,2019-11,-2.76,622.9,30,True
46.500_-71.500,2019-12,-5.47,727.7,31,True
46.500_-71.500,2020-01,-7.91,803.3,31,True
46.500_-71.500,2020-02,-7.77,747.3,29,True
46.500_-71.500,2020-03,-2.11,623.5,31,True
46.500_-71.500,2020-04,2.42,467.5,30,True
46.500_-71.500,2020-05,11.33,235.2,31,True
46.500_-71.500,2020-06,18.17,53.9,30,True
46.500_-71.500,2020-07,21.41,0.4,31,True
46.500_-71.500,2020-08,18.3,38.8,31,True
46.500_-71.500,2020-09,13.78,136.0,30,True
46.500_-71.500,2020-10,7.14,336.8,31,True
46.500_-71.500,2020-11,2.79,456.2,30,True
46.500_-71.500,2020-12,-3.6,669.7,31,True
46.500_-71.500,2021-01,-8.48,820.8,31,True
46.500_-71.500,2021-02,-8.76,749.4,28,True
46.500_-71.500,2021-03,-1.95,618.4,31,True
46.500_-71.500,2021-04,6.01,359.6,30,True
46.500_-71.500,2021-05,12.13,198.0,31,True
46.500_-71.500,2021-06,19.01,27.7,30,True
46.500_-71.500,2021-07,18.6,25.6,31,True
46.500_-71.500,2021-08,21.53,5.1,31,True
46.500_-71.500,2021-09,15.56,77.3,30,True
46.500_-71.500,2021-10,10.07,245.7,31,True
46.500_-71.500,2021-11,0.8,515.9,30,True
46.500_-71.500,2021-12,-6.04,745.2,31,True
46.500_-71.500,2022-01,-14.93,1020.8,31,True
46.500_-71.500,2022-02,-9.25,763.0,28,True
46.500_-71.500,2022-03,-3.19,657.0,31,True
46.500_-71.500,2022-04,3.94,421.9,30,True
46.500_-71.500,2022-05,13.36,156.2,31,True
46.500_-71.500,2022-06,16.48,63.1,30,True
46.500_-71.500,2022-07,19.86,9.7,31,True
46.500_-71.500,2022-08,19.01,20.4,31,True
46.500_-71.500,2022-09,14.18,124.7,30,True
46.500_-71.500,2022-10,9.18,273.4,31,True
46.500_-71.500,2022-11,1.85,484.9,30,True
46.500_-71.500,2022-12,-2.78,644.3,31,True
46.500_-72.000,2016-01,-7.84,801.1,31,True
46.500_-72.000,2016-02,-8.22,760.4,29,True
46.500_-72.000,2016-03,-3.35,661.8,31,True
46.500_-72.000,2016-04,1.99,480.3,30,True
46.500_-72.000,2016-05,12.5,177.8,31,True
46.500_-72.000,2016-06,17.37,53.0,30,True
46.500_-72.000,2016-07,19.64,13.5,31,True
46.500_-72.000,2016-08,20.17,2.1,31,True
46.500_-72.000,2016-09,15.79,80.6,30,True
46.500_-72.000,2016-10,8.61,291.2,31,True
46.500_-72.000,2016-11,3.05,448.4,30,True
46.500_-72.000,2016-12,-6.83,769.7,31,True
46.500_-72.000,2017-01,-7.3,784.3,31,True
46.500_-72.000,2017-02,-6.74,692.7,28,True
46.500_-72.000,2017-03,-6.25,751.7,31,True
46.500_-72.000,2017-04,5.32,380.3,30,True
46.500_-72.000,2017-05,11.41,208.9,31,True
46.500_-72.000,2017-06,17.23,55.0,30,True
46.500_-72.000,2017-07,19.12,8.8,31,True
46.500_-72.000,2017-08,18.07,30.6,31,True
46.500_-72.000,2017-09,16.78,65.0,30,True
46.500_-72.000,2017-10,12.13,183.5,31,True
46.500_-72.000,2017-11,0.05,538.6,30,True
46.500_-72.000,2017-12,-10.46,882.4,31,True
46.500_-72.000,2018-01,-11.7,920.6,31,True
46.500_-72.000,2018-02,-5.77,665.6,28,True
46.500_-72.000,2018-03,-2.03,621.0,31,True
46.500_-72.000,2018-04,1.14,505.7,30,True
46.500_-72.000,2018-05,13.12,161.0,31,True
46.500_-72.000,2018-06,16.66,65.9,30,True
46.500_-72.000,2018-07,22.09,0.6,31,True
46.500_-72.000,2018-08,21.03,4.9,31,True
46.500_-72.000,2018-09,15.65,99.0,30,True
46.500_-72.000,2018-10,5.73,380.3,31,True
46.500_-72.000,2018-11,-2.36,610.8,30,True
46.500_-72.000,2018-12,-8.44,819.6,31,True
46.500_-72.000,2019-01,-12.2,936.1,31,True
46.500_-72.000,2019-02,-10.25,790.9,28,True
46.500_-72.000,2019-03,-3.96,680.8,31,True
46.500_-72.000,2019-04,3.07,448.0,30,True
46.500_-72.000,2019-05,10.1,244.9,31,True
46.500_-72.000,2019-06,16.21,67.8,30,True
46.500_-72.000,2019-07,21.46,1.3,31,True
46.500_-72.000,2019-08,18.79,13.2,31,True
46.500_-72.000,2019-09,14.03,124.4,30,True
46.500_-72.000,2019-10,8.46,295.8,31,True
46.500_-72.000,2019-11,-2.39,611.7,30,True
46.500_-72.000,2019-12,-5.53,729.3,31,True
46.500_-72.000,2020-01,-7.79,799.5,31,True
46.500_-72.000,2020-02,-7.77,747.2,29,True
46.500_-72.000,2020-03,-1.81,614.2,31,True
46.500_-72.000,2020-04,2.93,452.2,30,True
46.500_-72.000,2020-05,11.87,222.9,31,True
46.500_-72.000,2020-06,18.86,45.1,30,True
46.500_-72.000,2020-07,21.98,0.0,31,True
46.500_-72.000,2020-08,18.76,31.0,31,True
46.500_-72.000,2020-09,14.04,127.8,30,True
46.500_-72.000,2020-10,7.39,328.8,31,True
46.500_-72.000,2020-11,2.91,452.6,30,True
46.500_-72.000,2020-12,-3.6,669.6,31,True
46.500_-72.000,2021-01,-8.25,813.8,31,True
46.500_-72.000,2021-02,-8.72,748.2,28,True
46.500_-72.000,2021-03,-1.71,610.9,31,True
46.500_-72.000,2021-04,6.6,342.1,30,True
46.500_-72.000,2021-05,12.71,180.5,31,True
46.500_-72.000,2021-06,19.4,20.6,30,True
46.500_-72.000,2021-07,19.12,17.1,31,True
46.500_-72.000,2021-08,22.04,2.9,31,True
46.500_-72.000,2021-09,15.96,67.0,30,True
46.500_-72.000,2021-10,10.68,226.9,31,True
46.500_-72.000,2021-11,1.21,503.8,30,True
46.500_-72.000,2021-12,-5.97,743.1,31,True
46.500_-72.000,2022-01,-15.11,1026.5,31,True
46.500_-72.000,2022-02,-9.17,760.8,28,True
46.500_-72.000,2022-03,-3.04,652.3,31,True
46.500_-72.000,2022-04,4.17,415.0,30,True
46.500_-72.000,2022-05,13.92,141.5,31,True
46.500_-72.000,2022-06,16.88,53.3,30,True
46.500_-72.000,2022-07,20.21,5.5,31,True
46.500_-72.000,2022-08,19.42,13.7,31,True
46.500_-72.000,2022-09,14.58,114.3,30,True
46.500_-72.000,2022-10,9.37,267.5,31,True
46.500_-72.000,2022-11,2.38,469.0,30,True
46.500_-72.000,2022-12,-2.72,642.2,31,True
46.500_-72.500,2016-01,-7.95,804.3,31,True
46.500_-72.500,2016-02,-8.54,769.7,29,True
46.500_-72.500,2016-03,-3.28,659.8,31,True
46.500_-72.500,2016-04,1.8,485.9,30,True
46.500_-72.500,2016-05,13.04,166.6,31,True
46.500_-72.500,2016-06,17.85,45.9,30,True
46.500_-72.500,2016-07,20.17,10.3,31,True
46.500_-72.500,2016-08,20.72,1.5,31,True
46.500_-72.500,2016-09,16.25,72.5,30,True
46.500_-72.500,2016-10,8.66,289.6,31,True
46.500_-72.500,2016-11,3.19,444.4,30,True
46.500_-72.500,2016-12,-6.83,769.7,31,True
46.500_-72.500,2017-01,-7.67,795.7,31,True
46.500_-72.500,2017-02,-7.0,699.9,28,True
46.500_-72.500,2017-03,-6.2,750.3,31,True
46.500_-72.500,2017-04,4.78,396.5,30,True
46.500_-72.500,2017-05,11.35,210.0,31,True
46.500_-72.500,2017-06,17.25,54.1,30,True
46.500_-72.500,2017-07,19.14,8.7,31,True
46.500_-72.500,2017-08,18.01,30.2,31,True
46.500_-72.500,2017-09,16.79,65.9,30,True
46.500_-72.500,2017-10,11.79,193.7,31,True
46.500_-72.500,2017-11,-0.36,550.8,30,True
46.500_-72.500,2017-12,-10.9,896.0,31,True
46.500_-72.500,2018-01,-12.43,943.2,31,True
46.500_-72.500,2018-02,-6.63,689.6,28,True
46.500_-72.500,2018-03,-1.94,618.0,31,True
46.500_-72.500,2018-04,1.02,509.4,30,True
46.500_-72.500,2018-05,13.02,164.4,31,True
46.500_-72.500,2018-06,16.92,60.3,30,True
46.500_-72.500,2018-07,22.29,0.3,31,True
46.500_-72.500,2018-08,20.98,6.0,31,True
46.500_-72.500,2018-09,15.45,103.6,30,True
46.500_-72.500,2018-10,5.46,388.8,31,True
46.500_-72.500,2018-11,-2.83,624.8,30,True
46.500_-72.500,2018-12,-8.97,836.1,31,True
46.500_-72.500,2019-01,-12.8,954.8,31,True
46.500_-72.500,2019-02,-10.58,800.3,28,True
46.500_-72.500,2019-03,-4.45,695.8,31,True
46.500_-72.500,2019-04,2.75,457.4,30,True
46.500_-72.500,2019-05,9.98,248.6,31,True
46.500_-72.500,2019-06,16.29,69.0,30,True
46.500_-72.500,2019-07,21.68,1.3,31,True
46.500_-72.500,2019-08,18.87,11.9,31,True
46.500_-72.500,2019-09,14.01,124.2,30,True
46.500_-72.500,2019-10,8.2,303.9,31,True
46.500_-72.500,2019-11,-2.65,619.5,30,True
46.500_-72.500,2019-12,-6.05,745.5,31,True
46.500_-72.500,2020-01,-7.99,805.8,31,True
46.500_-72.500,2020-02,-8.2,759.9,29,True
46.500_-72.500,2020-03,-2.05,621.5,31,True
46.500_-72.500,2020-04,2.73,458.2,30,True
46.500_-72.500,2020-05,11.9,222.2,31,True
46.500_-72.500,2020-06,18.96,44.0,30,True
46.500_-72.500,2020-07,22.08,0.0,31,True
46.500_-72.500,2020-08,18.64,31.0,31,True
46.500_-72.500,2020-09,13.65,135.6,30,True
46.500_-72.500,2020-10,6.87,345.0,31,True
46.500_-72.500,2020-11,2.13,476.1,30,True
46.500_-72.500,2020-12,-4.47,696.7,31,True
46.500_-72.500,2021-01,-8.37,817.4,31,True
46.500_-72.500,2021-02,-9.15,760.3,28,True
46.500_-72.500,2021-03,-2.23,627.1,31,True
46.500_-72.500,2021-04,6.84,334.8,30,True
46.500_-72.500,2021-05,12.84,176.7,31,True
46.500_-72.500,2021-06,19.52,18.2,30,True
46.500_-72.500,2021-07,19.12,18.0,31,True
46.500_-72.500,2021-08,21.9,4.0,31,True
46.500_-72.500,2021-09,15.87,67.1,30,True
46.500_-72.500,2021-10,10.42,234.9,31,True
46.500_-72.500,2021-11,0.8,515.9,30,True
46.500_-72.500,2021-12,-6.61,762.8,31,True
46.500_-72.500,2022-01,-15.78,1047.2,31,True
46.500_-72.500,2022-02,-10.03,784.8,28,True
46.500_-72.500,2022-03,-3.29,659.9,31,True
46.500_-72.500,2022-04,3.97,420.8,30,True
46.500_-72.500,2022-05,14.22,135.1,31,True
46.500_-72.500,2022-06,16.93,51.1,30,True
46.500_-72.500,2022-07,20.16,5.2,31,True
46.500_-72.500,2022-08,19.39,12.4,31,True
46.500_-72.500,2022-09,14.35,121.4,30,True
46.500_-72.500,2022-10,8.71,287.9,31,True
46.500_-72.500,2022-11,1.92,482.3,30,True
46.500_-72.500,2022-12,-3.28,659.7,31,True
46.500_-73.000,2016-01,-8.92,834.6,31,True
46.500_-73.000,2016-02,-9.63,801.2,29,True
46.500_-73.000,2016-03,-3.84,677.1,31,True
46.500_-73.000,2016-04,0.04,538.8,30,True
46.500_-73.000,2016-05,12.34,185.6,31,True
46.500_-73.000,2016-06,17.15,60.5,30,True
46.500_-73.000,2016-07,19.54,16.0,31,True
46.500_-73.000,2016-08,20.1,4.1,31,True
46.500_-73.000,2016-09,15.59,86.2,30,True
46.500_-73.000,2016-10,7.87,314.0,31,True
46.500_-73.000,2016-11,2.32,470.5,30,True
46.500_-73.000,2016-12,-8.02,806.7,31,True
46.500_-73.000,2017-01,-7.98,805.5,31,True
46.500_-73.000,2017-02,-7.45,712.7,28,True
46.500_-73.000,2017-03,-6.56,761.3,31,True
46.500_-73.000,2017-04,4.41,407.6,30,True
46.500_-73.000,2017-05,10.92,223.1,31,True
46.500_-73.000,2017-06,16.82,61.0,30,True
46.500_-73.000,2017-07,18.8,11.6,31,True
46.500_-73.000,2017-08,17.55,35.4,31,True
46.500_-73.000,2017-09,16.65,71.3,30,True
46.500_-73.000,2017-10,11.23,209.9,31,True
46.500_-73.000,2017-11,-1.14,574.3,30,True
46.500_-73.000,2017-12,-11.35,910.0,31,True
46.500_-73.000,2018-01,-12.62,949.1,31,True
46.500_-73.000,2018-02,-7.01,700.3,28,True
46.500_-73.000,2018-03,-2.4,632.5,31,True
46.500_-73.000,2018-04,0.4,527.9,30,True
46.500_-73.000,2018-05,12.77,170.6,31,True
46.500_-73.000,2018-06,16.64,65.5,30,True
46.500_-73.000,2018-07,21.91,0.5,31,True
46.500_-73.000,2018-08,20.44,7.0,31,True
46.500_-73.000,2018-09,15.01,112.6,30,True
46.500_-73.000,2018-10,4.85,407.8,31,True
46.500_-73.000,2018-11,-3.38,641.4,30,True
46.500_-73.000,2018-12,-8.94,835.2,31,True
46.500_-73.000,2019-01,-13.33,971.1,31,True
46.500_-73.000,2019-02,-10.84,807.5,28,True
46.500_-73.000,2019-03,-4.9,710.0,31,True
46.500_-73.000,2019-04,2.17,474.8,30,True
46.500_-73.000,2019-05,9.32,269.1,31,True
46.500_-73.000,2019-06,15.97,75.3,30,True
46.500_-73.000,2019-07,21.48,1.8,31,True
46.500_-73.000,2019-08,18.59,14.9,31,True
46.500_-73.000,2019-09,13.73,131.5,30,True
46.500_-73.000,2019-10,7.82,315.6,31,True
46.500_-73.000,2019-11,-3.18,635.5,30,True
46.500_-73.000,2019-12,-7.05,776.7,31,True
46.500_-73.000,2020-01,-8.17,811.4,31,True
46.500_-73.000,2020-02,-8.54,769.6,29,True
46.500_-73.000,2020-03,-2.45,634.1,31,True
46.500_-73.000,2020-04,1.8,486.0,30,True
46.500_-73.000,2020-05,11.3,236.9,31,True
46.500_-73.000,2020-06,18.47,52.3,30,True
46.500_-73.000,2020-07,21.78,0.0,31,True
46.500_-73.000,2020-08,18.27,33.9,31,True
46.500_-73.000,2020-09,13.23,145.0,30,True
46.500_-73.000,2020-10,6.25,364.3,31,True
46.500_-73.000,2020-11,1.73,488.2,30,True
46.500_-73.000,2020-12,-5.11,716.5,31,True
46.500_-73.000,2021-01,-8.59,824.2,31,True
46.500_-73.000,2021-02,-9.15,760.2,28,True
46.500_-73.000,2021-03,-2.52,636.2,31,True
46.500_-73.000,2021-04,6.58,342.6,30,True
46.500_-73.000,2021-05,12.52,185.1,31,True
46.500_-73.000,2021-06,18.91,25.3,30,True
46.500_-73.000,2021-07,18.74,22.4,31,True
46.500_-73.000,2021-08,21.25,6.5,31,True
46.500_-73.000,2021-09,15.25,84.4,30,True
46.500_-73.000,2021-10,10.2,241.8,31,True
46.500_-73.000,2021-11,0.29,531.3,30,True
46.500_-73.000,2021-12,-7.15,779.5,31,True
46.500_-73.000,2022-01,-16.03,1054.9,31,True
46.500_-73.000,2022-02,-10.43,796.1,28,True
46.500_-73.000,2022-03,-3.61,670.0,31,True
46.500_-73.000,2022-04,3.39,438.3,30,True
46.500_-73.000,2022-05,13.84,146.5,31,True
46.500_-73.000,2022-06,16.54,59.2,30,True
46.500_-73.000,2022-07,19.66,7.2,31,True
46.500_-73.000,2022-08,19.0,15.9,31,True
46.500_-73.000,2022-09,13.95,131.7,30,True
46.500_-73.000,2022-10,8.43,296.7,31,True
46.500_-73.000,2022-11,1.45,496.6,30,True
46.500_-73.000,2022-12,-4.04,683.2,31,True
46.500_-73.500,2016-01,-10.4,880.3,31,True
46.500_-73.500,2016-02,-11.18,846.2,29,True
46.500_-73.500,2016-03,-4.99,712.8,31,True
46.500_-73.500,2016-04,-2.03,600.8,30,True
46.500_-73.500,2016-05,10.17,247.1,31,True
46.500_-73.500,2016-06,15.47,98.4,30,True
46.500_-73.500,2016-07,17.92,32.3,31,True
46.500_-73.500,2016-08,18.53,17.8,31,True
46.500_-73.500,2016-09,14.07,123.3,30,True
46.500_-73.500,2016-10,6.34,361.4,31,True
46.500_-73.500,2016-11,0.66,520.3,30,True
46.500_-73.500,2016-12,-9.49,852.2,31,True
46.500_-73.500,2017-01,-9.07,839.1,31,True
46.500_-73.500,2017-02,-8.6,744.7,28,True
46.500_-73.500,2017-03,-8.32,815.8,31,True
46.500_-73.500,2017-04,2.84,454.8,30,True
46.500_-73.500,2017-05,9.19,275.3,31,True
46.500_-73.500,2017-06,15.1,100.4,30,True
46.500_-73.500,2017-07,17.37,35.3,31,True
46.500_-73.500,2017-08,16.01,68.6,31,True
46.500_-73.500,2017-09,15.54,99.1,30,True
46.500_-73.500,2017-10,9.85,252.5,31,True
46.500_-73.500,2017-11,-2.94,628.3,30,True
46.500_-73.500,2017-12,-13.15,965.7,31,True
46.500_-73.500,2018-01,-13.35,971.7,31,True
46.500_-73.500,2018-02,-8.16,732.5,28,True
46.500_-73.500,2018-03,-4.38,693.8,31,True
46.500_-73.500,2018-04,-1.13,573.8,30,True
46.500_-73.500,2018-05,11.37,210.6,31,True
46.500_-73.500,2018-06,15.18,97.8,30,True
46.500_-73.500,2018-07,20.37,7.5,31,True
46.500_-73.500,2018-08,18.93,19.7,31,True
46.500_-73.500,2018-09,13.65,142.8,30,True
46.500_-73.500,2018-10,3.08,462.6,31,True
46.500_-73.500,2018-11,-4.82,684.7,30,True
46.500_-73.500,2018-12,-9.55,854.1,31,True
46.500_-73.500,2019-01,-14.72,1014.4,31,True
46.500_-73.500,2019-02,-12.16,844.6,28,True
46.500_-73.500,2019-03,-6.38,755.7,31,True
46.500_-73.500,2019-04,0.64,520.7,30,True
46.500_-73.500,2019-05,7.19,335.2,31,True
46.500_-73.500,2019-06,14.45,113.8,30,True
46.500_-73.500,2019-07,20.03,7.6,31,True
46.500_-73.500,2019-08,16.92,45.0,31,True
46.500_-73.500,2019-09,12.33,171.2,30,True
46.500_-73.500,2019-10,6.35,361.1,31,True
46.500_-73.500,2019-11,-4.84,685.2,30,True
46.500_-73.500,2019-12,-8.25,813.8,31,True
46.500_-73.500,2020-01,-9.22,843.9,31,True
46.500_-73.500,2020-02,-9.53,798.4,29,True
46.500_-73.500,2020-03,-3.84,677.0,31,True
46.500_-73.500,2020-04,0.15,535.5,30,True
46.500_-73.500,2020-05,8.93,299.9,31,True
46.500_-73.500,2020-06,16.56,86.2,30,True
46.500_-73.500,2020-07,20.24,2.9,31,True
46.500_-73.500,2020-08,16.68,60.5,31,True
46.500_-73.500,2020-09,11.62,191.5,30,True
46.500_-73.500,2020-10,4.41,421.2,31,True
46.500_-73.500,2020-11,0.83,515.2,30,True
46.500_-73.500,2020-12,-6.72,766.2,31,True
46.500_-73.500,2021-01,-9.84,863.1,31,True
46.500_-73.500,2021-02,-10.35,793.8,28,True
46.500_-73.500,2021-03,-3.58,669.1,31,True
46.500_-73.500,2021-04,4.96,391.1,30,True
46.500_-73.500,2021-05,10.89,229.6,31,True
46.500_-73.500,2021-06,17.47,47.1,30,True
46.500_-73.500,2021-07,17.26,45.8,31,True
46.500_-73.500,2021-08,19.51,20.1,31,True
46.500_-73.500,2021-09,13.51,135.4,30,True
46.500_-73.500,2021-10,8.75,286.9,31,True
46.500_-73.500,2021-11,-1.3,578.9,30,True
46.500_-73.500,2021-12,-8.38,817.9,31,True
46.500_-73.500,2022-01,-17.05,1086.4,31,True
46.500_-73.500,2022-02,-11.87,836.3,28,True
46.500_-73.500,2022-03,-4.97,712.0,31,True
46.500_-73.500,2022-04,1.32,500.3,30,True
46.500_-73.500,2022-05,12.06,192.9,31,True
46.500_-73.500,2022-06,14.94,100.1,30,True
46.500_-73.500,2022-07,18.09,25.4,31,True
46.500_-73.500,2022-08,17.63,36.6,31,True
46.500_-73.500,2022-09,12.46,172.2,30,True
46.500_-73.500,2022-10,7.43,327.7,31,True
46.500_-73.500,2022-11,0.34,529.8,30,True
46.500_-73.500,2022-12,-6.11,747.3,31,True
46.500_-74.000,2016-01,-10.54,884.7,31,True
46.500_-74.000,2016-02,-11.56,857.1,29,True
46.500_-74.000,2016-03,-5.03,714.0,31,True
46.500_-74.000,2016-04,-2.48,614.4,30,True
46.500_-74.000,2016-05,9.66,261.9,31,True
46.500_-74.000,2016-06,14.97,110.2,30,True
46.500_-74.000,2016-07,17.65,34.8,31,True
46.500_-74.000,2016-08,18.32,20.3,31,True
46.500_-74.000,2016-09,13.94,126.7,30,True
46.500_-74.000,2016-10,6.29,363.0,31,True
46.500_-74.000,2016-11,0.39,528.2,30,True
46.500_-74.000,2016-12,-9.34,847.4,31,True
46.500_-74.000,2017-01,-9.25,844.9,31,True
46.500_-74.000,2017-02,-8.64,745.8,28,True
46.500_-74.000,2017-03,-8.58,824.1,31,True
46.500_-74.000,2017-04,2.84,454.9,30,True
46.500_-74.000,2017-05,8.94,282.2,31,True
46.500_-74.000,2017-06,14.67,109.4,30,True
46.500_-74.000,2017-07,16.99,41.6,31,True
46.500_-74.000,2017-08,15.71,75.7,31,True
46.500_-74.000,2017-09,15.13,105.3,30,True
46.500_-74.000,2017-10,9.77,255.2,31,True
46.500_-74.000,2017-11,-2.78,623.5,30,True
46.500_-74.000,2017-12,-13.2,967.1,31,True
46.500_-74.000,2018-01,-13.41,973.6,31,True
46.500_-74.000,2018-02,-8.33,737.3,28,True
46.500_-74.000,2018-03,-4.8,706.8,31,True
46.500_-74.000,2018-04,-1.41,582.3,30,True
46.500_-74.000,2018-05,10.86,224.7,31,True
46.500_-74.000,2018-06,14.84,103.6,30,True
46.500_-74.000,2018-07,19.9,10.7,31,True
46.500_-74.000,2018-08,18.67,21.0,31,True
46.500_-74.000,2018-09,13.56,142.9,30,True
46.500_-74.000,2018-10,3.12,461.4,31,True
46.500_-74.000,2018-11,-4.82,684.6,30,True
46.500_-74.000,2018-12,-9.69,858.5,31,True
46.500_-74.000,2019-01,-15.01,1023.3,31,True
46.500_-74.000,2019-02,-12.42,851.7,28,True
46.500_-74.000,2019-03,-6.86,770.8,31,True
46.500_-74.000,2019-04,0.4,527.9,30,True
46.500_-74.000,2019-05,6.88,344.7,31,True
46.500_-74.000,2019-06,13.88,128.0,30,True
46.500_-74.000,2019-07,19.45,10.3,31,True
46.500_-74.000,2019-08,16.6,51.2,31,True
46.500_-74.000,2019-09,12.2,174.5,30,True
46.500_-74.000,2019-10,6.45,357.9,31,True
46.500_-74.000,2019-11,-4.91,687.3,30,True
46.500_-74.000,2019-12,-8.45,820.0,31,True
46.500_-74.000,2020-01,-9.44,850.6,31,True
46.500_-74.000,2020-02,-9.81,806.6,29,True
46.500_-74.000,2020-03,-3.81,676.1,31,True
46.500_-74.000,2020-04,-0.23,546.8,30,True
46.500_-74.000,2020-05,8.55,307.5,31,True
46.500_-74.000,2020-06,15.95,96.2,30,True
46.500_-74.000,2020-07,19.99,3.3,31,True
46.500_-74.000,2020-08,16.45,64.0,31,True
46.500_-74.000,2020-09,11.38,198.6,30,True
46.500_-74.000,2020-10,4.49,418.8,31,True
46.500_-74.000,2020-11,0.77,516.8,30,True
46.500_-74.000,2020-12,-6.92,772.6,31,True
46.500_-74.000,2021-01,-10.15,872.7,31,True
46.500_-74.000,2021-02,-10.76,805.3,28,True
46.500_-74.000,2021-03,-4.0,682.0,31,True
46.500_-74.000,2021-04,4.75,397.6,30,True
46.500_-74.000,2021-05,10.25,245.6,31,True
46.500_-74.000,2021-06,16.91,57.1,30,True
46.500_-74.000,2021-07,16.98,51.0,31,True
46.500_-74.000,2021-08,19.18,23.3,31,True
46.500_-74.000,2021-09,13.32,140.9,30,True
46.500_-74.000,2021-10,8.75,286.9,31,True
46.500_-74.000,2021-11,-1.17,575.2,30,True
46.500_-74.000,2021-12,-8.44,819.7,31,True
46.500_-74.000,2022-01,-17.23,1092.2,31,True
46.500_-74.000,2022-02,-11.95,838.7,28,True
46.500_-74.000,2022-03,-5.23,720.1,31,True
46.500_-74.000,2022-04,1.1,506.9,30,True
46.500_-74.000,2022-05,11.82,198.4,31,True
46.500_-74.000,2022-06,14.63,107.9,30,True
46.500_-74.000,2022-07,17.61,32.8,31,True
46.500_-74.000,2022-08,17.41,37.9,31,True
46.500_-74.000,2022-09,12.29,174.7,30,True
46.500_-74.000,2022-10,7.24,333.7,31,True
46.500_-74.000,2022-11,0.43,527.1,30,True
46.500_-74.000,2022-12,-6.23,751.2,31,True
46.500_-74.500,2016-01,-10.11,871.3,31,True
46.500_-74.500,2016-02,-11.3,849.7,29,True
46.500_-74.500,2016-03,-4.57,699.8,31,True
46.500_-74.500,2016-04,-2.0,600.0,30,True
46.500_-74.500,2016-05,10.0,254.5,31,True
46.500_-74.500,2016-06,15.21,104.6,30,True
46.500_-74.500,2016-07,18.06,25.9,31,True
46.500_-74.500,2016-08,18.75,15.4,31,True
46.500_-74.500,2016-09,14.31,116.9,30,True
46.500_-74.500,2016-10,6.84,345.9,31,True
46.500_-74.500,2016-11,0.99,510.2,30,True
46.500_-74.500,2016-12,-8.48,821.0,31,True
46.500_-74.500,2017-01,-8.85,832.5,31,True
46.500_-74.500,2017-02,-8.19,733.2,28,True
46.500_-74.500,2017-03,-8.35,816.7,31,True
46.500_-74.500,2017-04,3.3,440.9,30,True
46.500_-74.500,2017-05,9.23,272.9,31,True
46.500_-74.500,2017-06,14.69,108.8,30,True
46.500_-74.500,2017-07,17.01,40.2,31,True
46.500_-74.500,2017-08,15.73,76.4,31,True
46.500_-74.500,2017-09,15.16,105.5,30,True
46.500_-74.500,2017-10,10.05,246.5,31,True
46.500_-74.500,2017-11,-2.46,613.9,30,True
46.500_-74.500,2017-12,-12.88,957.4,31,True
46.500_-74.500,2018-01,-13.01,961.2,31,True
46.500_-74.500,2018-02,-8.17,732.8,28,True
46.500_-74.500,2018-03,-4.72,704.4,31,True
46.500_-74.500,2018-04,-1.18,575.4,30,True
46.500_-74.500,2018-05,11.11,216.8,31,True
46.500_-74.500,2018-06,14.98,98.7,30,True
46.500_-74.500,2018-07,19.74,13.2,31,True
46.500_-74.500,2018-08,18.75,18.6,31,True
46.500_-74.500,2018-09,13.94,135.4,30,True
46.500_-74.500,2018-10,3.47,450.3,31,True
46.500_-74.500,2018-11,-4.29,668.8,30,True
46.500_-74.500,2018-12,-9.05,838.7,31,True
46.500_-74.500,2019-01,-14.88,1019.2,31,True
46.500_-74.500,2019-02,-12.22,846.2,28,True
46.500_-74.500,2019-03,-6.67,764.7,31,True
46.500_-74.500,2019-04,0.69,519.2,30,True
46.500_-74.500,2019-05,7.29,331.9,31,True
46.500_-74.500,2019-06,14.19,119.7,30,True
46.500_-74.500,2019-07,19.52,10.2,31,True
46.500_-74.500,2019-08,16.7,48.3,31,True
46.500_-74.500,2019-09,12.51,165.2,30,True
46.500_-74.500,2019-10,6.8,347.1,31,True
46.500_-74.500,2019-11,-4.75,682.6,30,True
46.500_-74.500,2019-12,-8.07,808.1,31,True
46.500_-74.500,2020-01,-9.07,839.3,31,True
46.500_-74.500,2020-02,-9.54,798.6,29,True
46.500_-74.500,2020-03,-3.33,661.3,31,True
46.500_-74.500,2020-04,-0.02,540.6,30,True
46.500_-74.500,2020-05,8.99,295.2,31,True
46.500_-74.500,2020-06,16.02,93.5,30,True
46.500_-74.500,2020-07,20.28,2.3,31,True
46.500_-74.500,2020-08,16.6,62.1,31,True
46.500_-74.500,2020-09,11.61,191.9,30,True
46.500_-74.500,2020-10,4.67,413.1,31,True
46.500_-74.500,2020-11,1.2,504.0,30,True
46.500_-74.500,2020-12,-6.42,756.9,31,True
46.500_-74.500,2021-01,-9.97,867.1,31,True
46.500_-74.500,2021-02,-10.56,799.7,28,True
46.500_-74.500,2021-03,-3.68,672.0,31,True
46.500_-74.500,2021-04,5.18,384.6,30,True
46.500_-74.500,2021-05,10.48,239.4,31,True
46.500_-74.500,2021-06,17.09,51.2,30,True
46.500_-74.500,2021-07,17.14,47.5,31,True
46.500_-74.500,2021-08,19.32,22.4,31,True
46.500_-74.500,2021-09,13.5,135.5,30,True
46.500_-74.500,2021-10,9.26,270.9,31,True
46.500_-74.500,2021-11,-0.94,568.2,30,True
46.500_-74.500,2021-12,-7.74,797.9,31,True
46.500_-74.500,2022-01,-16.76,1077.6,31,True
46.500_-74.500,2022-02,-11.45,824.5,28,True
46.500_-74.500,2022-03,-5.05,714.5,31,True
46.500_-74.500,2022-04,1.51,494.6,30,True
46.500_-74.500,2022-05,12.49,181.4,31,True
46.500_-74.500,2022-06,14.87,102.8,30,True
46.500_-74.500,2022-07,17.53,34.8,31,True
46.500_-74.500,2022-08,17.63,32.2,31,True
46.500_-74.500,2022-09,12.57,167.9,30,True
46.500_-74.500,2022-10,7.54,324.2,31,True
46.500_-74.500,2022-11,0.61,521.7,30,True
46.500_-74.500,2022-12,-5.66,733.6,31,True
46.500_-75.000,2016-01,-9.09,839.8,31,True
46.500_-75.000,2016-02,-10.49,826.1,29,True
46.500_-75.000,2016-03,-3.81,676.2,31,True
46.500_-75.000,2016-04,-1.03,570.8,30,True
46.500_-75.000,2016-05,11.37,216.4,31,True
46.500_-75.000,2016-06,16.18,85.3,30,True
46.500_-75.000,2016-07,19.19,13.6,31,True
46.500_-75.000,2016-08,19.85,4.9,31,True
46.500_-75.000,2016-09,15.35,90.9,30,True
46.500_-75.000,2016-10,7.88,313.8,31,True
46.500_-75.000,2016-11,2.13,476.0,30,True
46.500_-75.000,2016-12,-6.91,772.2,31,True
46.500_-75.000,2017-01,-7.92,803.6,31,True
46.500_-75.000,2017-02,-7.36,710.1,28,True
46.500_-75.000,2017-03,-7.44,788.7,31,True
46.500_-75.000,2017-04,3.85,424.5,30,True
46.500_-75.000,2017-05,10.1,247.1,31,True
46.500_-75.000,2017-06,15.5,88.7,30,True
46.500_-75.000,2017-07,17.99,21.4,31,True
46.500_-75.000,2017-08,16.56,54.8,31,True
46.500_-75.000,2017-09,15.67,90.9,30,True
46.500_-75.000,2017-10,10.72,225.7,31,True
46.500_-75.000,2017-11,-1.27,578.2,30,True
46.500_-75.000,2017-12,-11.56,916.4,31,True
46.500_-75.000,2018-01,-12.16,935.0,31,True
46.500_-75.000,2018-02,-7.6,716.9,28,True
46.500_-75.000,2018-03,-3.85,677.3,31,True
46.500_-75.000,2018-04,-0.63,558.9,30,True
46.500_-75.000,2018-05,11.79,195.9,31,True
46.500_-75.000,2018-06,15.69,80.5,30,True
46.500_-75.000,2018-07,20.5,5.4,31,True
46.500_-75.000,2018-08,19.48,10.1,31,True
46.500_-75.000,2018-09,14.71,115.8,30,True
46.500_-75.000,2018-10,4.67,413.1,31,True
46.500_-75.000,2018-11,-2.91,627.4,30,True
46.500_-75.000,2018-12,-8.81,831.2,31,True
46.500_-75.000,2019-01,-14.14,996.3,31,True
46.500_-75.000,2019-02,-11.26,819.3,28,True
46.500_-75.000,2019-03,-6.0,743.9,31,True
46.500_-75.000,2019-04,1.19,504.4,30,True
46.500_-75.000,2019-05,8.41,297.4,31,True
46.500_-75.000,2019-06,14.81,101.0,30,True
46.500_-75.000,2019-07,20.38,4.7,31,True
46.500_-75.000,2019-08,17.63,28.9,31,True
46.500_-75.000,2019-09,13.39,139.3,30,True
46.500_-75.000,2019-10,7.55,323.8,31,True
46.500_-75.000,2019-11,-3.54,646.3,30,True
46.500_-75.000,2019-12,-7.24,782.5,31,True
46.500_-75.000,2020-01,-8.29,815.0,31,True
46.500_-75.000,2020-02,-8.83,778.1,29,True
46.500_-75.000,2020-03,-2.73,642.7,31,True
46.500_-75.000,2020-04,1.12,506.5,30,True
46.500_-75.000,2020-05,9.83,269.4,31,True
46.500_-75.000,2020-06,16.74,78.7,30,True
46.500_-75.000,2020-07,21.17,0.3,31,True
46.500_-75.000,2020-08,17.47,45.6,31,True
46.500_-75.000,2020-09,12.36,169.2,30,True
46.500_-75.000,2020-10,5.69,381.5,31,True
46.500_-75.000,2020-11,1.73,488.2,30,True
46.500_-75.000,2020-12,-5.48,728.0,31,True
46.500_-75.000,2021-01,-9.08,839.4,31,True
46.500_-75.000,2021-02,-9.83,779.1,28,True
46.500_-75.000,2021-03,-3.51,666.8,31,True
46.500_-75.000,2021-04,5.99,360.4,30,True
46.500_-75.000,2021-05,11.11,220.0,31,True
46.500_-75.000,2021-06,17.98,34.1,30,True
46.500_-75.000,2021-07,18.09,29.6,31,True
46.500_-75.000,2021-08,20.26,12.4,31,True
46.500_-75.000,2021-09,14.41,108.0,30,True
46.500_-75.000,2021-10,9.97,248.8,31,True
46.500_-75.000,2021-11,0.04,538.7,30,True
46.500_-75.000,2021-12,-6.42,757.0,31,True
46.500_-75.000,2022-01,-16.29,1063.1,31,True
46.500_-75.000,2022-02,-10.76,805.2,28,True
46.500_-75.000,2022-03,-4.27,690.5,31,True
46.500_-75.000,2022-04,2.56,463.2,30,True
46.500_-75.000,2022-05,12.97,164.9,31,True
46.500_-75.000,2022-06,15.7,80.7,30,True
46.500_-75.000,2022-07,18.41,18.1,31,True
46.500_-75.000,2022-08,18.4,20.7,31,True
46.500_-75.000,2022-09,13.34,144.9,30,True
46.500_-75.000,2022-10,7.82,315.7,31,True
46.500_-75.000,2022-11,1.54,493.9,30,True
46.500_-75.000,2022-12,-4.54,698.7,31,True
46.500_-75.500,2016-01,-9.08,839.4,31,True
46.500_-75.500,2016-02,-10.55,828.0,29,True
46.500_-75.500,2016-03,-3.62,670.3,31,True
46.500_-75.500,2016-04,-0.37,551.2,30,True
46.500_-75.500,2016-05,11.75,205.3,31,True
46.500_-75.500,2016-06,16.31,81.5,30,True
46.500_-75.500,2016-07,19.4,11.7,31,True
46.500_-75.500,2016-08,20.19,2.9,31,True
46.500_-75.500,2016-09,15.69,82.8,30,True
46.500_-75.500,2016-10,8.31,300.4,31,True
46.500_-75.500,2016-11,2.56,463.2,30,True
46.500_-75.500,2016-12,-6.32,754.0,31,True
46.500_-75.500,2017-01,-7.56,792.4,31,True
46.500_-75.500,2017-02,-6.94,698.2,28,True
46.500_-75.500,2017-03,-7.19,780.8,31,True
46.500_-75.500,2017-04,4.61,401.8,30,True
46.500_-75.500,2017-05,10.2,244.2,31,True
46.500_-75.500,2017-06,15.5,88.4,30,True
46.500_-75.500,2017-07,18.17,18.7,31,True
46.500_-75.500,2017-08,16.81,48.2,31,True
46.500_-75.500,2017-09,16.01,86.3,30,True
46.500_-75.500,2017-10,11.09,214.3,31,True
46.500_-75.500,2017-11,-0.56,556.8,30,True
46.500_-75.500,2017-12,-11.01,899.2,31,True
46.500_-75.500,2018-01,-11.58,917.0,31,True
46.500_-75.500,2018-02,-7.41,711.5,28,True
46.500_-75.500,2018-03,-3.78,675.1,31,True
46.500_-75.500,2018-04,-0.09,542.8,30,True
46.500_-75.500,2018-05,12.01,190.3,31,True
46.500_-75.500,2018-06,15.58,84.7,30,True
46.500_-75.500,2018-07,20.59,5.1,31,True
46.500_-75.500,2018-08,19.74,10.3,31,True
46.500_-75.500,2018-09,15.12,111.8,30,True
46.500_-75.500,2018-10,5.22,396.1,31,True
46.500_-75.500,2018-11,-2.16,604.7,30,True
46.500_-75.500,2018-12,-7.92,803.4,31,True
46.500_-75.500,2019-01,-13.99,991.6,31,True
46.500_-75.500,2019-02,-11.06,813.6,28,True
46.500_-75.500,2019-03,-5.66,733.4,31,True
46.500_-75.500,2019-04,1.83,485.0,30,True
46.500_-75.500,2019-05,8.69,288.5,31,True
46.500_-75.500,2019-06,14.93,97.5,30,True
46.500_-75.500,2019-07,20.28,5.9,31,True
46.500_-75.500,2019-08,17.82,25.7,31,True
46.500_-75.500,2019-09,13.8,128.5,30,True
46.500_-75.500,2019-10,7.92,312.6,31,True
46.500_-75.500,2019-11,-2.64,619.3,30,True
46.500_-75.500,2019-12,-6.57,761.7,31,True
46.500_-75.500,2020-01,-8.06,808.0,31,True
46.500_-75.500,2020-02,-8.51,768.9,29,True
46.500_-75.500,2020-03,-2.29,629.1,31,True
46.500_-75.500,2020-04,2.1,477.0,30,True
46.500_-75.500,2020-05,9.92,265.4,31,True
46.500_-75.500,2020-06,16.57,78.1,30,True
46.500_-75.500,2020-07,21.35,0.3,31,True
46.500_-75.500,2020-08,17.74,40.3,31,True
46.500_-75.500,2020-09,12.76,159.3,30,True
46.500_-75.500,2020-10,6.03,371.1,31,True
46.500_-75.500,2020-11,2.43,467.1,30,True
46.500_-75.500,2020-12,-4.76,705.7,31,True
46.500_-75.500,2021-01,-8.87,832.9,31,True
46.500_-75.500,2021-02,-9.69,775.4,28,True
46.500_-75.500,2021-03,-2.42,633.1,31,True
46.500_-75.500,2021-04,6.37,349.0,30,True
46.500_-75.500,2021-05,11.1,221.5,31,True
46.500_-75.500,2021-06,18.07,31.5,30,True
46.500_-75.500,2021-07,18.15,30.1,31,True
46.500_-75.500,2021-08,20.51,11.1,31,True
46.500_-75.500,2021-09,14.64,101.1,30,True
46.500_-75.500,2021-10,10.57,230.4,31,True
46.500_-75.500,2021-11,0.82,515.4,30,True
46.500_-75.500,2021-12,-5.35,723.7,31,True
46.500_-75.500,2022-01,-16.13,1058.0,31,True
46.500_-75.500,2022-02,-10.66,802.5,28,True
46.500_-75.500,2022-03,-3.83,676.8,31,True
46.500_-75.500,2022-04,3.22,443.3,30,True
46.500_-75.500,2022-05,13.21,158.7,31,True
46.500_-75.500,2022-06,15.91,76.7,30,True
46.500_-75.500,2022-07,18.55,16.5,31,True
46.500_-75.500,2022-08,18.64,19.0,31,True
46.500_-75.500,2022-09,13.8,134.7,30,True
46.500_-75.500,2022-10,8.31,300.3,31,True
46.500_-75.500,2022-11,2.44,466.9,30,True
46.500_-75.500,2022-12,-3.79,675.4,31,True
46.500_-76.000,2016-01,-9.33,847.1,31,True
46.500_-76.000,2016-02,-10.78,834.6,29,True
46.500_-76.000,2016-03,-3.92,679.5,31,True
46.500_-76.000,2016-04,-0.37,551.1,30,True
46.500_-76.000,2016-05,11.63,207.2,31,True
46.500_-76.000,2016-06,16.22,83.3,30,True
46.500_-76.000,2016-07,19.28,12.7,31,True
46.500_-76.000,2016-08,20.13,3.7,31,True
46.500_-76.000,2016-09,15.64,82.7,30,True
46.500_-76.000,2016-10,8.25,302.1,31,True
46.500_-76.000,2016-11,2.57,462.8,30,True
46.500_-76.000,2016-12,-6.31,753.6,31,True
46.500_-76.000,2017-01,-7.47,789.6,31,True
46.500_-76.000,2017-02,-6.75,693.0,28,True
46.500_-76.000,2017-03,-7.05,776.6,31,True
46.500_-76.000,2017-04,4.97,390.8,30,True
46.500_-76.000,2017-05,10.47,237.0,31,True
46.500_-76.000,2017-06,15.92,79.5,30,True
46.500_-76.000,2017-07,18.49,14.1,31,True
46.500_-76.000,2017-08,17.11,41.4,31,True
46.500_-76.000,2017-09,16.1,83.4,30,True
46.500_-76.000,2017-10,11.18,211.4,31,True
46.500_-76.000,2017-11,-0.44,553.3,30,True
46.500_-76.000,2017-12,-10.97,898.2,31,True
46.500_-76.000,2018-01,-11.3,908.3,31,True
46.500_-76.000,2018-02,-7.47,713.1,28,True
46.500_-76.000,2018-03,-3.72,673.4,31,True
46.500_-76.000,2018-04,0.07,538.0,30,True
46.500_-76.000,2018-05,12.55,176.4,31,True
46.500_-76.000,2018-06,16.06,75.0,30,True
46.500_-76.000,2018-07,21.04,2.5,31,True
46.500_-76.000,2018-08,19.99,8.2,31,True
46.500_-76.000,2018-09,15.25,109.6,30,True
46.500_-76.000,2018-10,5.49,387.9,31,True
46.500_-76.000,2018-11,-1.97,599.2,30,True
46.500_-76.000,2018-12,-8.27,814.5,31,True
46.500_-76.000,2019-01,-13.91,989.3,31,True
46.500_-76.000,2019-02,-10.75,805.0,28,True
46.500_-76.000,2019-03,-5.52,729.2,31,True
46.500_-76.000,2019-04,2.25,472.6,30,True
46.500_-76.000,2019-05,9.08,276.4,31,True
46.500_-76.000,2019-06,15.25,89.8,30,True
46.500_-76.000,2019-07,20.67,3.7,31,True
46.500_-76.000,2019-08,18.08,22.1,31,True
46.500_-76.000,2019-09,14.12,120.0,30,True
46.500_-76.000,2019-10,8.12,306.4,31,True
46.500_-76.000,2019-11,-2.49,614.8,30,True
46.500_-76.000,2019-12,-6.65,764.3,31,True
46.500_-76.000,2020-01,-8.02,806.6,31,True
46.500_-76.000,2020-02,-8.33,763.5,29,True
46.500_-76.000,2020-03,-2.09,622.7,31,True
46.500_-76.000,2020-04,2.57,462.9,30,True
46.500_-76.000,2020-05,10.26,257.6,31,True
46.500_-76.000,2020-06,17.02,69.0,30,True
46.500_-76.000,2020-07,21.62,0.0,31,True
46.500_-76.000,2020-08,17.92,36.2,31,True
46.500_-76.000,2020-09,13.07,150.8,30,True
46.500_-76.000,2020-10,6.26,363.8,31,True
46.500_-76.000,2020-11,2.46,466.3,30,True
46.500_-76.000,2020-12,-4.66,702.5,31,True
46.500_-76.000,2021-01,-8.78,830.1,31,True
46.500_-76.000,2021-02,-9.65,774.1,28,True
46.500_-76.000,2021-03,-2.01,620.2,31,True
46.500_-76.000,2021-04,6.67,339.8,30,True
46.500_-76.000,2021-05,11.52,210.4,31,True
46.500_-76.000,2021-06,18.51,24.7,30,True
46.500_-76.000,2021-07,18.45,25.6,31,True
46.500_-76.000,2021-08,20.87,8.8,31,True
46.500_-76.000,2021-09,14.9,93.7,30,True
46.500_-76.000,2021-10,10.82,222.6,31,True
46.500_-76.000,2021-11,0.89,513.4,30,True
46.500_-76.000,2021-12,-4.88,709.4,31,True
46.500_-76.000,2022-01,-16.22,1060.9,31,True
46.500_-76.000,2022-02,-10.57,799.9,28,True
46.500_-76.000,2022-03,-3.48,665.8,31,True
46.500_-76.000,2022-04,3.78,426.5,30,True
46.500_-76.000,2022-05,13.58,149.9,31,True
46.500_-76.000,2022-06,16.49,64.6,30,True
46.500_-76.000,2022-07,19.08,11.9,31,True
46.500_-76.000,2022-08,18.98,15.6,31,True
46.500_-76.000,2022-09,14.12,126.8,30,True
46.500_-76.000,2022-10,8.21,303.6,31,True
46.500_-76.000,2022-11,2.63,461.2,30,True
46.500_-76.000,2022-12,-3.65,671.1,31,True
46.500_-77.000,2016-01,-9.65,857.2,31,True
46.500_-77.000,2016-02,-11.24,848.0,29,True
46.500_-77.000,2016-03,-4.27,690.4,31,True
46.500_-77.000,2016-04,-1.56,586.8,30,True
46.500_-77.000,2016-05,10.81,229.8,31,True
46.500_-77.000,2016-06,16.01,91.3,30,True
46.500_-77.000,2016-07,18.98,19.3,31,True
46.500_-77.000,2016-08,19.75,6.1,31,True
46.500_-77.000,2016-09,15.02,97.9,30,True
46.500_-77.000,2016-10,7.69,319.5,31,True
46.500_-77.000,2016-11,2.51,464.6,30,True
46.500_-77.000,2016-12,-6.53,760.4,31,True
46.500_-77.000,2017-01,-7.49,790.3,31,True
46.500_-77.000,2017-02,-7.19,705.2,28,True
46.500_-77.000,2017-03,-7.62,794.3,31,True
46.500_-77.000,2017-04,3.43,437.2,30,True
46.500_-77.000,2017-05,9.42,267.6,31,True
46.500_-77.000,2017-06,15.18,96.2,30,True
46.500_-77.000,2017-07,18.05,22.0,31,True
46.500_-77.000,2017-08,16.68,50.5,31,True
46.500_-77.000,2017-09,15.92,89.3,30,True
46.500_-77.000,2017-10,10.76,224.3,31,True
46.500_-77.000,2017-11,-0.92,567.7,30,True
46.500_-77.000,2017-12,-11.12,902.6,31,True
46.500_-77.000,2018-01,-12.01,930.2,31,True
46.500_-77.000,2018-02,-8.04,729.1,28,True
46.500_-77.000,2018-03,-4.77,705.8,31,True
46.500_-77.000,2018-04,-0.94,568.3,30,True
46.500_-77.000,2018-05,11.89,194.8,31,True
46.500_-77.000,2018-06,15.56,86.6,30,True
46.500_-77.000,2018-07,20.58,5.1,31,True
46.500_-77.000,2018-08,19.6,9.1,31,True
46.500_-77.000,2018-09,14.78,120.3,30,True
46.500_-77.000,2018-10,5.05,401.4,31,True
46.500_-77.000,2018-11,-1.89,596.6,30,True
46.500_-77.000,2018-12,-7.79,799.6,31,True
46.500_-77.000,2019-01,-14.72,1014.4,31,True
46.500_-77.000,2019-02,-11.4,823.2,28,True
46.500_-77.000,2019-03,-6.04,745.1,31,True
46.500_-77.000,2019-04,1.24,502.9,30,True
46.500_-77.000,2019-05,8.17,304.7,31,True
46.500_-77.000,2019-06,14.82,100.5,30,True
46.500_-77.000,2019-07,20.32,5.8,31,True
46.500_-77.000,2019-08,17.88,27.8,31,True
46.500_-77.000,2019-09,13.76,129.9,30,True
46.500_-77.000,2019-10,7.68,319.9,31,True
46.500_-77.000,2019-11,-2.54,616.2,30,True
46.500_-77.000,2019-12,-6.53,760.4,31,True
46.500_-77.000,2020-01,-8.2,812.1,31,True
46.500_-77.000,2020-02,-8.72,774.8,29,True
46.500_-77.000,2020-03,-2.65,640.0,31,True
46.500_-77.000,2020-04,1.64,490.7,30,True
46.500_-77.000,2020-05,9.59,275.4,31,True
46.500_-77.000,2020-06,16.47,80.6,30,True
46.500_-77.000,2020-07,21.05,1.1,31,True
46.500_-77.000,2020-08,17.48,46.4,31,True
46.500_-77.000,2020-09,12.85,155.7,30,True
46.500_-77.000,2020-10,5.81,377.8,31,True
46.500_-77.000,2020-11,2.5,464.9,30,True
46.500_-77.000,2020-12,-4.85,708.5,31,True
46.500_-77.000,2021-01,-8.92,834.6,31,True
46.500_-77.000,2021-02,-10.13,787.6,28,True
46.500_-77.000,2021-03,-3.07,653.3,31,True
46.500_-77.000,2021-04,5.93,362.1,30,True
46.500_-77.000,2021-05,10.87,229.6,31,True
46.500_-77.000,2021-06,18.14,29.6,30,True
46.500_-77.000,2021-07,17.87,34.5,31,True
46.500_-77.000,2021-08,20.4,12.9,31,True
46.500_-77.000,2021-09,14.25,112.9,30,True
46.500_-77.000,2021-10,10.81,222.9,31,True
46.500_-77.000,2021-11,0.82,515.5,30,True
46.500_-77.000,2021-12,-5.07,715.3,31,True
46.500_-77.000,2022-01,-16.48,1068.8,31,True
46.500_-77.000,2022-02,-11.26,819.3,28,True
46.500_-77.000,2022-03,-4.25,689.8,31,True
46.500_-77.000,2022-04,2.71,458.6,30,True
46.500_-77.000,2022-05,13.2,160.6,31,True
46.500_-77.000,2022-06,15.92,80.6,30,True
46.500_-77.000,2022-07,18.61,18.1,31,True
46.500_-77.000,2022-08,18.66,19.5,31,True
46.500_-77.000,2022-09,13.83,133.3,30,True
46.500_-77.000,2022-10,7.8,316.2,31,True
46.500_-77.000,2022-11,2.23,473.1,30,True
46.500_-77.000,2022-12,-3.69,672.4,31,True
46.500_-77.500,2016-01,-10.27,876.4,31,True
46.500_-77.500,2016-02,-11.56,857.3,29,True
46.500_-77.500,2016-03,-4.35,693.0,31,True
46.500_-77.500,2016-04,-1.76,592.8,30,True
46.500_-77.500,2016-05,10.47,239.4,31,True
46.500_-77.500,2016-06,15.78,95.6,30,True
46.500_-77.500,2016-07,18.82,21.6,31,True
46.500_-77.500,2016-08,19.54,8.0,31,True
46.500_-77.500,2016-09,14.73,105.4,30,True
46.500_-77.500,2016-10,7.47,326.5,31,True
46.500_-77.500,2016-11,1.98,480.7,30,True
46.500_-77.500,2016-12,-7.66,795.5,31,True
46.500_-77.500,2017-01,-7.83,800.7,31,True
46.500_-77.500,2017-02,-7.31,708.7,28,True
46.500_-77.500,2017-03,-7.73,797.6,31,True
46.500_-77.500,2017-04,3.66,430.2,30,True
46.500_-77.500,2017-05,9.27,272.3,31,True
46.500_-77.500,2017-06,15.29,93.8,30,True
46.500_-77.500,2017-07,18.01,24.5,31,True
46.500_-77.500,2017-08,16.44,56.5,31,True
46.500_-77.500,2017-09,15.77,94.0,30,True
46.500_-77.500,2017-10,10.51,232.1,31,True
46.500_-77.500,2017-11,-1.64,589.1,30,True
46.500_-77.500,2017-12,-12.02,930.5,31,True
46.500_-77.500,2018-01,-12.14,934.2,31,True
46.500_-77.500,2018-02,-8.35,737.8,28,True
46.500_-77.500,2018-03,-5.03,713.8,31,True
46.500_-77.500,2018-04,-0.94,568.3,30,True
46.500_-77.500,2018-05,12.15,188.2,31,True
46.500_-77.500,2018-06,15.88,81.0,30,True
46.500_-77.500,2018-07,20.84,4.7,31,True
46.500_-77.500,2018-08,19.42,10.0,31,True
46.500_-77.500,2018-09,14.49,128.5,30,True
46.500_-77.500,2018-10,4.74,411.4,31,True
46.500_-77.500,2018-11,-3.0,630.0,30,True
46.500_-77.500,2018-12,-8.46,820.2,31,True
46.500_-77.500,2019-01,-15.15,1027.5,31,True
46.500_-77.500,2019-02,-11.62,829.3,28,True
46.500_-77.500,2019-03,-6.09,746.7,31,True
46.500_-77.500,2019-04,1.35,499.4,30,True
46.500_-77.500,2019-05,8.13,306.1,31,True
46.500_-77.500,2019-06,15.05,96.5,30,True
46.500_-77.500,2019-07,20.64,4.9,31,True
46.500_-77.500,2019-08,17.84,30.0,31,True
46.500_-77.500,2019-09,13.49,137.8,30,True
46.500_-77.500,2019-10,7.3,331.7,31,True
46.500_-77.500,2019-11,-3.41,642.3,30,True
46.500_-77.500,2019-12,-7.0,774.9,31,True
46.500_-77.500,2020-01,-8.42,818.9,31,True
46.500_-77.500,2020-02,-8.88,779.6,29,True
46.500_-77.500,2020-03,-2.65,640.3,31,True
46.500_-77.500,2020-04,1.5,494.9,30,True
46.500_-77.500,2020-05,9.53,279.2,31,True
46.500_-77.500,2020-06,16.65,78.1,30,True
46.500_-77.500,2020-07,21.24,0.8,31,True
46.500_-77.500,2020-08,17.25,50.5,31,True
46.500_-77.500,2020-09,12.6,162.7,30,True
46.500_-77.500,2020-10,5.41,390.2,31,True
46.500_-77.500,2020-11,2.26,472.3,30,True
46.500_-77.500,2020-12,-6.05,745.7,31,True
46.500_-77.500,2021-01,-9.2,843.1,31,True
46.500_-77.500,2021-02,-10.42,795.8,28,True
46.500_-77.500,2021-03,-2.85,646.3,31,True
46.500_-77.500,2021-04,5.81,365.6,30,True
46.500_-77.500,2021-05,10.82,232.8,31,True
46.500_-77.500,2021-06,18.12,30.4,30,True
46.500_-77.500,2021-07,17.82,35.6,31,True
46.500_-77.500,2021-08,20.18,14.2,31,True
46.500_-77.500,2021-09,13.98,121.1,30,True
46.500_-77.500,2021-10,10.55,231.1,31,True
46.500_-77.500,2021-11,0.25,532.5,30,True
46.500_-77.500,2021-12,-5.87,740.1,31,True
46.500_-77.500,2022-01,-16.82,1079.3,31,True
46.500_-77.500,2022-02,-11.41,823.6,28,True
46.500_-77.500,2022-03,-4.25,689.6,31,True
46.500_-77.500,2022-04,2.62,461.5,30,True
46.500_-77.500,2022-05,13.37,158.9,31,True
46.500_-77.500,2022-06,16.21,75.0,30,True
46.500_-77.500,2022-07,18.74,17.6,31,True
46.500_-77.500,2022-08,18.48,21.6,31,True
46.500_-77.500,2022-09,13.59,139.2,30,True
46.500_-77.500,2022-10,7.41,328.3,31,True
46.500_-77.500,2022-11,1.88,483.7,30,True
46.500_-77.500,2022-12,-4.24,689.3,31,True
46.500_-79.000,2016-01,-10.15,872.6,31,True
46.500_-79.000,2016-02,-11.21,847.0,29,True
46.500_-79.000,2016-03,-4.27,690.3,31,True
46.500_-79.000,2016-04,-1.63,588.8,30,True
46.500_-79.000,2016-05,10.72,233.0,31,True
46.500_-79.000,2016-06,15.66,93.2,30,True
46.500_-79.000,2016-07,18.93,22.7,31,True
46.500_-79.000,2016-08,19.59,10.1,31,True
46.500_-79.000,2016-09,14.71,105.0,30,True
46.500_-79.000,2016-10,7.77,317.2,31,True
46.500_-79.000,2016-11,2.32,470.3,30,True
46.500_-79.000,2016-12,-7.13,779.1,31,True
46.500_-79.000,2017-01,-7.41,787.7,31,True
46.500_-79.000,2017-02,-6.6,688.9,28,True
46.500_-79.000,2017-03,-7.28,783.8,31,True
46.500_-79.000,2017-04,4.31,410.8,30,True
46.500_-79.000,2017-05,9.32,269.7,31,True
46.500_-79.000,2017-06,15.42,88.2,30,True
46.500_-79.000,2017-07,18.01,26.6,31,True
46.500_-79.000,2017-08,16.42,57.6,31,True
46.500_-79.000,2017-09,15.62,99.1,30,True
46.500_-79.000,2017-10,10.73,225.4,31,True
46.500_-79.000,2017-11,-1.35,580.6,30,True
46.500_-79.000,2017-12,-11.79,923.4,31,True
46.500_-79.000,2018-01,-11.45,912.9,31,True
46.500_-79.000,2018-02,-8.12,731.3,28,True
46.500_-79.000,2018-03,-5.33,723.3,31,True
46.500_-79.000,2018-04,-1.31,579.4,30,True
46.500_-79.000,2018-05,12.25,186.8,31,True
46.500_-79.000,2018-06,15.9,81.4,30,True
46.500_-79.000,2018-07,21.35,3.4,31,True
46.500_-79.000,2018-08,19.44,10.7,31,True
46.500_-79.000,2018-09,14.67,124.9,30,True
46.500_-79.000,2018-10,5.0,403.5,31,True
46.500_-79.000,2018-11,-2.89,626.6,30,True
46.500_-79.000,2018-12,-7.26,783.1,31,True
46.500_-79.000,2019-01,-14.9,1019.9,31,True
46.500_-79.000,2019-02,-11.18,817.0,28,True
46.500_-79.000,2019-03,-5.84,739.0,31,True
46.500_-79.000,2019-04,1.93,482.1,30,True
46.500_-79.000,2019-05,8.45,296.2,31,True
46.500_-79.000,2019-06,15.18,95.0,30,True
46.500_-79.000,2019-07,20.69,3.2,31,True
46.500_-79.000,2019-08,17.82,29.6,31,True
46.500_-79.000,2019-09,13.7,130.7,30,True
46.500_-79.000,2019-10,7.2,334.9,31,True
46.500_-79.000,2019-11,-3.09,632.8,30,True
46.500_-79.000,2019-12,-6.47,758.6,31,True
46.500_-79.000,2020-01,-8.1,809.2,31,True
46.500_-79.000,2020-02,-8.58,770.9,29,True
46.500_-79.000,2020-03,-2.15,624.6,31,True
46.500_-79.000,2020-04,2.0,480.1,30,True
46.500_-79.000,2020-05,9.48,280.6,31,True
46.500_-79.000,2020-06,16.8,73.4,30,True
46.500_-79.000,2020-07,21.06,2.1,31,True
46.500_-79.000,2020-08,17.47,50.3,31,True
46.500_-79.000,2020-09,12.66,160.6,30,True
46.500_-79.000,2020-10,5.29,394.1,31,True
46.500_-79.000,2020-11,2.68,459.6,30,True
46.500_-79.000,2020-12,-5.8,737.8,31,True
46.500_-79.000,2021-01,-8.72,828.2,31,True
46.500_-79.000,2021-02,-10.52,798.6,28,True
46.500_-79.000,2021-03,-2.32,630.0,31,True
46.500_-79.000,2021-04,5.64,370.9,30,True
46.500_-79.000,2021-05,10.89,230.8,31,True
46.500_-79.000,2021-06,17.75,37.0,30,True
46.500_-79.000,2021-07,18.0,32.7,31,True
46.500_-79.000,2021-08,20.14,14.1,31,True
46.500_-79.000,2021-09,13.78,127.9,30,True
46.500_-79.000,2021-10,10.87,222.5,31,True
46.500_-79.000,2021-11,0.1,537.0,30,True
46.500_-79.000,2021-12,-5.32,723.0,31,True
46.500_-79.000,2022-01,-16.3,1063.3,31,True
46.500_-79.000,2022-02,-11.37,822.3,28,True
46.500_-79.000,2022-03,-4.19,687.8,31,True
46.500_-79.000,2022-04,2.81,455.7,30,True
46.500_-79.000,2022-05,13.44,159.6,31,True
46.500_-79.000,2022-06,16.67,69.6,30,True
46.500_-79.000,2022-07,19.0,14.0,31,True
46.500_-79.000,2022-08,18.59,18.5,31,True
46.500_-79.000,2022-09,14.03,127.8,30,True
46.500_-79.000,2022-10,7.72,318.6,31,True
46.500_-79.000,2022-11,2.05,478.6,30,True
46.500_-79.000,2022-12,-4.09,684.9,31,True
47.000_-69.500,2016-01,-10.05,869.6,31,True
47.000_-69.500,2016-02,-9.23,789.7,29,True
47.000_-69.500,2016-03,-5.48,728.0,31,True
47.000_-69.500,2016-04,-0.73,561.9,30,True
47.000_-69.500,2016-05,10.37,236.7,31,True
47.000_-69.500,2016-06,15.37,102.5,30,True
47.000_-69.500,2016-07,17.84,38.6,31,True
47.000_-69.500,2016-08,18.27,22.7,31,True
47.000_-69.500,2016-09,13.9,130.3,30,True
47.000_-69.500,2016-10,7.09,338.3,31,True
47.000_-69.500,2016-11,1.69,489.2,30,True
47.000_-69.500,2016-12,-9.45,851.1,31,True
47.000_-69.500,2017-01,-8.87,833.0,31,True
47.000_-69.500,2017-02,-8.98,755.5,28,True
47.000_-69.500,2017-03,-7.76,798.6,31,True
47.000_-69.500,2017-04,3.11,446.8,30,True
47.000_-69.500,2017-05,9.77,257.0,31,True
47.000_-69.500,2017-06,15.34,93.4,30,True
47.000_-69.500,2017-07,17.27,36.2,31,True
47.000_-69.500,2017-08,16.3,65.5,31,True
47.000_-69.500,2017-09,15.22,95.9,30,True
47.000_-69.500,2017-10,10.14,243.6,31,True
47.000_-69.500,2017-11,-1.72,591.6,30,True
47.000_-69.500,2017-12,-11.23,906.2,31,True
47.000_-69.500,2018-01,-12.53,946.5,31,True
47.000_-69.500,2018-02,-7.14,704.0,28,True
47.000_-69.500,2018-03,-3.51,666.8,31,True
47.000_-69.500,2018-04,-0.44,553.3,30,True
47.000_-69.500,2018-05,10.51,235.1,31,True
47.000_-69.500,2018-06,14.17,122.9,30,True
47.000_-69.500,2018-07,20.38,9.4,31,True
47.000_-69.500,2018-08,19.07,18.4,31,True
47.000_-69.500,2018-09,13.45,146.1,30,True
47.000_-69.500,2018-10,3.34,454.5,31,True
47.000_-69.500,2018-11,-4.11,663.2,30,True
47.000_-69.500,2018-12,-9.64,856.8,31,True
47.000_-69.500,2019-01,-12.92,958.5,31,True
47.000_-69.500,2019-02,-11.82,835.0,28,True
47.000_-69.500,2019-03,-5.56,730.3,31,True
47.000_-69.500,2019-04,1.32,500.4,30,True
47.000_-69.500,2019-05,7.79,316.4,31,True
47.000_-69.500,2019-06,14.26,112.9,30,True
47.000_-69.500,2019-07,19.28,11.1,31,True
47.000_-69.500,2019-08,17.04,43.8,31,True
47.000_-69.500,2019-09,11.69,190.1,30,True
47.000_-69.500,2019-10,6.43,358.7,31,True
47.000_-69.500,2019-11,-3.86,655.8,30,True
47.000_-69.500,2019-12,-6.96,773.7,31,True
47.000_-69.500,2020-01,-9.37,848.4,31,True
47.000_-69.500,2020-02,-9.04,784.2,29,True
47.000_-69.500,2020-03,-4.02,682.7,31,True
47.000_-69.500,2020-04,0.49,525.3,30,True
47.000_-69.500,2020-05,9.46,283.7,31,True
47.000_-69.500,2020-06,16.86,81.4,30,True
47.000_-69.500,2020-07,19.72,8.9,31,True
47.000_-69.500,2020-08,17.26,55.2,31,True
47.000_-69.500,2020-09,12.5,167.2,30,True
47.000_-69.500,2020-10,5.2,396.8,31,True
47.000_-69.500,2020-11,1.3,501.1,30,True
47.000_-69.500,2020-12,-4.46,696.4,31,True
47.000_-69.500,2021-01,-8.83,831.8,31,True
47.000_-69.500,2021-02,-9.75,777.1,28,True
47.000_-69.500,2021-03,-3.57,668.7,31,True
47.000_-69.500,2021-04,4.49,405.4,30,True
47.000_-69.500,2021-05,9.91,256.9,31,True
47.000_-69.500,2021-06,17.09,56.9,30,True
47.000_-69.500,2021-07,16.94,53.6,31,True
47.000_-69.500,2021-08,19.71,17.6,31,True
47.000_-69.500,2021-09,13.89,125.1,30,True
47.000_-69.500,2021-10,8.85,283.8,31,True
47.000_-69.500,2021-11,-0.41,552.3,30,True
47.000_-69.500,2021-12,-8.12,809.6,31,True
47.000_-69.500,2022-01,-15.09,1025.8,31,True
47.000_-69.500,2022-02,-10.69,803.3,28,True
47.000_-69.500,2022-03,-4.25,689.8,31,True
47.000_-69.500,2022-04,2.24,472.9,30,True
47.000_-69.500,2022-05,11.67,201.1,31,True
47.000_-69.500,2022-06,14.68,105.9,30,True
47.000_-69.500,2022-07,18.26,26.1,31,True
47.000_-69.500,2022-08,17.76,35.5,31,True
47.000_-69.500,2022-09,12.89,156.7,30,True
47.000_-69.500,2022-10,8.54,293.2,31,True
47.000_-69.500,2022-11,0.3,531.0,30,True
47.000_-69.500,2022-12,-4.57,699.6,31,True
47.000_-70.000,2016-01,-10.01,868.2,31,True
47.000_-70.000,2016-02,-9.15,787.4,29,True
47.000_-70.000,2016-03,-5.3,722.3,31,True
47.000_-70.000,2016-04,-0.8,563.9,30,True
47.000_-70.000,2016-05,10.48,233.2,31,True
47.000_-70.000,2016-06,15.57,95.4,30,True
47.000_-70.000,2016-07,18.04,35.0,31,True
47.000_-70.000,2016-08,18.53,18.3,31,True
47.000_-70.000,2016-09,14.16,123.8,30,True
47.000_-70.000,2016-10,7.13,337.0,31,True
47.000_-70.000,2016-11,1.74,487.7,30,True
47.000_-70.000,2016-12,-9.21,843.4,31,True
47.000_-70.000,2017-01,-8.82,831.5,31,True
47.000_-70.000,2017-02,-9.07,758.0,28,True
47.000_-70.000,2017-03,-8.06,807.8,31,True
47.000_-70.000,2017-04,2.76,457.2,30,True
47.000_-70.000,2017-05,9.14,276.4,31,True
47.000_-70.000,2017-06,15.18,97.8,30,True
47.000_-70.000,2017-07,17.19,39.4,31,True
47.000_-70.000,2017-08,16.19,67.4,31,True
47.000_-70.000,2017-09,15.05,101.9,30,True
47.000_-70.000,2017-10,10.04,246.9,31,True
47.000_-70.000,2017-11,-1.86,595.9,30,True
47.000_-70.000,2017-12,-11.55,916.0,31,True
47.000_-70.000,2018-01,-12.56,947.4,31,True
47.000_-70.000,2018-02,-7.12,703.3,28,True
47.000_-70.000,2018-03,-3.97,681.0,31,True
47.000_-70.000,2018-04,-0.64,559.2,30,True
47.000_-70.000,2018-05,10.24,243.7,31,True
47.000_-70.000,2018-06,14.18,123.5,30,True
47.000_-70.000,2018-07,20.25,10.7,31,True
47.000_-70.000,2018-08,19.09,20.2,31,True
47.000_-70.000,2018-09,13.42,149.5,30,True
47.000_-70.000,2018-10,3.15,460.4,31,True
47.000_-70.000,2018-11,-4.33,669.9,30,True
47.000_-70.000,2018-12,-9.05,838.6,31,True
47.000_-70.000,2019-01,-13.16,966.1,31,True
47.000_-70.000,2019-02,-11.98,839.4,28,True
47.000_-70.000,2019-03,-5.51,728.9,31,True
47.000_-70.000,2019-04,1.04,508.8,30,True
47.000_-70.000,2019-05,7.55,324.1,31,True
47.000_-70.000,2019-06,14.12,117.5,30,True
47.000_-70.000,2019-07,19.25,13.3,31,True
47.000_-70.000,2019-08,16.98,44.5,31,True
47.000_-70.000,2019-09,11.68,191.3,30,True
47.000_-70.000,2019-10,6.41,359.4,31,True
47.000_-70.000,2019-11,-4.16,664.9,30,True
47.000_-70.000,2019-12,-7.17,780.4,31,True
47.000_-70.000,2020-01,-9.27,845.4,31,True
47.000_-70.000,2020-02,-8.97,782.1,29,True
47.000_-70.000,2020-03,-4.08,684.5,31,True
47.000_-70.000,2020-04,0.21,533.8,30,True
47.000_-70.000,2020-05,9.06,293.6,31,True
47.000_-70.000,2020-06,16.32,87.5,30,True
47.000_-70.000,2020-07,19.47,12.0,31,True
47.000_-70.000,2020-08,17.19,55.2,31,True
47.000_-70.000,2020-09,12.43,169.1,30,True
47.000_-70.000,2020-10,5.16,398.1,31,True
47.000_-70.000,2020-11,1.37,498.8,30,True
47.000_-70.000,2020-12,-4.72,704.3,31,True
47.000_-70.000,2021-01,-9.12,840.6,31,True
47.000_-70.000,2021-02,-9.84,779.6,28,True
47.000_-70.000,2021-03,-3.51,666.8,31,True
47.000_-70.000,2021-04,3.95,421.4,30,True
47.000_-70.000,2021-05,9.75,262.0,31,True
47.000_-70.000,2021-06,16.85,62.3,30,True
47.000_-70.000,2021-07,16.84,56.6,31,True
47.000_-70.000,2021-08,19.73,17.1,31,True
47.000_-70.000,2021-09,13.69,130.3,30,True
47.000_-70.000,2021-10,8.76,286.5,31,True
47.000_-70.000,2021-11,-0.38,551.3,30,True
47.000_-70.000,2021-12,-8.05,807.7,31,True
47.000_-70.000,2022-01,-15.01,1023.3,31,True
47.000_-70.000,2022-02,-10.84,807.4,28,True
47.000_-70.000,2022-03,-4.45,695.8,31,True
47.000_-70.000,2022-04,1.97,480.9,30,True
47.000_-70.000,2022-05,11.37,208.7,31,True
47.000_-70.000,2022-06,14.58,109.1,30,True
47.000_-70.000,2022-07,18.24,27.9,31,True
47.000_-70.000,2022-08,17.66,37.8,31,True
47.000_-70.000,2022-09,12.93,158.0,30,True
47.000_-70.000,2022-10,8.74,287.0,31,True
47.000_-70.000,2022-11,0.43,527.1,30,True
47.000_-70.000,2022-12,-4.79,706.6,31,True
47.000_-70.500,2016-01,-8.67,826.7,31,True
47.000_-70.500,2016-02,-8.16,758.7,29,True
47.000_-70.500,2016-03,-3.97,681.0,31,True
47.000_-70.500,2016-04,0.31,530.8,30,True
47.000_-70.500,2016-05,11.96,192.0,31,True
47.000_-70.500,2016-06,16.85,65.8,30,True
47.000_-70.500,2016-07,19.39,20.2,31,True
47.000_-70.500,2016-08,20.03,2.6,31,True
47.000_-70.500,2016-09,15.42,92.9,30,True
47.000_-70.500,2016-10,8.44,296.3,31,True
47.000_-70.500,2016-11,2.74,457.8,30,True
47.000_-70.500,2016-12,-7.71,797.1,31,True
47.000_-70.500,2017-01,-6.86,770.8,31,True
47.000_-70.500,2017-02,-6.98,699.3,28,True
47.000_-70.500,2017-03,-6.15,748.5,31,True
47.000_-70.500,2017-04,3.4,438.1,30,True
47.000_-70.500,2017-05,9.75,257.0,31,True
47.000_-70.500,2017-06,17.15,54.2,30,True
47.000_-70.500,2017-07,19.06,9.8,31,True
47.000_-70.500,2017-08,18.37,21.4,31,True
47.000_-70.500,2017-09,16.24,68.9,30,True
47.000_-70.500,2017-10,12.07,184.6,31,True
47.000_-70.500,2017-11,0.28,531.6,30,True
47.000_-70.500,2017-12,-9.39,849.0,31,True
47.000_-70.500,2018-01,-10.61,886.8,31,True
47.000_-70.500,2018-02,-5.71,663.8,28,True
47.000_-70.500,2018-03,-2.21,626.4,31,True
47.000_-70.500,2018-04,1.19,504.4,30,True
47.000_-70.500,2018-05,11.31,213.0,31,True
47.000_-70.500,2018-06,16.14,79.7,30,True
47.000_-70.500,2018-07,22.0,2.0,31,True
47.000_-70.500,2018-08,21.38,3.7,31,True
47.000_-70.500,2018-09,15.97,92.5,30,True
47.000_-70.500,2018-10,5.82,377.7,31,True
47.000_-70.500,2018-11,-1.82,594.7,30,True
47.000_-70.500,2018-12,-7.15,779.8,31,True
47.000_-70.500,2019-01,-11.43,912.3,31,True
47.000_-70.500,2019-02,-9.99,783.7,28,True
47.000_-70.500,2019-03,-3.88,678.4,31,True
47.000_-70.500,2019-04,2.54,463.8,30,True
47.000_-70.500,2019-05,9.08,276.4,31,True
47.000_-70.500,2019-06,15.74,75.4,30,True
47.000_-70.500,2019-07,21.37,1.4,31,True
47.000_-70.500,2019-08,19.37,7.1,31,True
47.000_-70.500,2019-09,14.01,124.1,30,True
47.000_-70.500,2019-10,8.51,294.2,31,True
47.000_-70.500,2019-11,-1.61,588.2,30,True
47.000_-70.500,2019-12,-5.16,718.1,31,True
47.000_-70.500,2020-01,-7.42,788.0,31,True
47.000_-70.500,2020-02,-7.17,729.9,29,True
47.000_-70.500,2020-03,-2.52,636.2,31,True
47.000_-70.500,2020-04,2.18,474.7,30,True
47.000_-70.500,2020-05,10.85,242.7,31,True
47.000_-70.500,2020-06,17.79,56.5,30,True
47.000_-70.500,2020-07,21.43,2.0,31,True
47.000_-70.500,2020-08,19.55,21.0,31,True
47.000_-70.500,2020-09,14.73,109.4,30,True
47.000_-70.500,2020-10,7.99,310.2,31,True
47.000_-70.500,2020-11,2.99,450.4,30,True
47.000_-70.500,2020-12,-3.06,652.9,31,True
47.000_-70.500,2021-01,-7.11,778.3,31,True
47.000_-70.500,2021-02,-7.75,721.1,28,True
47.000_-70.500,2021-03,-1.71,611.0,31,True
47.000_-70.500,2021-04,5.09,387.3,30,True
47.000_-70.500,2021-05,11.73,206.5,31,True
47.000_-70.500,2021-06,18.85,28.8,30,True
47.000_-70.500,2021-07,19.04,20.4,31,True
47.000_-70.500,2021-08,21.79,0.9,31,True
47.000_-70.500,2021-09,16.09,62.4,30,True
47.000_-70.500,2021-10,10.85,221.7,31,True
47.000_-70.500,2021-11,2.02,479.5,30,True
47.000_-70.500,2021-12,-5.8,737.9,31,True
47.000_-70.500,2022-01,-13.24,968.4,31,True
47.000_-70.500,2022-02,-9.15,760.2,28,True
47.000_-70.500,2022-03,-3.15,655.7,31,True
47.000_-70.500,2022-04,3.7,429.0,30,True
47.000_-70.500,2022-05,12.17,184.8,31,True
47.000_-70.500,2022-06,16.28,71.4,30,True
47.000_-70.500,2022-07,20.54,3.2,31,True
47.000_-70.500,2022-08,19.68,11.4,31,True
47.000_-70.500,2022-09,15.15,100.1,30,True
47.000_-70.500,2022-10,10.3,238.7,31,True
47.000_-70.500,2022-11,2.46,466.3,30,True
47.000_-70.500,2022-12,-2.55,637.0,31,True
47.000_-71.000,2016-01,-9.11,840.5,31,True
47.000_-71.000,2016-02,-9.11,786.1,29,True
47.000_-71.000,2016-03,-4.38,693.7,31,True
47.000_-71.000,2016-04,-0.56,556.8,30,True
47.000_-71.000,2016-05,10.77,226.2,31,True
47.000_-71.000,2016-06,16.58,68.4,30,True
47.000_-71.000,2016-07,18.75,22.8,31,True
47.000_-71.000,2016-08,19.38,8.4,31,True
47.000_-71.000,2016-09,14.57,111.3,30,True
47.000_-71.000,2016-10,7.64,321.3,31,True
47.000_-71.000,2016-11,2.43,467.0,30,True
47.000_-71.000,2016-12,-8.18,811.5,31,True
47.000_-71.000,2017-01,-7.32,784.8,31,True
47.000_-71.000,2017-02,-7.19,705.2,28,True
47.000_-71.000,2017-03,-6.24,751.4,31,True
47.000_-71.000,2017-04,3.53,434.1,30,True
47.000_-71.000,2017-05,10.7,228.8,31,True
47.000_-71.000,2017-06,17.02,55.4,30,True
47.000_-71.000,2017-07,19.04,8.6,31,True
47.000_-71.000,2017-08,17.79,33.8,31,True
47.000_-71.000,2017-09,16.39,68.1,30,True
47.000_-71.000,2017-10,11.29,208.0,31,True
47.000_-71.000,2017-11,-0.73,561.9,30,True
47.000_-71.000,2017-12,-10.35,878.9,31,True
47.000_-71.000,2018-01,-11.19,905.0,31,True
47.000_-71.000,2018-02,-6.43,684.1,28,True
47.000_-71.000,2018-03,-1.76,612.7,31,True
47.000_-71.000,2018-04,0.7,518.9,30,True
47.000_-71.000,2018-05,11.86,196.9,31,True
47.000_-71.000,2018-06,16.06,78.8,30,True
47.000_-71.000,2018-07,21.74,0.9,31,True
47.000_-71.000,2018-08,20.71,4.5,31,True
47.000_-71.000,2018-09,15.07,109.9,30,True
47.000_-71.000,2018-10,5.02,402.3,31,True
47.000_-71.000,2018-11,-2.22,606.6,30,True
47.000_-71.000,2018-12,-7.61,793.8,31,True
47.000_-71.000,2019-01,-11.81,924.0,31,True
47.000_-71.000,2019-02,-10.42,795.9,28,True
47.000_-71.000,2019-03,-4.43,695.4,31,True
47.000_-71.000,2019-04,2.21,473.6,30,True
47.000_-71.000,2019-05,9.33,268.9,31,True
47.000_-71.000,2019-06,15.85,74.9,30,True
47.000_-71.000,2019-07,20.96,1.6,31,True
47.000_-71.000,2019-08,18.63,14.2,31,True
47.000_-71.000,2019-09,13.44,139.8,30,True
47.000_-71.000,2019-10,8.08,307.5,31,True
47.000_-71.000,2019-11,-2.07,602.0,30,True
47.000_-71.000,2019-12,-5.74,735.8,31,True
47.000_-71.000,2020-01,-7.48,790.0,31,True
47.000_-71.000,2020-02,-7.86,750.0,29,True
47.000_-71.000,2020-03,-2.64,639.7,31,True
47.000_-71.000,2020-04,1.73,488.1,30,True
47.000_-71.000,2020-05,10.97,241.7,31,True
47.000_-71.000,2020-06,17.98,53.2,30,True
47.000_-71.000,2020-07,21.14,1.0,31,True
47.000_-71.000,2020-08,18.65,32.4,31,True
47.000_-71.000,2020-09,13.68,132.9,30,True
47.000_-71.000,2020-10,6.8,347.1,31,True
47.000_-71.000,2020-11,2.21,473.6,30,True
47.000_-71.000,2020-12,-3.7,672.6,31,True
47.000_-71.000,2021-01,-7.08,777.6,31,True
47.000_-71.000,2021-02,-8.11,731.1,28,True
47.000_-71.000,2021-03,-2.59,638.3,31,True
47.000_-71.000,2021-04,5.74,367.9,30,True
47.000_-71.000,2021-05,12.1,196.4,31,True
47.000_-71.000,2021-06,18.66,29.3,30,True
47.000_-71.000,2021-07,18.73,20.9,31,True
47.000_-71.000,2021-08,21.22,4.3,31,True
47.000_-71.000,2021-09,15.33,80.8,30,True
47.000_-71.000,2021-10,10.64,228.2,31,True
47.000_-71.000,2021-11,1.18,504.6,30,True
47.000_-71.000,2021-12,-6.32,754.0,31,True
47.000_-71.000,2022-01,-13.74,983.9,31,True
47.000_-71.000,2022-02,-9.51,770.4,28,True
47.000_-71.000,2022-03,-3.31,660.7,31,True
47.000_-71.000,2022-04,3.33,440.2,30,True
47.000_-71.000,2022-05,13.1,159.0,31,True
47.000_-71.000,2022-06,16.44,64.2,30,True
47.000_-71.000,2022-07,19.79,8.9,31,True
47.000_-71.000,2022-08,19.4,10.8,31,True
47.000_-71.000,2022-09,14.62,113.8,30,True
47.000_-71.000,2022-10,9.48,264.2,31,True
47.000_-71.000,2022-11,1.74,487.7,30,True
47.000_-71.000,2022-12,-3.29,660.0,31,True
47.000_-71.500,2016-01,-9.74,859.8,31,True
47.000_-71.500,2016-02,-9.74,804.5,29,True
47.000_-71.500,2016-03,-4.76,705.5,31,True
47.000_-71.500,2016-04,-0.6,558.0,30,True
47.000_-71.500,2016-05,10.86,223.8,31,True
47.000_-71.500,2016-06,16.32,73.8,30,True
47.000_-71.500,2016-07,18.47,24.4,31,True
47.000_-71.500,2016-08,19.14,10.2,31,True
47.000_-71.500,2016-09,14.63,108.4,30,True
47.000_-71.500,2016-10,7.3,331.8,31,True
47.000_-71.500,2016-11,2.08,477.7,30,True
47.000_-71.500,2016-12,-8.88,833.3,31,True
47.000_-71.500,2017-01,-8.57,823.6,31,True
47.000_-71.500,2017-02,-8.07,730.0,28,True
47.000_-71.500,2017-03,-7.09,777.9,31,True
47.000_-71.500,2017-04,3.95,421.6,30,True
47.000_-71.500,2017-05,10.19,244.2,31,True
47.000_-71.500,2017-06,15.96,77.9,30,True
47.000_-71.500,2017-07,17.95,21.3,31,True
47.000_-71.500,2017-08,16.59,58.0,31,True
47.000_-71.500,2017-09,15.62,85.5,30,True
47.000_-71.500,2017-10,10.27,239.6,31,True
47.000_-71.500,2017-11,-1.98,599.5,30,True
47.000_-71.500,2017-12,-12.08,932.6,31,True
47.000_-71.500,2018-01,-12.78,954.1,31,True
47.000_-71.500,2018-02,-7.46,712.9,28,True
47.000_-71.500,2018-03,-2.59,638.2,31,True
47.000_-71.500,2018-04,0.17,534.9,30,True
47.000_-71.500,2018-05,11.39,209.9,31,True
47.000_-71.500,2018-06,15.37,91.7,30,True
47.000_-71.500,2018-07,20.71,4.9,31,True
47.000_-71.500,2018-08,19.52,11.5,31,True
47.000_-71.500,2018-09,14.05,129.9,30,True
47.000_-71.500,2018-10,4.17,428.6,31,True
47.000_-71.500,2018-11,-3.5,645.1,30,True
47.000_-71.500,2018-12,-9.08,839.5,31,True
47.000_-71.500,2019-01,-13.12,964.6,31,True
47.000_-71.500,2019-02,-11.48,825.4,28,True
47.000_-71.500,2019-03,-5.49,728.1,31,True
47.000_-71.500,2019-04,2.06,478.1,30,True
47.000_-71.500,2019-05,8.78,285.9,31,True
47.000_-71.500,2019-06,14.87,98.0,30,True
47.000_-71.500,2019-07,19.9,7.5,31,True
47.000_-71.500,2019-08,17.48,33.4,31,True
47.000_-71.500,2019-09,12.46,167.7,30,True
47.000_-71.500,2019-10,7.18,335.3,31,True
47.000_-71.500,2019-11,-3.51,645.3,30,True
47.000_-71.500,2019-12,-7.15,779.8,31,True
47.000_-71.500,2020-01,-8.71,828.0,31,True
47.000_-71.500,2020-02,-9.2,788.8,29,True
47.000_-71.500,2020-03,-3.24,658.4,31,True
47.000_-71.500,2020-04,1.27,501.8,30,True
47.000_-71.500,2020-05,10.42,257.0,31,True
47.000_-71.500,2020-06,17.44,62.0,30,True
47.000_-71.500,2020-07,20.42,3.2,31,True
47.000_-71.500,2020-08,17.5,45.4,31,True
47.000_-71.500,2020-09,12.55,164.1,30,True
47.000_-71.500,2020-10,5.36,391.7,31,True
47.000_-71.500,2020-11,0.89,513.2,30,True
47.000_-71.500,2020-12,-5.27,721.4,31,True
47.000_-71.500,2021-01,-8.48,821.0,31,True
47.000_-71.500,2021-02,-9.3,764.5,28,True
47.000_-71.500,2021-03,-3.49,666.1,31,True
47.000_-71.500,2021-04,5.57,372.8,30,True
47.000_-71.500,2021-05,11.24,219.1,31,True
47.000_-71.500,2021-06,17.75,44.1,30,True
47.000_-71.500,2021-07,17.75,35.3,31,True
47.000_-71.500,2021-08,20.27,12.3,31,True
47.000_-71.500,2021-09,14.33,110.2,30,True
47.000_-71.500,2021-10,9.71,257.1,31,True
47.000_-71.500,2021-11,-0.08,542.3,30,True
47.000_-71.500,2021-12,-7.76,798.6,31,True
47.000_-71.500,2022-01,-15.64,1042.9,31,True
47.000_-71.500,2022-02,-10.54,799.2,28,True
47.000_-71.500,2022-03,-4.16,686.9,31,True
47.000_-71.500,2022-04,3.23,443.2,30,True
47.000_-71.500,2022-05,12.45,178.5,31,True
47.000_-71.500,2022-06,15.57,83.5,30,True
47.000_-71.500,2022-07,18.66,17.9,31,True
47.000_-71.500,2022-08,18.26,25.4,31,True
47.000_-71.500,2022-09,13.54,139.2,30,True
47.000_-71.500,2022-10,8.19,304.1,31,True
47.000_-71.500,2022-11,0.26,532.2,30,True
47.000_-71.500,2022-12,-4.28,690.6,31,True
47.000_-72.000,2016-01,-11.47,913.6,31,True
47.000_-72.000,2016-02,-11.61,858.6,29,True
47.000_-72.000,2016-03,-6.38,755.9,31,True
47.000_-72.000,2016-04,-2.05,601.5,30,True
47.000_-72.000,2016-05,9.36,267.9,31,True
47.000_-72.000,2016-06,14.46,115.5,30,True
47.000_-72.000,2016-07,16.74,49.5,31,True
47.000_-72.000,2016-08,17.37,34.2,31,True
47.000_-72.000,2016-09,12.94,152.4,30,True
47.000_-72.000,2016-10,5.67,382.3,31,True
47.000_-72.000,2016-11,0.56,523.3,30,True
47.000_-72.000,2016-12,-10.38,879.8,31,True
47.000_-72.000,2017-01,-10.27,876.3,31,True
47.000_-72.000,2017-02,-9.85,779.9,28,True
47.000_-72.000,2017-03,-9.03,837.9,31,True
47.000_-72.000,2017-04,2.31,470.7,30,True
47.000_-72.000,2017-05,8.67,289.9,31,True
47.000_-72.000,2017-06,14.06,124.3,30,True
47.000_-72.000,2017-07,16.34,54.0,31,True
47.000_-72.000,2017-08,14.9,98.3,31,True
47.000_-72.000,2017-09,14.18,122.0,30,True
47.000_-72.000,2017-10,8.68,289.0,31,True
47.000_-72.000,2017-11,-3.92,657.7,30,True
47.000_-72.000,2017-12,-13.95,990.3,31,True
47.000_-72.000,2018-01,-14.82,1017.3,31,True
47.000_-72.000,2018-02,-9.61,773.2,28,True
47.000_-72.000,2018-03,-4.48,697.0,31,True
47.000_-72.000,2018-04,-1.69,590.7,30,True
47.000_-72.000,2018-05,9.58,263.8,31,True
47.000_-72.000,2018-06,13.83,129.0,30,True
47.000_-72.000,2018-07,19.03,17.4,31,True
47.000_-72.000,2018-08,17.93,31.1,31,True
47.000_-72.000,2018-09,12.47,170.0,30,True
47.000_-72.000,2018-10,2.32,486.2,31,True
47.000_-72.000,2018-11,-5.34,700.3,30,True
47.000_-72.000,2018-12,-10.75,891.4,31,True
47.000_-72.000,2019-01,-15.29,1031.9,31,True
47.000_-72.000,2019-02,-13.4,879.1,28,True
47.000_-72.000,2019-03,-7.55,792.2,31,True
47.000_-72.000,2019-04,0.2,533.9,30,True
47.000_-72.000,2019-05,7.16,336.1,31,True
47.000_-72.000,2019-06,13.24,143.3,30,True
47.000_-72.000,2019-07,18.42,20.7,31,True
47.000_-72.000,2019-08,15.89,67.6,31,True
47.000_-72.000,2019-09,10.99,210.4,30,True
47.000_-72.000,2019-10,5.65,383.0,31,True
47.000_-72.000,2019-11,-5.26,697.8,30,True
47.000_-72.000,2019-12,-9.33,847.1,31,True
47.000_-72.000,2020-01,-10.45,882.1,31,True
47.000_-72.000,2020-02,-11.17,846.0,29,True
47.000_-72.000,2020-03,-4.98,712.4,31,True
47.000_-72.000,2020-04,-0.54,556.2,30,True
47.000_-72.000,2020-05,8.52,307.8,31,True
47.000_-72.000,2020-06,15.95,95.3,30,True
47.000_-72.000,2020-07,19.12,11.3,31,True
47.000_-72.000,2020-08,15.83,77.8,31,True
47.000_-72.000,2020-09,10.76,217.3,30,True
47.000_-72.000,2020-10,3.44,451.5,31,True
47.000_-72.000,2020-11,-0.92,567.7,30,True
47.000_-72.000,2020-12,-7.13,778.9,31,True
47.000_-72.000,2021-01,-10.58,886.0,31,True
47.000_-72.000,2021-02,-11.13,815.6,28,True
47.000_-72.000,2021-03,-5.26,721.2,31,True
47.000_-72.000,2021-04,4.35,409.4,30,True
47.000_-72.000,2021-05,9.59,263.5,31,True
47.000_-72.000,2021-06,15.95,80.4,30,True
47.000_-72.000,2021-07,16.13,66.1,31,True
47.000_-72.000,2021-08,18.64,30.7,31,True
47.000_-72.000,2021-09,12.59,162.4,30,True
47.000_-72.000,2021-10,8.31,300.5,31,True
47.000_-72.000,2021-11,-2.0,599.9,30,True
47.000_-72.000,2021-12,-9.55,853.9,31,True
47.000_-72.000,2022-01,-18.19,1121.9,31,True
47.000_-72.000,2022-02,-12.82,863.1,28,True
47.000_-72.000,2022-03,-6.1,747.0,31,True
47.000_-72.000,2022-04,1.09,507.3,30,True
47.000_-72.000,2022-05,11.16,217.0,31,True
47.000_-72.000,2022-06,13.94,126.1,30,True
47.000_-72.000,2022-07,16.94,45.3,31,True
47.000_-72.000,2022-08,16.72,49.7,31,True
47.000_-72.000,2022-09,11.87,185.2,30,True
47.000_-72.000,2022-10,6.54,355.3,31,True
47.000_-72.000,2022-11,-1.38,581.4,30,True
47.000_-72.000,2022-12,-6.38,755.7,31,True
47.000_-72.500,2016-01,-10.77,891.9,31,True
47.000_-72.500,2016-02,-11.26,848.5,29,True
47.000_-72.500,2016-03,-5.59,731.2,31,True
47.000_-72.500,2016-04,-1.46,583.9,30,True
47.000_-72.500,2016-05,10.38,238.4,31,True
47.000_-72.500,2016-06,15.24,99.7,30,True
47.000_-72.500,2016-07,17.7,32.6,31,True
47.000_-72.500,2016-08,18.25,21.1,31,True
47.000_-72.500,2016-09,13.83,128.0,30,True
47.000_-72.500,2016-10,6.34,361.6,31,True
47.000_-72.500,2016-11,1.23,503.1,30,True
47.000_-72.500,2016-12,-9.59,855.3,31,True
47.000_-72.500,2017-01,-9.28,845.6,31,True
47.000_-72.500,2017-02,-8.88,752.5,28,True
47.000_-72.500,2017-03,-7.95,804.6,31,True
47.000_-72.500,2017-04,3.48,435.6,30,True
47.000_-72.500,2017-05,9.89,253.1,31,True
47.000_-72.500,2017-06,15.47,89.9,30,True
47.000_-72.500,2017-07,17.78,24.9,31,True
47.000_-72.500,2017-08,16.18,65.9,31,True
47.000_-72.500,2017-09,15.35,94.0,30,True
47.000_-72.500,2017-10,10.0,248.1,31,True
47.000_-72.500,2017-11,-2.77,623.2,30,True
47.000_-72.500,2017-12,-13.12,964.7,31,True
47.000_-72.500,2018-01,-13.95,990.5,31,True
47.000_-72.500,2018-02,-8.51,742.3,28,True
47.000_-72.500,2018-03,-3.47,665.6,31,True
47.000_-72.500,2018-04,-0.61,558.2,30,True
47.000_-72.500,2018-05,10.99,222.5,31,True
47.000_-72.500,2018-06,15.35,92.1,30,True
47.000_-72.500,2018-07,20.56,5.7,31,True
47.000_-72.500,2018-08,19.21,16.0,31,True
47.000_-72.500,2018-09,13.81,137.7,30,True
47.000_-72.500,2018-10,3.59,446.7,31,True
47.000_-72.500,2018-11,-4.24,667.1,30,True
47.000_-72.500,2018-12,-10.15,872.6,31,True
47.000_-72.500,2019-01,-14.58,1010.1,31,True
47.000_-72.500,2019-02,-12.19,845.4,28,True
47.000_-72.500,2019-03,-6.3,753.3,31,True
47.000_-72.500,2019-04,1.24,502.9,30,True
47.000_-72.500,2019-05,8.34,299.6,31,True
47.000_-72.500,2019-06,14.62,105.8,30,True
47.000_-72.500,2019-07,19.91,8.6,31,True
47.000_-72.500,2019-08,17.31,36.7,31,True
47.000_-72.500,2019-09,12.27,172.5,30,True
47.000_-72.500,2019-10,6.68,350.9,31,True
47.000_-72.500,2019-11,-4.24,667.1,30,True
47.000_-72.500,2019-12,-8.46,820.4,31,True
47.000_-72.500,2020-01,-9.46,851.4,31,True
47.000_-72.500,2020-02,-9.94,810.3,29,True
47.000_-72.500,2020-03,-3.85,677.4,31,True
47.000_-72.500,2020-04,1.06,508.3,30,True
47.000_-72.500,2020-05,9.77,273.8,31,True
47.000_-72.500,2020-06,17.34,69.2,30,True
47.000_-72.500,2020-07,20.55,1.1,31,True
47.000_-72.500,2020-08,17.16,51.5,31,True
47.000_-72.500,2020-09,11.96,181.3,30,True
47.000_-72.500,2020-10,4.62,414.9,31,True
47.000_-72.500,2020-11,0.45,526.5,30,True
47.000_-72.500,2020-12,-6.05,745.7,31,True
47.000_-72.500,2021-01,-9.83,862.6,31,True
47.000_-72.500,2021-02,-10.32,792.9,28,True
47.000_-72.500,2021-03,-3.94,680.2,31,True
47.000_-72.500,2021-04,5.71,368.7,30,True
47.000_-72.500,2021-05,10.96,226.5,31,True
47.000_-72.500,2021-06,17.39,49.7,30,True
47.000_-72.500,2021-07,17.51,39.9,31,True
47.000_-72.500,2021-08,19.93,15.9,31,True
47.000_-72.500,2021-09,13.84,125.2,30,True
47.000_-72.500,2021-10,9.17,273.6,31,True
47.000_-72.500,2021-11,-0.79,563.8,30,True
47.000_-72.500,2021-12,-8.55,822.9,31,True
47.000_-72.500,2022-01,-17.59,1103.2,31,True
47.000_-72.500,2022-02,-11.99,839.6,28,True
47.000_-72.500,2022-03,-4.93,710.9,31,True
47.000_-72.500,2022-04,2.27,471.8,30,True
47.000_-72.500,2022-05,12.41,182.8,31,True
47.000_-72.500,2022-06,15.23,91.6,30,True
47.000_-72.500,2022-07,18.27,22.5,31,True
47.000_-72.500,2022-08,17.87,29.9,31,True
47.000_-72.500,2022-09,12.98,155.4,30,True
47.000_-72.500,2022-10,7.55,323.8,31,True
47.000_-72.500,2022-11,-0.04,541.1,30,True
47.000_-72.500,2022-12,-5.25,720.8,31,True
47.000_-73.000,2016-01,-10.61,886.9,31,True
47.000_-73.000,2016-02,-11.45,854.1,29,True
47.000_-73.000,2016-03,-5.36,724.1,31,True
47.000_-73.000,2016-04,-1.86,595.7,30,True
47.000_-73.000,2016-05,10.36,240.0,31,True
47.000_-73.000,2016-06,15.68,93.7,30,True
47.000_-73.000,2016-07,18.19,27.4,31,True
47.000_-73.000,2016-08,18.72,16.3,31,True
47.000_-73.000,2016-09,14.26,117.3,30,True
47.000_-73.000,2016-10,6.5,356.6,31,True
47.000_-73.000,2016-11,1.25,502.4,30,True
47.000_-73.000,2016-12,-9.53,853.3,31,True
47.000_-73.000,2017-01,-9.29,846.0,31,True
47.000_-73.000,2017-02,-8.9,753.3,28,True
47.000_-73.000,2017-03,-8.26,814.1,31,True
47.000_-73.000,2017-04,3.22,443.3,30,True
47.000_-73.000,2017-05,9.67,260.1,31,True
47.000_-73.000,2017-06,15.56,89.2,30,True
47.000_-73.000,2017-07,17.87,25.8,31,True
47.000_-73.000,2017-08,16.16,65.7,31,True
47.000_-73.000,2017-09,15.51,94.4,30,True
47.000_-73.000,2017-10,9.96,249.1,31,True
47.000_-73.000,2017-11,-2.86,625.8,30,True
47.000_-73.000,2017-12,-13.24,968.5,31,True
47.000_-73.000,2018-01,-13.9,988.8,31,True
47.000_-73.000,2018-02,-8.48,741.3,28,True
47.000_-73.000,2018-03,-3.93,679.7,31,True
47.000_-73.000,2018-04,-0.91,567.2,30,True
47.000_-73.000,2018-05,11.15,218.3,31,True
47.000_-73.000,2018-06,15.42,93.4,30,True
47.000_-73.000,2018-07,20.65,5.4,31,True
47.000_-73.000,2018-08,19.24,18.0,31,True
47.000_-73.000,2018-09,13.75,142.0,30,True
47.000_-73.000,2018-10,3.34,454.4,31,True
47.000_-73.000,2018-11,-4.4,672.0,30,True
47.000_-73.000,2018-12,-10.05,869.6,31,True
47.000_-73.000,2019-01,-15.0,1023.1,31,True
47.000_-73.000,2019-02,-12.28,847.7,28,True
47.000_-73.000,2019-03,-6.27,752.4,31,True
47.000_-73.000,2019-04,0.81,515.8,30,True
47.000_-73.000,2019-05,7.59,322.7,31,True
47.000_-73.000,2019-06,14.49,110.7,30,True
47.000_-73.000,2019-07,20.0,8.3,31,True
47.000_-73.000,2019-08,17.26,37.7,31,True
47.000_-73.000,2019-09,12.38,169.8,30,True
47.000_-73.000,2019-10,6.39,359.8,31,True
47.000_-73.000,2019-11,-4.44,673.1,30,True
47.000_-73.000,2019-12,-8.58,824.0,31,True
47.000_-73.000,2020-01,-9.57,854.7,31,True
47.000_-73.000,2020-02,-9.63,801.4,29,True
47.000_-73.000,2020-03,-4.03,682.9,31,True
47.000_-73.000,2020-04,0.24,532.8,30,True
47.000_-73.000,2020-05,9.45,283.8,31,True
47.000_-73.000,2020-06,17.28,74.8,30,True
47.000_-73.000,2020-07,20.48,1.8,31,True
47.000_-73.000,2020-08,17.1,52.6,31,True
47.000_-73.000,2020-09,11.9,183.1,30,True
47.000_-73.000,2020-10,4.5,418.4,31,True
47.000_-73.000,2020-11,0.78,516.7,30,True
47.000_-73.000,2020-12,-6.48,758.8,31,True
47.000_-73.000,2021-01,-9.92,865.4,31,True
47.000_-73.000,2021-02,-10.41,795.6,28,True
47.000_-73.000,2021-03,-3.47,665.5,31,True
47.000_-73.000,2021-04,5.53,374.0,30,True
47.000_-73.000,2021-05,10.95,228.7,31,True
47.000_-73.000,2021-06,17.57,45.0,30,True
47.000_-73.000,2021-07,17.56,40.2,31,True
47.000_-73.000,2021-08,19.97,16.3,31,True
47.000_-73.000,2021-09,13.62,131.3,30,True
47.000_-73.000,2021-10,8.99,279.3,31,True
47.000_-73.000,2021-11,-0.9,567.0,30,True
47.000_-73.000,2021-12,-8.84,832.1,31,True
47.000_-73.000,2022-01,-17.76,1108.6,31,True
47.000_-73.000,2022-02,-12.31,848.8,28,True
47.000_-73.000,2022-03,-4.95,711.3,31,True
47.000_-73.000,2022-04,1.78,486.5,30,True
47.000_-73.000,2022-05,12.28,187.4,31,True
47.000_-73.000,2022-06,15.11,95.7,30,True
47.000_-73.000,2022-07,18.29,24.3,31,True
47.000_-73.000,2022-08,17.95,31.2,31,True
47.000_-73.000,2022-09,12.93,158.1,30,True
47.000_-73.000,2022-10,7.67,320.3,31,True
47.000_-73.000,2022-11,0.33,530.2,30,True
47.000_-73.000,2022-12,-5.81,738.0,31,True
47.000_-73.500,2016-01,-10.3,877.3,31,True
47.000_-73.500,2016-02,-11.67,860.5,29,True
47.000_-73.500,2016-03,-5.36,724.1,31,True
47.000_-73.500,2016-04,-2.55,616.4,30,True
47.000_-73.500,2016-05,9.85,255.8,31,True
47.000_-73.500,2016-06,15.38,101.9,30,True
47.000_-73.500,2016-07,17.95,30.3,31,True
47.000_-73.500,2016-08,18.53,18.7,31,True
47.000_-73.500,2016-09,14.12,122.1,30,True
47.000_-73.500,2016-10,6.55,354.9,31,True
47.000_-73.500,2016-11,1.05,508.6,30,True
47.000_-73.500,2016-12,-9.25,844.9,31,True
47.000_-73.500,2017-01,-9.59,855.2,31,True
47.000_-73.500,2017-02,-9.22,762.3,28,True
47.000_-73.500,2017-03,-8.84,831.9,31,True
47.000_-73.500,2017-04,2.26,472.1,30,True
47.000_-73.500,2017-05,9.11,276.6,31,True
47.000_-73.500,2017-06,14.89,104.4,30,True
47.000_-73.500,2017-07,17.22,37.0,31,True
47.000_-73.500,2017-08,15.56,80.6,31,True
47.000_-73.500,2017-09,14.99,106.4,30,True
47.000_-73.500,2017-10,9.6,260.4,31,True
47.000_-73.500,2017-11,-3.07,632.0,30,True
47.000_-73.500,2017-12,-13.45,974.8,31,True
47.000_-73.500,2018-01,-13.97,991.0,31,True
47.000_-73.500,2018-02,-8.87,752.4,28,True
47.000_-73.500,2018-03,-4.7,703.6,31,True
47.000_-73.500,2018-04,-1.75,592.5,30,True
47.000_-73.500,2018-05,10.57,234.9,31,True
47.000_-73.500,2018-06,14.87,104.0,30,True
47.000_-73.500,2018-07,20.01,10.8,31,True
47.000_-73.500,2018-08,18.68,23.2,31,True
47.000_-73.500,2018-09,13.28,151.7,30,True
47.000_-73.500,2018-10,2.78,471.8,31,True
47.000_-73.500,2018-11,-4.7,680.9,30,True
47.000_-73.500,2018-12,-10.11,871.3,31,True
47.000_-73.500,2019-01,-15.5,1038.6,31,True
47.000_-73.500,2019-02,-12.9,865.1,28,True
47.000_-73.500,2019-03,-6.97,774.2,31,True
47.000_-73.500,2019-04,-0.0,540.0,30,True
47.000_-73.500,2019-05,6.77,348.1,31,True
47.000_-73.500,2019-06,13.95,125.5,30,True
47.000_-73.500,2019-07,19.45,11.6,31,True
47.000_-73.500,2019-08,16.74,49.5,31,True
47.000_-73.500,2019-09,11.94,182.6,30,True
47.000_-73.500,2019-10,6.0,372.1,31,True
47.000_-73.500,2019-11,-4.84,685.3,30,True
47.000_-73.500,2019-12,-8.73,828.7,31,True
47.000_-73.500,2020-01,-9.83,862.6,31,True
47.000_-73.500,2020-02,-10.09,814.7,29,True
47.000_-73.500,2020-03,-4.43,695.4,31,True
47.000_-73.500,2020-04,-0.54,556.1,30,True
47.000_-73.500,2020-05,8.37,314.7,31,True
47.000_-73.500,2020-06,16.38,89.1,30,True
47.000_-73.500,2020-07,20.02,4.1,31,True
47.000_-73.500,2020-08,16.48,63.8,31,True
47.000_-73.500,2020-09,11.3,201.1,30,True
47.000_-73.500,2020-10,4.17,428.8,31,True
47.000_-73.500,2020-11,0.57,522.8,30,True
47.000_-73.500,2020-12,-6.89,771.5,31,True
47.000_-73.500,2021-01,-10.25,875.6,31,True
47.000_-73.500,2021-02,-10.9,809.3,28,True
47.000_-73.500,2021-03,-4.2,688.3,31,True
47.000_-73.500,2021-04,4.99,390.2,30,True
47.000_-73.500,2021-05,10.52,240.3,31,True
47.000_-73.500,2021-06,17.19,50.3,30,True
47.000_-73.500,2021-07,17.16,47.2,31,True
47.000_-73.500,2021-08,19.41,21.9,31,True
47.000_-73.500,2021-09,13.19,144.2,30,True
47.000_-73.500,2021-10,8.48,295.1,31,True
47.000_-73.500,2021-11,-1.36,580.7,30,True
47.000_-73.500,2021-12,-9.12,840.6,31,True
47.000_-73.500,2022-01,-17.9,1113.0,31,True
47.000_-73.500,2022-02,-12.73,860.5,28,True
47.000_-73.500,2022-03,-5.65,733.3,31,True
47.000_-73.500,2022-04,0.67,519.8,30,True
47.000_-73.500,2022-05,11.46,210.2,31,True
47.000_-73.500,2022-06,14.66,107.1,30,True
47.000_-73.500,2022-07,17.69,33.7,31,True
47.000_-73.500,2022-08,17.52,36.5,31,True
47.000_-73.500,2022-09,12.4,172.5,30,True
47.000_-73.500,2022-10,7.22,334.1,31,True
47.000_-73.500,2022-11,0.18,534.7,30,True
47.000_-73.500,2022-12,-6.38,755.7,31,True
47.000_-74.000,2016-01,-10.25,875.9,31,True
47.000_-74.000,2016-02,-11.87,866.1,29,True
47.000_-74.000,2016-03,-5.31,722.7,31,True
47.000_-74.000,2016-04,-2.62,618.6,30,True
47.000_-74.000,2016-05,9.47,267.1,31,True
47.000_-74.000,2016-06,15.0,110.2,30,True
47.000_-74.000,2016-07,17.74,32.1,31,True
47.000_-74.000,2016-08,18.45,19.0,31,True
47.000_-74.000,2016-09,14.12,121.6,30,True
47.000_-74.000,2016-10,6.62,352.9,31,True
47.000_-74.000,2016-11,0.97,510.9,30,True
47.000_-74.000,2016-12,-9.09,839.8,31,True
47.000_-74.000,2017-01,-9.49,852.3,31,True
47.000_-74.000,2017-02,-9.07,758.0,28,True
47.000_-74.000,2017-03,-8.84,832.0,31,True
47.000_-74.000,2017-04,2.39,468.4,30,True
47.000_-74.000,2017-05,9.0,279.7,31,True
47.000_-74.000,2017-06,14.82,105.2,30,True
47.000_-74.000,2017-07,17.15,37.3,31,True
47.000_-74.000,2017-08,15.53,81.1,31,True
47.000_-74.000,2017-09,14.99,105.7,30,True
47.000_-74.000,2017-10,9.77,255.1,31,True
47.000_-74.000,2017-11,-2.87,626.2,30,True
47.000_-74.000,2017-12,-13.39,973.0,31,True
47.000_-74.000,2018-01,-13.78,985.3,31,True
47.000_-74.000,2018-02,-8.84,751.6,28,True
47.000_-74.000,2018-03,-4.82,707.5,31,True
47.000_-74.000,2018-04,-1.87,596.0,30,True
47.000_-74.000,2018-05,10.37,240.5,31,True
47.000_-74.000,2018-06,14.92,102.3,30,True
47.000_-74.000,2018-07,19.93,10.2,31,True
47.000_-74.000,2018-08,18.64,21.5,31,True
47.000_-74.000,2018-09,13.43,147.1,30,True
47.000_-74.000,2018-10,2.95,466.4,31,True
47.000_-74.000,2018-11,-4.61,678.3,30,True
47.000_-74.000,2018-12,-9.97,867.2,31,True
47.000_-74.000,2019-01,-15.51,1038.8,31,True
47.000_-74.000,2019-02,-12.75,860.9,28,True
47.000_-74.000,2019-03,-7.04,776.3,31,True
47.000_-74.000,2019-04,-0.0,540.1,30,True
47.000_-74.000,2019-05,6.6,353.3,31,True
47.000_-74.000,2019-06,13.82,128.8,30,True
47.000_-74.000,2019-07,19.42,11.1,31,True
47.000_-74.000,2019-08,16.73,49.5,31,True
47.000_-74.000,2019-09,12.13,176.7,30,True
47.000_-74.000,2019-10,6.26,363.9,31,True
47.000_-74.000,2019-11,-4.76,682.8,30,True
47.000_-74.000,2019-12,-8.62,825.3,31,True
47.000_-74.000,2020-01,-9.73,859.5,31,True
47.000_-74.000,2020-02,-10.04,813.3,29,True
47.000_-74.000,2020-03,-4.27,690.5,31,True
47.000_-74.000,2020-04,-0.55,556.4,30,True
47.000_-74.000,2020-05,8.05,323.4,31,True
47.000_-74.000,2020-06,16.1,93.9,30,True
47.000_-74.000,2020-07,20.13,3.3,31,True
47.000_-74.000,2020-08,16.48,63.1,31,True
47.000_-74.000,2020-09,11.3,201.0,30,True
47.000_-74.000,2020-10,4.33,423.7,31,True
47.000_-74.000,2020-11,0.76,517.1,30,True
47.000_-74.000,2020-12,-6.97,774.2,31,True
47.000_-74.000,2021-01,-10.23,875.0,31,True
47.000_-74.000,2021-02,-11.01,812.2,28,True
47.000_-74.000,2021-03,-4.28,690.6,31,True
47.000_-74.000,2021-04,4.95,391.4,30,True
47.000_-74.000,2021-05,10.25,247.0,31,True
47.000_-74.000,2021-06,16.96,54.1,30,True
47.000_-74.000,2021-07,17.12,47.9,31,True
47.000_-74.000,2021-08,19.32,21.9,31,True
47.000_-74.000,2021-09,13.27,141.8,30,True
47.000_-74.000,2021-10,8.69,288.7,31,True
47.000_-74.000,2021-11,-1.2,575.9,30,True
47.000_-74.000,2021-12,-8.84,832.1,31,True
47.000_-74.000,2022-01,-17.76,1108.5,31,True
47.000_-74.000,2022-02,-12.68,859.1,28,True
47.000_-74.000,2022-03,-5.63,732.5,31,True
47.000_-74.000,2022-04,0.72,518.3,30,True
47.000_-74.000,2022-05,11.12,220.0,31,True
47.000_-74.000,2022-06,14.65,107.5,30,True
47.000_-74.000,2022-07,17.57,34.1,31,True
47.000_-74.000,2022-08,17.41,37.1,31,True
47.000_-74.000,2022-09,12.41,170.6,30,True
47.000_-74.000,2022-10,7.27,332.6,31,True
47.000_-74.000,2022-11,0.42,527.3,30,True
47.000_-74.000,2022-12,-6.34,754.5,31,True
47.000_-74.500,2016-01,-10.92,896.4,31,True
47.000_-74.500,2016-02,-12.59,887.2,29,True
47.000_-74.500,2016-03,-5.74,735.8,31,True
47.000_-74.500,2016-04,-3.02,630.7,30,True
47.000_-74.500,2016-05,9.12,277.1,31,True
47.000_-74.500,2016-06,14.34,126.0,30,True
47.000_-74.500,2016-07,17.13,41.7,31,True
47.000_-74.500,2016-08,17.9,27.5,31,True
47.000_-74.500,2016-09,13.59,135.8,30,True
47.000_-74.500,2016-10,6.06,370.1,31,True
47.000_-74.500,2016-11,0.46,526.2,30,True
47.000_-74.500,2016-12,-9.46,851.4,31,True
47.000_-74.500,2017-01,-9.92,865.5,31,True
47.000_-74.500,2017-02,-9.28,763.9,28,True
47.000_-74.500,2017-03,-9.21,843.6,31,True
47.000_-74.500,2017-04,2.52,464.3,30,True
47.000_-74.500,2017-05,8.75,287.1,31,True
47.000_-74.500,2017-06,14.24,119.6,30,True
47.000_-74.500,2017-07,16.45,54.2,31,True
47.000_-74.500,2017-08,14.99,95.8,31,True
47.000_-74.500,2017-09,14.45,119.6,30,True
47.000_-74.500,2017-10,9.36,267.9,31,True
47.000_-74.500,2017-11,-3.48,644.3,30,True
47.000_-74.500,2017-12,-14.08,994.5,31,True
47.000_-74.500,2018-01,-14.05,993.5,31,True
47.000_-74.500,2018-02,-9.19,761.3,28,True
47.000_-74.500,2018-03,-5.29,721.9,31,True
47.000_-74.500,2018-04,-1.95,598.4,30,True
47.000_-74.500,2018-05,10.16,246.2,31,True
47.000_-74.500,2018-06,14.53,110.2,30,True
47.000_-74.500,2018-07,19.37,17.1,31,True
47.000_-74.500,2018-08,18.07,27.2,31,True
47.000_-74.500,2018-09,13.01,158.5,30,True
47.000_-74.500,2018-10,2.56,478.7,31,True
47.000_-74.500,2018-11,-5.09,692.7,30,True
47.000_-74.500,2018-12,-10.11,871.4,31,True
47.000_-74.500,2019-01,-15.99,1053.6,31,True
47.000_-74.500,2019-02,-13.12,871.4,28,True
47.000_-74.500,2019-03,-7.48,789.9,31,True
47.000_-74.500,2019-04,0.05,538.6,30,True
47.000_-74.500,2019-05,6.58,353.9,31,True
47.000_-74.500,2019-06,13.62,135.1,30,True
47.000_-74.500,2019-07,19.12,14.8,31,True
47.000_-74.500,2019-08,16.22,61.6,31,True
47.000_-74.500,2019-09,11.69,189.6,30,True
47.000_-74.500,2019-10,5.98,372.6,31,True
47.000_-74.500,2019-11,-5.39,701.7,30,True
47.000_-74.500,2019-12,-8.85,832.4,31,True
47.000_-74.500,2020-01,-10.02,868.7,31,True
47.000_-74.500,2020-02,-10.42,824.1,29,True
47.000_-74.500,2020-03,-4.29,691.0,31,True
47.000_-74.500,2020-04,-0.57,557.0,30,True
47.000_-74.500,2020-05,7.69,332.8,31,True
47.000_-74.500,2020-06,15.45,107.2,30,True
47.000_-74.500,2020-07,19.7,6.9,31,True
47.000_-74.500,2020-08,15.89,75.8,31,True
47.000_-74.500,2020-09,10.71,218.8,30,True
47.000_-74.500,2020-10,3.7,443.2,31,True
47.000_-74.500,2020-11,0.41,527.8,30,True
47.000_-74.500,2020-12,-7.26,783.0,31,True
47.000_-74.500,2021-01,-10.57,885.6,31,True
47.000_-74.500,2021-02,-11.25,818.9,28,True
47.000_-74.500,2021-03,-4.41,694.6,31,True
47.000_-74.500,2021-04,4.85,394.5,30,True
47.000_-74.500,2021-05,9.74,261.2,31,True
47.000_-74.500,2021-06,16.54,63.4,30,True
47.000_-74.500,2021-07,16.56,59.1,31,True
47.000_-74.500,2021-08,18.86,29.3,31,True
47.000_-74.500,2021-09,12.73,158.0,30,True
47.000_-74.500,2021-10,8.55,292.8,31,True
47.000_-74.500,2021-11,-1.81,594.3,30,True
47.000_-74.500,2021-12,-9.09,839.8,31,True
47.000_-74.500,2022-01,-18.15,1120.8,31,True
47.000_-74.500,2022-02,-12.9,865.2,28,True
47.000_-74.500,2022-03,-5.83,738.8,31,True
47.000_-74.500,2022-04,0.8,516.0,30,True
47.000_-74.500,2022-05,11.35,212.9,31,True
47.000_-74.500,2022-06,14.42,114.9,30,True
47.000_-74.500,2022-07,17.0,45.7,31,True
47.000_-74.500,2022-08,16.92,46.0,31,True
47.000_-74.500,2022-09,11.91,184.3,30,True
47.000_-74.500,2022-10,6.76,348.5,31,True
47.000_-74.500,2022-11,-0.16,544.9,30,True
47.000_-74.500,2022-12,-6.6,762.5,31,True
47.000_-75.000,2016-01,-10.41,880.8,31,True
47.000_-75.000,2016-02,-12.2,875.8,29,True
47.000_-75.000,2016-03,-5.22,719.9,31,True
47.000_-75.000,2016-04,-2.52,615.5,30,True
47.000_-75.000,2016-05,9.73,260.2,31,True
47.000_-75.000,2016-06,14.68,116.8,30,True
47.000_-75.000,2016-07,17.57,32.2,31,True
47.000_-75.000,2016-08,18.36,19.7,31,True
47.000_-75.000,2016-09,14.09,121.5,30,True
47.000_-75.000,2016-10,6.79,347.6,31,True
47.000_-75.000,2016-11,1.21,503.7,30,True
47.000_-75.000,2016-12,-8.51,821.9,31,True
47.000_-75.000,2017-01,-9.33,847.3,31,True
47.000_-75.000,2017-02,-8.62,745.4,28,True
47.000_-75.000,2017-03,-8.64,825.8,31,True
47.000_-75.000,2017-04,3.11,446.8,30,True
47.000_-75.000,2017-05,9.26,271.8,31,True
47.000_-75.000,2017-06,14.49,113.4,30,True
47.000_-75.000,2017-07,16.93,42.1,31,True
47.000_-75.000,2017-08,15.49,82.3,31,True
47.000_-75.000,2017-09,14.87,110.7,30,True
47.000_-75.000,2017-10,9.93,250.1,31,True
47.000_-75.000,2017-11,-2.62,618.5,30,True
47.000_-75.000,2017-12,-13.43,974.4,31,True
47.000_-75.000,2018-01,-13.59,979.2,31,True
47.000_-75.000,2018-02,-8.89,752.8,28,True
47.000_-75.000,2018-03,-4.92,710.4,31,True
47.000_-75.000,2018-04,-1.44,583.1,30,True
47.000_-75.000,2018-05,10.72,229.8,31,True
47.000_-75.000,2018-06,14.91,101.2,30,True
47.000_-75.000,2018-07,19.63,14.3,31,True
47.000_-75.000,2018-08,18.57,21.1,31,True
47.000_-75.000,2018-09,13.57,146.6,30,True
47.000_-75.000,2018-10,3.32,455.0,31,True
47.000_-75.000,2018-11,-3.98,659.3,30,True
47.000_-75.000,2018-12,-9.6,855.7,31,True
47.000_-75.000,2019-01,-15.71,1044.9,31,True
47.000_-75.000,2019-02,-12.62,857.5,28,True
47.000_-75.000,2019-03,-6.96,773.8,31,True
47.000_-75.000,2019-04,0.51,524.6,30,True
47.000_-75.000,2019-05,7.24,333.7,31,True
47.000_-75.000,2019-06,14.13,121.1,30,True
47.000_-75.000,2019-07,19.47,12.8,31,True
47.000_-75.000,2019-08,16.75,48.7,31,True
47.000_-75.000,2019-09,12.36,169.9,30,True
47.000_-75.000,2019-10,6.66,351.6,31,True
47.000_-75.000,2019-11,-4.67,680.1,30,True
47.000_-75.000,2019-12,-8.39,818.1,31,True
47.000_-75.000,2020-01,-9.54,853.7,31,True
47.000_-75.000,2020-02,-9.89,808.7,29,True
47.000_-75.000,2020-03,-3.71,672.9,31,True
47.000_-75.000,2020-04,-0.08,542.5,30,True
47.000_-75.000,2020-05,8.52,307.8,31,True
47.000_-75.000,2020-06,15.81,99.4,30,True
47.000_-75.000,2020-07,20.1,3.7,31,True
47.000_-75.000,2020-08,16.41,66.1,31,True
47.000_-75.000,2020-09,11.25,202.8,30,True
47.000_-75.000,2020-10,4.35,423.1,31,True
47.000_-75.000,2020-11,1.09,507.3,30,True
47.000_-75.000,2020-12,-6.65,764.3,31,True
47.000_-75.000,2021-01,-10.14,872.4,31,True
47.000_-75.000,2021-02,-10.94,810.4,28,True
47.000_-75.000,2021-03,-3.87,678.0,31,True
47.000_-75.000,2021-04,5.43,377.0,30,True
47.000_-75.000,2021-05,10.17,248.4,31,True
47.000_-75.000,2021-06,16.91,54.4,30,True
47.000_-75.000,2021-07,17.03,49.8,31,True
47.000_-75.000,2021-08,19.36,23.9,31,True
47.000_-75.000,2021-09,13.25,142.6,30,True
47.000_-75.000,2021-10,9.29,269.9,31,True
47.000_-75.000,2021-11,-0.88,566.4,30,True
47.000_-75.000,2021-12,-8.15,810.7,31,True
47.000_-75.000,2022-01,-17.84,1111.0,31,True
47.000_-75.000,2022-02,-12.45,852.5,28,True
47.000_-75.000,2022-03,-5.29,722.0,31,True
47.000_-75.000,2022-04,1.44,496.7,30,True
47.000_-75.000,2022-05,12.38,184.8,31,True
47.000_-75.000,2022-06,14.81,105.3,30,True
47.000_-75.000,2022-07,17.41,38.4,31,True
47.000_-75.000,2022-08,17.42,36.1,31,True
47.000_-75.000,2022-09,12.53,167.9,30,True
47.000_-75.000,2022-10,7.35,330.0,31,True
47.000_-75.000,2022-11,0.65,520.4,30,True
47.000_-75.000,2022-12,-5.98,743.3,31,True
47.000_-75.500,2016-01,-9.86,863.7,31,True
47.000_-75.500,2016-02,-11.89,866.9,29,True
47.000_-75.500,2016-03,-4.81,707.2,31,True
47.000_-75.500,2016-04,-1.92,597.6,30,True
47.000_-75.500,2016-05,10.38,241.4,31,True
47.000_-75.500,2016-06,15.42,100.6,30,True
47.000_-75.500,2016-07,18.4,21.0,31,True
47.000_-75.500,2016-08,19.22,9.3,31,True
47.000_-75.500,2016-09,14.9,100.4,30,True
47.000_-75.500,2016-10,7.59,322.8,31,True
47.000_-75.500,2016-11,2.02,479.5,30,True
47.000_-75.500,2016-12,-7.24,782.4,31,True
47.000_-75.500,2017-01,-8.37,817.5,31,True
47.000_-75.500,2017-02,-7.9,725.1,28,True
47.000_-75.500,2017-03,-7.93,803.7,31,True
47.000_-75.500,2017-04,3.75,427.4,30,True
47.000_-75.500,2017-05,9.89,252.7,31,True
47.000_-75.500,2017-06,15.05,99.0,30,True
47.000_-75.500,2017-07,17.83,24.3,31,True
47.000_-75.500,2017-08,16.51,54.9,31,True
47.000_-75.500,2017-09,15.69,91.5,30,True
47.000_-75.500,2017-10,10.79,223.4,31,True
47.000_-75.500,2017-11,-1.16,574.9,30,True
47.000_-75.500,2017-12,-12.17,935.4,31,True
47.000_-75.500,2018-01,-12.83,955.7,31,True
47.000_-75.500,2018-02,-8.33,737.3,28,True
47.000_-75.500,2018-03,-4.29,690.9,31,True
47.000_-75.500,2018-04,-0.75,562.5,30,True
47.000_-75.500,2018-05,11.32,212.4,31,True
47.000_-75.500,2018-06,15.37,90.4,30,True
47.000_-75.500,2018-07,20.18,7.7,31,True
47.000_-75.500,2018-08,19.39,12.7,31,True
47.000_-75.500,2018-09,14.57,123.9,30,True
47.000_-75.500,2018-10,4.67,413.1,31,True
47.000_-75.500,2018-11,-2.51,615.2,30,True
47.000_-75.500,2018-12,-9.15,841.6,31,True
47.000_-75.500,2019-01,-15.18,1028.6,31,True
47.000_-75.500,2019-02,-11.98,839.5,28,True
47.000_-75.500,2019-03,-6.21,750.5,31,True
47.000_-75.500,2019-04,1.27,502.0,30,True
47.000_-75.500,2019-05,8.14,305.6,31,True
47.000_-75.500,2019-06,14.73,103.3,30,True
47.000_-75.500,2019-07,20.02,8.0,31,True
47.000_-75.500,2019-08,17.63,30.8,31,True
47.000_-75.500,2019-09,13.53,135.9,30,True
47.000_-75.500,2019-10,7.72,318.8,31,True
47.000_-75.500,2019-11,-3.05,631.6,30,True
47.000_-75.500,2019-12,-7.36,786.1,31,True
47.000_-75.500,2020-01,-8.92,834.6,31,True
47.000_-75.500,2020-02,-9.12,786.6,29,True
47.000_-75.500,2020-03,-3.13,655.0,31,True
47.000_-75.500,2020-04,0.99,510.4,30,True
47.000_-75.500,2020-05,9.3,284.7,31,True
47.000_-75.500,2020-06,16.36,87.6,30,True
47.000_-75.500,2020-07,20.9,0.7,31,True
47.000_-75.500,2020-08,17.33,47.2,31,True
47.000_-75.500,2020-09,12.41,169.2,30,True
47.000_-75.500,2020-10,5.59,384.8,31,True
47.000_-75.500,2020-11,2.06,478.1,30,True
47.000_-75.500,2020-12,-5.74,735.8,31,True
47.000_-75.500,2021-01,-9.45,851.1,31,True
47.000_-75.500,2021-02,-10.42,795.8,28,True
47.000_-75.500,2021-03,-3.16,656.0,31,True
47.000_-75.500,2021-04,6.19,354.4,30,True
47.000_-75.500,2021-05,10.75,231.4,31,True
47.000_-75.500,2021-06,17.75,36.3,30,True
47.000_-75.500,2021-07,17.9,33.8,31,True
47.000_-75.500,2021-08,20.34,13.7,31,True
47.000_-75.500,2021-09,14.3,111.2,30,True
47.000_-75.500,2021-10,10.46,233.8,31,True
47.000_-75.500,2021-11,0.61,521.8,30,True
47.000_-75.500,2021-12,-6.51,759.8,31,True
47.000_-75.500,2022-01,-17.37,1096.6,31,True
47.000_-75.500,2022-02,-11.85,835.9,28,True
47.000_-75.500,2022-03,-4.5,697.4,31,True
47.000_-75.500,2022-04,2.47,465.9,30,True
47.000_-75.500,2022-05,13.04,166.0,31,True
47.000_-75.500,2022-06,15.58,86.5,30,True
47.000_-75.500,2022-07,18.22,22.6,31,True
47.000_-75.500,2022-08,18.47,22.0,31,True
47.000_-75.500,2022-09,13.66,139.5,30,True
47.000_-75.500,2022-10,8.13,305.9,31,True
47.000_-75.500,2022-11,1.97,480.8,30,True
47.000_-75.500,2022-12,-4.48,696.8,31,True
47.000_-76.500,2016-01,-10.31,877.7,31,True
47.000_-76.500,2016-02,-12.42,882.2,29,True
47.000_-76.500,2016-03,-5.08,715.4,31,True
47.000_-76.500,2016-04,-2.7,621.1,30,True
47.000_-76.500,2016-05,9.41,269.5,31,True
47.000_-76.500,2016-06,14.71,120.0,30,True
47.000_-76.500,2016-07,17.87,30.8,31,True
47.000_-76.500,2016-08,18.77,14.7,31,True
47.000_-76.500,2016-09,14.48,111.6,30,True
47.000_-76.500,2016-10,7.15,336.3,31,True
47.000_-76.500,2016-11,1.98,480.5,30,True
47.000_-76.500,2016-12,-7.34,785.4,31,True
47.000_-76.500,2017-01,-8.48,820.9,31,True
47.000_-76.500,2017-02,-8.27,735.5,28,True
47.000_-76.500,2017-03,-8.67,826.7,31,True
47.000_-76.500,2017-04,2.42,467.4,30,True
47.000_-76.500,2017-05,8.63,290.6,31,True
47.000_-76.500,2017-06,14.42,114.4,30,True
47.000_-76.500,2017-07,17.41,34.7,31,True
47.000_-76.500,2017-08,15.87,71.0,31,True
47.000_-76.500,2017-09,15.43,98.0,30,True
47.000_-76.500,2017-10,10.22,241.3,31,True
47.000_-76.500,2017-11,-1.56,586.7,30,True
47.000_-76.500,2017-12,-12.18,935.7,31,True
47.000_-76.500,2018-01,-13.17,966.2,31,True
47.000_-76.500,2018-02,-9.01,756.2,28,True
47.000_-76.500,2018-03,-5.58,731.1,31,True
47.000_-76.500,2018-04,-1.77,593.1,30,True
47.000_-76.500,2018-05,10.44,238.3,31,True
47.000_-76.500,2018-06,14.98,101.9,30,True
47.000_-76.500,2018-07,20.13,8.6,31,True
47.000_-76.500,2018-08,18.95,16.7,31,True
47.000_-76.500,2018-09,14.1,136.3,30,True
47.000_-76.500,2018-10,4.09,431.2,31,True
47.000_-76.500,2018-11,-2.57,617.1,30,True
47.000_-76.500,2018-12,-8.88,833.3,31,True
47.000_-76.500,2019-01,-15.86,1049.7,31,True
47.000_-76.500,2019-02,-12.39,851.0,28,True
47.000_-76.500,2019-03,-6.8,768.7,31,True
47.000_-76.500,2019-04,0.31,530.8,30,True
47.000_-76.500,2019-05,6.63,352.6,31,True
47.000_-76.500,2019-06,14.19,118.8,30,True
47.000_-76.500,2019-07,19.75,10.7,31,True
47.000_-76.500,2019-08,17.26,38.3,31,True
47.000_-76.500,2019-09,13.1,148.8,30,True
47.000_-76.500,2019-10,7.13,336.9,31,True
47.000_-76.500,2019-11,-3.13,634.0,30,True
47.000_-76.500,2019-12,-7.47,789.5,31,True
47.000_-76.500,2020-01,-9.01,837.3,31,True
47.000_-76.500,2020-02,-9.53,798.4,29,True
47.000_-76.500,2020-03,-3.5,666.6,31,True
47.000_-76.500,2020-04,-0.11,543.4,30,True
47.000_-76.500,2020-05,8.42,309.5,31,True
47.000_-76.500,2020-06,15.53,104.2,30,True
47.000_-76.500,2020-07,20.29,3.6,31,True
47.000_-76.500,2020-08,16.79,58.9,31,True
47.000_-76.500,2020-09,12.08,177.5,30,True
47.000_-76.500,2020-10,4.99,403.3,31,True
47.000_-76.500,2020-11,1.85,484.4,30,True
47.000_-76.500,2020-12,-5.8,737.7,31,True
47.000_-76.500,2021-01,-9.74,859.9,31,True
47.000_-76.500,2021-02,-10.96,811.0,28,True
47.000_-76.500,2021-03,-3.92,679.5,31,True
47.000_-76.500,2021-04,5.21,383.6,30,True
47.000_-76.500,2021-05,10.15,251.2,31,True
47.000_-76.500,2021-06,17.2,47.0,30,True
47.000_-76.500,2021-07,17.22,46.1,31,True
47.000_-76.500,2021-08,19.74,20.8,31,True
47.000_-76.500,2021-09,13.58,132.5,30,True
47.000_-76.500,2021-10,10.16,243.0,31,True
47.000_-76.500,2021-11,0.29,531.3,30,True
47.000_-76.500,2021-12,-6.38,755.7,31,True
47.000_-76.500,2022-01,-17.41,1097.8,31,True
47.000_-76.500,2022-02,-12.52,854.7,28,True
47.000_-76.500,2022-03,-5.1,716.1,31,True
47.000_-76.500,2022-04,1.47,496.0,30,True
47.000_-76.500,2022-05,12.45,181.2,31,True
47.000_-76.500,2022-06,15.09,100.1,30,True
47.000_-76.500,2022-07,17.85,31.0,31,True
47.000_-76.500,2022-08,18.05,27.9,31,True
47.000_-76.500,2022-09,13.25,149.2,30,True
47.000_-76.500,2022-10,7.58,323.0,31,True
47.000_-76.500,2022-11,1.54,493.8,30,True
47.000_-76.500,2022-12,-4.75,705.2,31,True
47.000_-78.500,2016-01,-9.77,860.9,31,True
47.000_-78.500,2016-02,-11.92,867.7,29,True
47.000_-78.500,2016-03,-4.55,699.0,31,True
47.000_-78.500,2016-04,-2.37,611.2,30,True
47.000_-78.500,2016-05,10.06,249.9,31,True
47.000_-78.500,2016-06,14.92,112.4,30,True
47.000_-78.500,2016-07,18.49,25.7,31,True
47.000_-78.500,2016-08,19.45,8.9,31,True
47.000_-78.500,2016-09,14.93,98.6,30,True
47.000_-78.500,2016-10,7.68,320.0,31,True
47.000_-78.500,2016-11,2.84,454.7,30,True
47.000_-78.500,2016-12,-6.24,751.5,31,True
47.000_-78.500,2017-01,-7.74,798.0,31,True
47.000_-78.500,2017-02,-7.49,713.7,28,True
47.000_-78.500,2017-03,-7.82,800.5,31,True
47.000_-78.500,2017-04,3.18,444.7,30,True
47.000_-78.500,2017-05,8.78,285.8,31,True
47.000_-78.500,2017-06,14.92,99.2,30,True
47.000_-78.500,2017-07,17.58,33.3,31,True
47.000_-78.500,2017-08,16.2,61.6,31,True
47.000_-78.500,2017-09,15.7,94.0,30,True
47.000_-78.500,2017-10,10.62,228.7,31,True
47.000_-78.500,2017-11,-1.1,573.1,30,True
47.000_-78.500,2017-12,-11.16,903.9,31,True
47.000_-78.500,2018-01,-12.27,938.5,31,True
47.000_-78.500,2018-02,-8.82,751.1,28,True
47.000_-78.500,2018-03,-5.56,730.4,31,True
47.000_-78.500,2018-04,-1.8,594.0,30,True
47.000_-78.500,2018-05,10.96,223.2,31,True
47.000_-78.500,2018-06,15.37,94.2,30,True
47.000_-78.500,2018-07,20.52,5.7,31,True
47.000_-78.500,2018-08,19.32,13.1,31,True
47.000_-78.500,2018-09,14.67,123.1,30,True
47.000_-78.500,2018-10,4.82,408.5,31,True
47.000_-78.500,2018-11,-1.92,597.5,30,True
47.000_-78.500,2018-12,-7.18,780.7,31,True
47.000_-78.500,2019-01,-15.56,1040.4,31,True
47.000_-78.500,2019-02,-11.9,837.1,28,True
47.000_-78.500,2019-03,-6.34,754.5,31,True
47.000_-78.500,2019-04,1.18,504.6,30,True
47.000_-78.500,2019-05,7.68,320.0,31,True
47.000_-78.500,2019-06,14.74,103.8,30,True
47.000_-78.500,2019-07,20.06,5.7,31,True
47.000_-78.500,2019-08,17.73,31.1,31,True
47.000_-78.500,2019-09,13.63,132.8,30,True
47.000_-78.500,2019-10,7.48,326.2,31,True
47.000_-78.500,2019-11,-2.61,618.2,30,True
47.000_-78.500,2019-12,-6.53,760.5,31,True
47.000_-78.500,2020-01,-8.39,818.2,31,True
47.000_-78.500,2020-02,-9.13,786.8,29,True
47.000_-78.500,2020-03,-2.8,644.9,31,True
47.000_-78.500,2020-04,0.87,514.0,30,True
47.000_-78.500,2020-05,8.75,299.7,31,True
47.000_-78.500,2020-06,16.06,88.7,30,True
47.000_-78.500,2020-07,20.55,3.0,31,True
47.000_-78.500,2020-08,17.4,50.6,31,True
47.000_-78.500,2020-09,12.58,162.5,30,True
47.000_-78.500,2020-10,5.28,394.4,31,True
47.000_-78.500,2020-11,2.5,465.0,30,True
47.000_-78.500,2020-12,-5.35,723.8,31,True
47.000_-78.500,2021-01,-8.93,834.9,31,True
47.000_-78.500,2021-02,-10.74,804.8,28,True
47.000_-78.500,2021-03,-3.3,660.2,31,True
47.000_-78.500,2021-04,5.51,374.8,30,True
47.000_-78.500,2021-05,10.45,241.4,31,True
47.000_-78.500,2021-06,17.22,45.7,30,True
47.000_-78.500,2021-07,17.84,32.6,31,True
47.000_-78.500,2021-08,20.13,13.3,31,True
47.000_-78.500,2021-09,13.93,123.2,30,True
47.000_-78.500,2021-10,11.09,215.0,31,True
47.000_-78.500,2021-11,0.84,514.8,30,True
47.000_-78.500,2021-12,-5.5,728.4,31,True
47.000_-78.500,2022-01,-16.82,1079.4,31,True
47.000_-78.500,2022-02,-12.16,844.4,28,True
47.000_-78.500,2022-03,-4.63,701.6,31,True
47.000_-78.500,2022-04,2.08,477.7,30,True
47.000_-78.500,2022-05,12.93,171.0,31,True
47.000_-78.500,2022-06,15.96,83.4,30,True
47.000_-78.500,2022-07,18.58,21.7,31,True
47.000_-78.500,2022-08,18.63,21.0,31,True
47.000_-78.500,2022-09,13.93,130.9,30,True
47.000_-78.500,2022-10,7.95,311.5,31,True
47.000_-78.500,2022-11,2.08,477.6,30,True
47.000_-78.500,2022-12,-3.7,672.7,31,True
47.000_-79.000,2016-01,-9.44,850.5,31,True
47.000_-79.000,2016-02,-11.6,858.3,29,True
47.000_-79.000,2016-03,-4.27,690.4,31,True
47.000_-79.000,2016-04,-2.0,600.1,30,True
47.000_-79.000,2016-05,10.23,246.3,31,True
47.000_-79.000,2016-06,15.3,104.1,30,True
47.000_-79.000,2016-07,18.93,21.9,31,True
47.000_-79.000,2016-08,19.8,7.0,31,True
47.000_-79.000,2016-09,15.23,90.7,30,True
47.000_-79.000,2016-10,8.0,310.0,31,True
47.000_-79.000,2016-11,3.16,445.1,30,True
47.000_-79.000,2016-12,-5.81,738.1,31,True
47.000_-79.000,2017-01,-7.48,790.0,31,True
47.000_-79.000,2017-02,-7.16,704.6,28,True
47.000_-79.000,2017-03,-7.51,790.9,31,True
47.000_-79.000,2017-04,2.83,455.0,30,True
47.000_-79.000,2017-05,8.76,286.5,31,True
47.000_-79.000,2017-06,14.98,96.5,30,True
47.000_-79.000,2017-07,17.65,31.9,31,True
47.000_-79.000,2017-08,16.47,54.9,31,True
47.000_-79.000,2017-09,15.96,88.1,30,True
47.000_-79.000,2017-10,10.87,220.9,31,True
47.000_-79.000,2017-11,-0.68,560.4,30,True
47.000_-79.000,2017-12,-10.85,894.5,31,True
47.000_-79.000,2018-01,-12.01,930.4,31,True
47.000_-79.000,2018-02,-8.7,747.5,28,True
47.000_-79.000,2018-03,-5.63,732.4,31,True
47.000_-79.000,2018-04,-1.76,592.9,30,True
47.000_-79.000,2018-05,10.81,227.8,31,True
47.000_-79.000,2018-06,15.47,92.3,30,True
47.000_-79.000,2018-07,20.62,5.5,31,True
47.000_-79.000,2018-08,19.59,12.5,31,True
47.000_-79.000,2018-09,14.98,115.4,30,True
47.000_-79.000,2018-10,5.18,397.3,31,True
47.000_-79.000,2018-11,-1.7,591.0,30,True
47.000_-79.000,2018-12,-6.62,763.1,31,True
47.000_-79.000,2019-01,-15.42,1036.1,31,True
47.000_-79.000,2019-02,-11.82,835.0,28,True
47.000_-79.000,2019-03,-6.1,747.2,31,True
47.000_-79.000,2019-04,1.11,506.8,30,True
47.000_-79.000,2019-05,7.58,322.9,31,True
47.000_-79.000,2019-06,14.7,104.3,30,True
47.000_-79.000,2019-07,20.17,4.5,31,True
47.000_-79.000,2019-08,18.04,26.8,31,True
47.000_-79.000,2019-09,13.97,122.9,30,True
47.000_-79.000,2019-10,7.76,317.5,31,True
47.000_-79.000,2019-11,-2.09,602.7,30,True
47.000_-79.000,2019-12,-5.97,743.0,31,True
47.000_-79.000,2020-01,-8.14,810.3,31,True
47.000_-79.000,2020-02,-8.98,782.3,29,True
47.000_-79.000,2020-03,-2.64,639.7,31,True
47.000_-79.000,2020-04,0.34,529.8,30,True
47.000_-79.000,2020-05,8.75,299.3,31,True
47.000_-79.000,2020-06,16.27,84.2,30,True
47.000_-79.000,2020-07,20.59,2.9,31,True
47.000_-79.000,2020-08,17.72,45.4,31,True
47.000_-79.000,2020-09,12.87,153.8,30,True
47.000_-79.000,2020-10,5.48,388.0,31,True
47.000_-79.000,2020-11,2.76,457.3,30,True
47.000_-79.000,2020-12,-4.81,707.1,31,True
47.000_-79.000,2021-01,-8.68,827.0,31,True
47.000_-79.000,2021-02,-10.7,803.6,28,True
47.000_-79.000,2021-03,-3.0,650.9,31,True
47.000_-79.000,2021-04,5.43,377.2,30,True
47.000_-79.000,2021-05,10.49,241.1,31,True
47.000_-79.000,2021-06,17.23,45.2,30,True
47.000_-79.000,2021-07,18.14,28.4,31,True
47.000_-79.000,2021-08,20.25,11.4,31,True
47.000_-79.000,2021-09,14.06,119.2,30,True
47.000_-79.000,2021-10,11.45,203.9,31,True
47.000_-79.000,2021-11,1.22,503.4,30,True
47.000_-79.000,2021-12,-4.79,706.4,31,True
47.000_-79.000,2022-01,-16.57,1071.7,31,True
47.000_-79.000,2022-02,-12.12,843.5,28,True
47.000_-79.000,2022-03,-4.63,701.5,31,True
47.000_-79.000,2022-04,1.75,487.4,30,True
47.000_-79.000,2022-05,12.78,174.5,31,True
47.000_-79.000,2022-06,16.01,83.7,30,True
47.000_-79.000,2022-07,18.74,19.4,31,True
47.000_-79.000,2022-08,18.75,19.8,31,True
47.000_-79.000,2022-09,14.28,122.6,30,True
47.000_-79.000,2022-10,8.22,303.3,31,True
47.000_-79.000,2022-11,2.39,468.2,30,True
47.000_-79.000,2022-12,-3.37,662.6,31,True
47.000_-79.500,2016-01,-10.13,872.0,31,True
47.000_-79.500,2016-02,-11.64,859.6,29,True
47.000_-79.500,2016-03,-4.16,687.0,31,True
47.000_-79.500,2016-04,-1.69,590.6,30,True
47.000_-79.500,2016-05,10.65,233.7,31,True
47.000_-79.500,2016-06,15.54,98.5,30,True
47.000_-79.500,2016-07,19.19,19.1,31,True
47.000_-79.500,2016-08,19.94,7.3,31,True
47.000_-79.500,2016-09,15.17,91.2,30,True
47.000_-79.500,2016-10,7.97,310.9,31,True
47.000_-79.500,2016-11,2.91,452.6,30,True
47.000_-79.500,2016-12,-6.72,766.3,31,True
47.000_-79.500,2017-01,-7.9,802.9,31,True
47.000_-79.500,2017-02,-7.17,704.7,28,True
47.000_-79.500,2017-03,-7.67,795.7,31,True
47.000_-79.500,2017-04,3.63,431.0,30,True
47.000_-79.500,2017-05,8.96,280.4,31,True
47.000_-79.500,2017-06,15.44,85.6,30,True
47.000_-79.500,2017-07,17.86,30.7,31,True
47.000_-79.500,2017-08,16.3,60.1,31,True
47.000_-79.500,2017-09,15.74,95.6,30,True
47.000_-79.500,2017-10,10.56,230.5,31,True
47.000_-79.500,2017-11,-1.52,585.5,30,True
47.000_-79.500,2017-12,-12.15,934.6,31,True
47.000_-79.500,2018-01,-12.1,933.2,31,True
47.000_-79.500,2018-02,-9.08,758.2,28,True
47.000_-79.500,2018-03,-5.9,740.8,31,True
47.000_-79.500,2018-04,-1.83,595.0,30,True
47.000_-79.500,2018-05,11.79,201.6,31,True
47.000_-79.500,2018-06,16.21,79.4,30,True
47.000_-79.500,2018-07,21.23,3.2,31,True
47.000_-79.500,2018-08,19.53,15.2,31,True
47.000_-79.500,2018-09,14.54,127.3,30,True
47.000_-79.500,2018-10,4.65,413.8,31,True
47.000_-79.500,2018-11,-2.95,628.6,30,True
47.000_-79.500,2018-12,-7.52,791.2,31,True
47.000_-79.500,2019-01,-15.78,1047.2,31,True
47.000_-79.500,2019-02,-11.98,839.5,28,True
47.000_-79.500,2019-03,-6.1,747.2,31,True
47.000_-79.500,2019-04,1.3,500.9,30,True
47.000_-79.500,2019-05,7.97,311.0,31,True
47.000_-79.500,2019-06,15.2,96.0,30,True
47.000_-79.500,2019-07,20.87,2.3,31,True
47.000_-79.500,2019-08,18.07,28.0,31,True
47.000_-79.500,2019-09,13.73,130.7,30,True
47.000_-79.500,2019-10,7.25,333.3,31,True
47.000_-79.500,2019-11,-3.52,645.7,30,True
47.000_-79.500,2019-12,-7.31,784.6,31,True
47.000_-79.500,2020-01,-8.45,820.1,31,True
47.000_-79.500,2020-02,-9.17,787.9,29,True
47.000_-79.500,2020-03,-2.65,640.2,31,True
47.000_-79.500,2020-04,0.73,518.2,30,True
47.000_-79.500,2020-05,9.13,290.6,31,True
47.000_-79.500,2020-06,16.94,74.1,30,True
47.000_-79.500,2020-07,21.2,2.4,31,True
47.000_-79.500,2020-08,17.65,48.8,31,True
47.000_-79.500,2020-09,12.59,162.4,30,True
47.000_-79.500,2020-10,4.9,406.2,31,True
47.000_-79.500,2020-11,2.3,470.9,30,True
47.000_-79.500,2020-12,-6.0,744.0,31,True
47.000_-79.500,2021-01,-9.05,838.5,31,True
47.000_-79.500,2021-02,-11.02,812.5,28,True
47.000_-79.500,2021-03,-2.28,628.8,31,True
47.000_-79.500,2021-04,5.45,376.6,30,True
47.000_-79.500,2021-05,10.78,235.1,31,True
47.000_-79.500,2021-06,17.75,37.5,30,True
47.000_-79.500,2021-07,18.25,31.5,31,True
47.000_-79.500,2021-08,20.11,14.7,31,True
47.000_-79.500,2021-09,13.64,131.7,30,True
47.000_-79.500,2021-10,10.94,220.3,31,True
47.000_-79.500,2021-11,0.31,530.7,30,True
47.000_-79.500,2021-12,-6.23,751.1,31,True
47.000_-79.500,2022-01,-16.92,1082.6,31,True
47.000_-79.500,2022-02,-12.27,847.6,28,True
47.000_-79.500,2022-03,-4.62,701.1,31,True
47.000_-79.500,2022-04,2.29,471.4,30,True
47.000_-79.500,2022-05,13.28,164.4,31,True
47.000_-79.500,2022-06,16.65,73.1,30,True
47.000_-79.500,2022-07,19.07,17.0,31,True
47.000_-79.500,2022-08,18.49,21.1,31,True
47.000_-79.500,2022-09,13.97,129.1,30,True
47.000_-79.500,2022-10,7.84,315.0,31,True
47.000_-79.500,2022-11,1.77,486.9,30,True
47.000_-79.500,2022-12,-4.58,699.9,31,True
47.500_-61.500,2016-01,-2.76,643.5,31,True
47.500_-61.500,2016-02,-2.82,603.9,29,True
47.500_-61.500,2016-03,-3.58,669.1,31,True
47.500_-61.500,2016-04,-0.06,541.7,30,True
47.500_-61.500,2016-05,5.08,400.5,31,True
47.500_-61.500,2016-06,9.8,245.9,30,True
47.500_-61.500,2016-07,15.85,70.9,31,True
47.500_-61.500,2016-08,18.18,13.5,31,True
47.500_-61.500,2016-09,14.61,102.6,30,True
47.500_-61.500,2016-10,10.06,246.0,31,True
47.500_-61.500,2016-11,5.69,369.3,30,True
47.500_-61.500,2016-12,-0.4,570.5,31,True
47.500_-61.500,2017-01,-2.11,623.3,31,True
47.500_-61.500,2017-02,-3.3,596.4,28,True
47.500_-61.500,2017-03,-3.08,653.6,31,True
47.500_-61.500,2017-04,0.95,511.5,30,True
47.500_-61.500,2017-05,4.64,414.2,31,True
47.500_-61.500,2017-06,10.56,223.2,30,True
47.500_-61.500,2017-07,17.2,29.5,31,True
47.500_-61.500,2017-08,18.18,12.7,31,True
47.500_-61.500,2017-09,15.6,74.8,30,True
47.500_-61.500,2017-10,11.75,193.6,31,True
47.500_-61.500,2017-11,5.03,389.2,30,True
47.500_-61.500,2017-12,-0.53,574.4,31,True
47.500_-61.500,2018-01,-3.57,668.6,31,True
47.500_-61.500,2018-02,-5.22,650.2,28,True
47.500_-61.500,2018-03,-0.97,588.0,31,True
47.500_-61.500,2018-04,0.58,522.7,30,True
47.500_-61.500,2018-05,4.65,413.9,31,True
47.500_-61.500,2018-06,8.69,279.4,30,True
47.500_-61.500,2018-07,16.29,68.8,31,True
47.500_-61.500,2018-08,19.9,2.2,31,True
47.500_-61.500,2018-09,15.14,92.9,30,True
47.500_-61.500,2018-10,8.46,295.7,31,True
47.500_-61.500,2018-11,3.08,447.6,30,True
47.500_-61.500,2018-12,-1.42,601.9,31,True
47.500_-61.500,2019-01,-3.48,665.8,31,True
47.500_-61.500,2019-02,-8.0,728.1,28,True
47.500_-61.500,2019-03,-4.04,683.1,31,True
47.500_-61.500,2019-04,0.57,522.8,30,True
47.500_-61.500,2019-05,3.67,444.1,31,True
47.500_-61.500,2019-06,9.33,260.0,30,True
47.500_-61.500,2019-07,14.81,104.8,31,True
47.500_-61.500,2019-08,19.01,3.8,31,True
47.500_-61.500,2019-09,13.66,130.3,30,True
47.500_-61.500,2019-10,9.22,272.2,31,True
47.500_-61.500,2019-11,4.21,413.8,30,True
47.500_-61.500,2019-12,-0.39,570.2,31,True
47.500_-61.500,2020-01,-3.36,662.1,31,True
47.500_-61.500,2020-02,-5.15,671.3,29,True
47.500_-61.500,2020-03,-3.02,651.5,31,True
47.500_-61.500,2020-04,0.94,511.7,30,True
47.500_-61.500,2020-05,4.91,405.8,31,True
47.500_-61.500,2020-06,10.78,216.6,30,True
47.500_-61.500,2020-07,16.25,59.4,31,True
47.500_-61.500,2020-08,18.46,15.6,31,True
47.500_-61.500,2020-09,15.12,87.1,30,True
47.500_-61.500,2020-10,9.94,249.8,31,True
47.500_-61.500,2020-11,5.29,381.3,30,True
47.500_-61.500,2020-12,2.78,471.9,31,True
47.500_-61.500,2021-01,-0.92,586.5,31,True
47.500_-61.500,2021-02,-2.46,572.9,28,True
47.500_-61.500,2021-03,-1.69,610.3,31,True
47.500_-61.500,2021-04,2.48,465.5,30,True
47.500_-61.500,2021-05,5.64,383.3,31,True
47.500_-61.500,2021-06,12.28,171.5,30,True
47.500_-61.500,2021-07,15.36,81.9,31,True
47.500_-61.500,2021-08,18.96,5.3,31,True
47.500_-61.500,2021-09,16.04,60.3,30,True
47.500_-61.500,2021-10,11.59,198.6,31,True
47.500_-61.500,2021-11,6.84,334.9,30,True
47.500_-61.500,2021-12,0.75,534.6,31,True
47.500_-61.500,2022-01,-3.45,664.9,31,True
47.500_-61.500,2022-02,-4.16,620.6,28,True
47.500_-61.500,2022-03,-2.83,645.6,31,True
47.500_-61.500,2022-04,1.18,504.5,30,True
47.500_-61.500,2022-05,5.39,391.0,31,True
47.500_-61.500,2022-06,10.72,218.3,30,True
47.500_-61.500,2022-07,17.08,37.7,31,True
47.500_-61.500,2022-08,19.51,0.1,31,True
47.500_-61.500,2022-09,16.05,63.3,30,True
47.500_-61.500,2022-10,11.27,208.5,31,True
47.500_-61.500,2022-11,5.2,384.0,30,True
47.500_-61.500,2022-12,1.54,510.2,31,True
47.500_-68.500,2016-01,-9.43,850.2,31,True
47.500_-68.500,2016-02,-8.87,779.2,29,True
47.500_-68.500,2016-03,-5.52,729.1,31,True
47.500_-68.500,2016-04,-0.29,548.6,30,True
47.500_-68.500,2016-05,10.8,224.0,31,True
47.500_-68.500,2016-06,15.83,94.1,30,True
47.500_-68.500,2016-07,18.42,31.2,31,True
47.500_-68.500,2016-08,18.71,15.8,31,True
47.500_-68.500,2016-09,14.49,116.2,30,True
47.500_-68.500,2016-10,7.92,312.6,31,True
47.500_-68.500,2016-11,2.63,461.0,30,True
47.500_-68.500,2016-12,-8.84,832.0,31,True
47.500_-68.500,2017-01,-8.86,832.7,31,True
47.500_-68.500,2017-02,-9.29,764.1,28,True
47.500_-68.500,2017-03,-7.28,783.6,31,True
47.500_-68.500,2017-04,3.47,436.0,30,True
47.500_-68.500,2017-05,10.7,227.4,31,True
47.500_-68.500,2017-06,15.93,78.9,30,True
47.500_-68.500,2017-07,18.44,20.0,31,True
47.500_-68.500,2017-08,17.32,43.7,31,True
47.500_-68.500,2017-09,15.6,84.5,30,True
47.500_-68.500,2017-10,10.6,229.3,31,True
47.500_-68.500,2017-11,-1.31,579.2,30,True
47.500_-68.500,2017-12,-11.03,900.0,31,True
47.500_-68.500,2018-01,-12.51,945.7,31,True
47.500_-68.500,2018-02,-7.36,710.0,28,True
47.500_-68.500,2018-03,-2.61,639.0,31,True
47.500_-68.500,2018-04,0.47,525.9,30,True
47.500_-68.500,2018-05,10.52,234.6,31,True
47.500_-68.500,2018-06,14.74,112.3,30,True
47.500_-68.500,2018-07,21.68,4.3,31,True
47.500_-68.500,2018-08,20.21,9.0,31,True
47.500_-68.500,2018-09,13.88,142.0,30,True
47.500_-68.500,2018-10,3.79,440.4,31,True
47.500_-68.500,2018-11,-3.26,637.9,30,True
47.500_-68.500,2018-12,-9.36,848.1,31,True
47.500_-68.500,2019-01,-12.85,956.5,31,True
47.500_-68.500,2019-02,-11.96,838.8,28,True
47.500_-68.500,2019-03,-5.03,714.0,31,True
47.500_-68.500,2019-04,1.65,490.5,30,True
47.500_-68.500,2019-05,8.27,301.6,31,True
47.500_-68.500,2019-06,14.94,93.2,30,True
47.500_-68.500,2019-07,20.08,4.6,31,True
47.500_-68.500,2019-08,17.95,29.0,31,True
47.500_-68.500,2019-09,12.1,178.8,30,True
47.500_-68.500,2019-10,7.11,337.7,31,True
47.500_-68.500,2019-11,-2.97,629.2,30,True
47.500_-68.500,2019-12,-7.47,789.6,31,True
47.500_-68.500,2020-01,-9.21,843.4,31,True
47.500_-68.500,2020-02,-8.84,778.4,29,True
47.500_-68.500,2020-03,-4.07,684.3,31,True
47.500_-68.500,2020-04,0.95,511.4,30,True
47.500_-68.500,2020-05,9.79,277.0,31,True
47.500_-68.500,2020-06,17.66,75.4,30,True
47.500_-68.500,2020-07,20.07,8.2,31,True
47.500_-68.500,2020-08,18.25,44.3,31,True
47.500_-68.500,2020-09,13.08,152.4,30,True
47.500_-68.500,2020-10,5.88,375.6,31,True
47.500_-68.500,2020-11,1.26,502.1,30,True
47.500_-68.500,2020-12,-3.93,679.8,31,True
47.500_-68.500,2021-01,-7.92,803.5,31,True
47.500_-68.500,2021-02,-8.99,755.8,28,True
47.500_-68.500,2021-03,-3.46,665.4,31,True
47.500_-68.500,2021-04,4.37,409.0,30,True
47.500_-68.500,2021-05,10.38,245.2,31,True
47.500_-68.500,2021-06,17.57,50.0,30,True
47.500_-68.500,2021-07,17.83,37.6,31,True
47.500_-68.500,2021-08,20.74,8.4,31,True
47.500_-68.500,2021-09,14.54,106.2,30,True
47.500_-68.500,2021-10,9.56,261.5,31,True
47.500_-68.500,2021-11,0.51,524.7,30,True
47.500_-68.500,2021-12,-7.79,799.6,31,True
47.500_-68.500,2022-01,-15.2,1029.2,31,True
47.500_-68.500,2022-02,-10.6,800.8,28,True
47.500_-68.500,2022-03,-4.35,692.7,31,True
47.500_-68.500,2022-04,2.64,460.9,30,True
47.500_-68.500,2022-05,12.04,188.6,31,True
47.500_-68.500,2022-06,15.47,83.7,30,True
47.500_-68.500,2022-07,19.35,16.5,31,True
47.500_-68.500,2022-08,18.81,19.9,31,True
47.500_-68.500,2022-09,13.84,132.9,30,True
47.500_-68.500,2022-10,9.7,257.3,31,True
47.500_-68.500,2022-11,0.88,513.5,30,True
47.500_-68.500,2022-12,-4.43,695.2,31,True
47.500_-69.000,2016-01,-10.15,872.7,31,True
47.500_-69.000,2016-02,-9.83,807.2,29,True
47.500_-69.000,2016-03,-6.15,748.5,31,True
47.500_-69.000,2016-04,-1.07,572.2,30,True
47.500_-69.000,2016-05,10.22,241.7,31,True
47.500_-69.000,2016-06,15.29,106.7,30,True
47.500_-69.000,2016-07,17.87,38.7,31,True
47.500_-69.000,2016-08,18.36,22.5,31,True
47.500_-69.000,2016-09,14.0,127.9,30,True
47.500_-69.000,2016-10,7.15,336.4,31,True
47.500_-69.000,2016-11,1.88,483.5,30,True
47.500_-69.000,2016-12,-9.56,854.5,31,True
47.500_-69.000,2017-01,-9.49,852.2,31,True
47.500_-69.000,2017-02,-9.72,776.3,28,True
47.500_-69.000,2017-03,-8.07,808.1,31,True
47.500_-69.000,2017-04,2.86,454.1,30,True
47.500_-69.000,2017-05,9.95,250.3,31,True
47.500_-69.000,2017-06,15.31,93.9,30,True
47.500_-69.000,2017-07,17.67,31.4,31,True
47.500_-69.000,2017-08,16.54,60.3,31,True
47.500_-69.000,2017-09,15.05,98.8,30,True
47.500_-69.000,2017-10,9.93,250.2,31,True
47.500_-69.000,2017-11,-2.0,600.1,30,True
47.500_-69.000,2017-12,-11.61,918.0,31,True
47.500_-69.000,2018-01,-13.03,962.0,31,True
47.500_-69.000,2018-02,-7.74,720.6,28,True
47.500_-69.000,2018-03,-3.59,669.3,31,True
47.500_-69.000,2018-04,-0.42,552.6,30,True
47.500_-69.000,2018-05,9.98,251.0,31,True
47.500_-69.000,2018-06,14.11,126.5,30,True
47.500_-69.000,2018-07,20.69,8.3,31,True
47.500_-69.000,2018-08,19.26,17.5,31,True
47.500_-69.000,2018-09,13.24,154.4,30,True
47.500_-69.000,2018-10,3.07,462.8,31,True
47.500_-69.000,2018-11,-4.0,660.0,30,True
47.500_-69.000,2018-12,-10.01,868.3,31,True
47.500_-69.000,2019-01,-13.46,975.2,31,True
47.500_-69.000,2019-02,-12.46,852.8,28,True
47.500_-69.000,2019-03,-5.76,736.5,31,True
47.500_-69.000,2019-04,1.01,509.8,30,True
47.500_-69.000,2019-05,7.5,325.5,31,True
47.500_-69.000,2019-06,14.2,114.2,30,True
47.500_-69.000,2019-07,19.4,12.1,31,True
47.500_-69.000,2019-08,17.16,42.0,31,True
47.500_-69.000,2019-09,11.47,196.5,30,True
47.500_-69.000,2019-10,6.17,366.7,31,True
47.500_-69.000,2019-11,-3.9,657.1,30,True
47.500_-69.000,2019-12,-7.64,794.8,31,True
47.500_-69.000,2020-01,-9.89,864.7,31,True
47.500_-69.000,2020-02,-9.28,791.2,29,True
47.500_-69.000,2020-03,-4.58,699.9,31,True
47.500_-69.000,2020-04,0.11,536.8,30,True
47.500_-69.000,2020-05,9.17,292.9,31,True
47.500_-69.000,2020-06,16.87,85.7,30,True
47.500_-69.000,2020-07,19.53,11.5,31,True
47.500_-69.000,2020-08,17.49,54.4,31,True
47.500_-69.000,2020-09,12.39,171.0,30,True
47.500_-69.000,2020-10,5.11,399.5,31,True
47.500_-69.000,2020-11,0.76,517.2,30,True
47.500_-69.000,2020-12,-4.65,702.0,31,True
47.500_-69.000,2021-01,-8.66,826.5,31,True
47.500_-69.000,2021-02,-9.75,777.1,28,True
47.500_-69.000,2021-03,-3.86,677.6,31,True
47.500_-69.000,2021-04,3.71,428.8,30,True
47.500_-69.000,2021-05,9.65,265.3,31,True
47.500_-69.000,2021-06,16.89,62.0,30,True
47.500_-69.000,2021-07,17.03,52.0,31,True
47.500_-69.000,2021-08,20.01,15.9,31,True
47.500_-69.000,2021-09,13.84,125.7,30,True
47.500_-69.000,2021-10,8.7,288.4,31,True
47.500_-69.000,2021-11,-0.2,546.0,30,True
47.500_-69.000,2021-12,-8.56,823.4,31,True
47.500_-69.000,2022-01,-15.79,1047.6,31,True
47.500_-69.000,2022-02,-11.32,821.1,28,True
47.500_-69.000,2022-03,-4.94,711.2,31,True
47.500_-69.000,2022-04,1.89,483.4,30,True
47.500_-69.000,2022-05,11.38,207.7,31,True
47.500_-69.000,2022-06,14.75,103.0,30,True
47.500_-69.000,2022-07,18.59,24.7,31,True
47.500_-69.000,2022-08,17.89,32.3,31,True
47.500_-69.000,2022-09,13.02,153.9,30,True
47.500_-69.000,2022-10,8.91,281.9,31,True
47.500_-69.000,2022-11,0.32,530.5,30,True
47.500_-69.000,2022-12,-4.7,703.7,31,True
47.500_-69.500,2016-01,-9.95,866.4,31,True
47.500_-69.500,2016-02,-9.81,806.6,29,True
47.500_-69.500,2016-03,-6.07,746.1,31,True
47.500_-69.500,2016-04,-1.37,581.2,30,True
47.500_-69.500,2016-05,9.85,252.5,31,True
47.500_-69.500,2016-06,14.71,118.8,30,True
47.500_-69.500,2016-07,17.39,46.1,31,True
47.500_-69.500,2016-08,18.05,27.2,31,True
47.500_-69.500,2016-09,13.55,139.2,30,True
47.500_-69.500,2016-10,6.83,346.3,31,True
47.500_-69.500,2016-11,1.5,494.9,30,True
47.500_-69.500,2016-12,-9.6,855.6,31,True
47.500_-69.500,2017-01,-9.77,860.8,31,True
47.500_-69.500,2017-02,-10.0,784.0,28,True
47.500_-69.500,2017-03,-8.91,834.1,31,True
47.500_-69.500,2017-04,2.01,479.6,30,True
47.500_-69.500,2017-05,8.97,280.1,31,True
47.500_-69.500,2017-06,14.68,109.2,30,True
47.500_-69.500,2017-07,16.86,46.1,31,True
47.500_-69.500,2017-08,15.79,78.2,31,True
47.500_-69.500,2017-09,14.32,118.0,30,True
47.500_-69.500,2017-10,9.42,266.0,31,True
47.500_-69.500,2017-11,-2.65,619.6,30,True
47.500_-69.500,2017-12,-12.06,931.9,31,True
47.500_-69.500,2018-01,-13.15,965.5,31,True
47.500_-69.500,2018-02,-8.12,731.5,28,True
47.500_-69.500,2018-03,-4.39,694.2,31,True
47.500_-69.500,2018-04,-1.08,572.3,30,True
47.500_-69.500,2018-05,9.01,281.4,31,True
47.500_-69.500,2018-06,13.33,145.3,30,True
47.500_-69.500,2018-07,19.83,16.3,31,True
47.500_-69.500,2018-08,18.65,25.9,31,True
47.500_-69.500,2018-09,12.76,167.7,30,True
47.500_-69.500,2018-10,2.39,483.9,31,True
47.500_-69.500,2018-11,-4.51,675.3,30,True
47.500_-69.500,2018-12,-9.62,856.1,31,True
47.500_-69.500,2019-01,-13.92,989.4,31,True
47.500_-69.500,2019-02,-13.14,871.8,28,True
47.500_-69.500,2019-03,-6.23,751.2,31,True
47.500_-69.500,2019-04,0.43,527.2,30,True
47.500_-69.500,2019-05,6.61,353.2,31,True
47.500_-69.500,2019-06,13.52,134.5,30,True
47.500_-69.500,2019-07,18.63,21.9,31,True
47.500_-69.500,2019-08,16.53,53.6,31,True
47.500_-69.500,2019-09,10.86,215.0,30,True
47.500_-69.500,2019-10,5.77,379.1,31,True
47.500_-69.500,2019-11,-4.45,673.5,30,True
47.500_-69.500,2019-12,-7.97,805.0,31,True
47.500_-69.500,2020-01,-10.18,873.6,31,True
47.500_-69.500,2020-02,-9.7,803.2,29,True
47.500_-69.500,2020-03,-5.03,713.9,31,True
47.500_-69.500,2020-04,-0.31,549.2,30,True
47.500_-69.500,2020-05,8.16,320.2,31,True
47.500_-69.500,2020-06,15.93,99.9,30,True
47.500_-69.500,2020-07,18.88,18.2,31,True
47.500_-69.500,2020-08,16.83,64.5,31,True
47.500_-69.500,2020-09,11.77,188.0,30,True
47.500_-69.500,2020-10,4.43,420.7,31,True
47.500_-69.500,2020-11,0.5,525.1,30,True
47.500_-69.500,2020-12,-5.19,718.8,31,True
47.500_-69.500,2021-01,-9.28,845.7,31,True
47.500_-69.500,2021-02,-10.19,789.2,28,True
47.500_-69.500,2021-03,-4.14,686.3,31,True
47.500_-69.500,2021-04,3.05,448.5,30,True
47.500_-69.500,2021-05,8.92,286.1,31,True
47.500_-69.500,2021-06,16.08,78.8,30,True
47.500_-69.500,2021-07,16.3,69.0,31,True
47.500_-69.500,2021-08,19.35,22.3,31,True
47.500_-69.500,2021-09,13.17,144.8,30,True
47.500_-69.500,2021-10,8.34,299.6,31,True
47.500_-69.500,2021-11,-0.66,559.7,30,True
47.500_-69.500,2021-12,-8.77,829.9,31,True
47.500_-69.500,2022-01,-15.87,1049.9,31,True
47.500_-69.500,2022-02,-12.08,842.1,28,True
47.500_-69.500,2022-03,-5.57,730.8,31,True
47.500_-69.500,2022-04,1.26,502.3,30,True
47.500_-69.500,2022-05,10.53,233.7,31,True
47.500_-69.500,2022-06,14.06,122.5,30,True
47.500_-69.500,2022-07,17.73,35.5,31,True
47.500_-69.500,2022-08,17.3,44.4,31,True
47.500_-69.500,2022-09,12.56,168.5,30,True
47.500_-69.500,2022-10,8.7,288.4,31,True
47.500_-69.500,2022-11,-0.22,546.5,30,True
47.500_-69.500,2022-12,-5.44,726.7,31,True
47.500_-70.000,2016-01,-7.73,797.7,31,True
47.500_-70.000,2016-02,-7.86,749.9,29,True
47.500_-70.000,2016-03,-4.27,690.5,31,True
47.500_-70.000,2016-04,0.38,528.6,30,True
47.500_-70.000,2016-05,11.41,205.2,31,True
47.500_-70.000,2016-06,15.47,97.3,30,True
47.500_-70.000,2016-07,18.61,28.5,31,True
47.500_-70.000,2016-08,19.56,7.1,31,True
47.500_-70.000,2016-09,14.9,103.5,30,True
47.500_-70.000,2016-10,8.21,303.4,31,True
47.500_-70.000,2016-11,2.28,471.5,30,True
47.500_-70.000,2016-12,-7.74,797.9,31,True
47.500_-70.000,2017-01,-7.55,792.2,31,True
47.500_-70.000,2017-02,-8.14,731.9,28,True
47.500_-70.000,2017-03,-6.77,767.8,31,True
47.500_-70.000,2017-04,3.3,441.0,30,True
47.500_-70.000,2017-05,9.57,261.2,31,True
47.500_-70.000,2017-06,16.86,58.9,30,True
47.500_-70.000,2017-07,18.87,13.2,31,True
47.500_-70.000,2017-08,18.12,26.9,31,True
47.500_-70.000,2017-09,15.4,86.6,30,True
47.500_-70.000,2017-10,11.74,194.4,31,True
47.500_-70.000,2017-11,0.22,533.5,30,True
47.500_-70.000,2017-12,-8.79,830.6,31,True
47.500_-70.000,2018-01,-10.54,884.7,31,True
47.500_-70.000,2018-02,-5.79,666.2,28,True
47.500_-70.000,2018-03,-2.3,629.4,31,True
47.500_-70.000,2018-04,1.23,503.1,30,True
47.500_-70.000,2018-05,10.28,241.7,31,True
47.500_-70.000,2018-06,15.06,100.6,30,True
47.500_-70.000,2018-07,21.14,7.0,31,True
47.500_-70.000,2018-08,20.49,11.5,31,True
47.500_-70.000,2018-09,14.93,114.3,30,True
47.500_-70.000,2018-10,5.43,389.8,31,True
47.500_-70.000,2018-11,-1.15,574.6,30,True
47.500_-70.000,2018-12,-6.69,765.3,31,True
47.500_-70.000,2019-01,-11.24,906.5,31,True
47.500_-70.000,2019-02,-10.0,783.9,28,True
47.500_-70.000,2019-03,-3.63,670.6,31,True
47.500_-70.000,2019-04,2.88,453.5,30,True
47.500_-70.000,2019-05,8.73,287.4,31,True
47.500_-70.000,2019-06,14.95,94.3,30,True
47.500_-70.000,2019-07,20.46,5.1,31,True
47.500_-70.000,2019-08,18.63,17.5,31,True
47.500_-70.000,2019-09,13.08,150.5,30,True
47.500_-70.000,2019-10,7.88,313.8,31,True
47.500_-70.000,2019-11,-1.02,570.6,30,True
47.500_-70.000,2019-12,-4.35,692.9,31,True
47.500_-70.000,2020-01,-7.62,794.1,31,True
47.500_-70.000,2020-02,-7.06,726.8,29,True
47.500_-70.000,2020-03,-2.78,644.3,31,True
47.500_-70.000,2020-04,2.48,465.5,30,True
47.500_-70.000,2020-05,10.01,261.9,31,True
47.500_-70.000,2020-06,16.54,84.2,30,True
47.500_-70.000,2020-07,19.71,10.9,31,True
47.500_-70.000,2020-08,18.85,28.8,31,True
47.500_-70.000,2020-09,14.27,122.0,30,True
47.500_-70.000,2020-10,7.43,327.7,31,True
47.500_-70.000,2020-11,3.16,445.2,30,True
47.500_-70.000,2020-12,-2.4,632.5,31,True
47.500_-70.000,2021-01,-6.07,746.2,31,True
47.500_-70.000,2021-02,-7.39,711.0,28,True
47.500_-70.000,2021-03,-1.16,594.0,31,True
47.500_-70.000,2021-04,4.57,403.0,30,True
47.500_-70.000,2021-05,10.74,233.1,31,True
47.500_-70.000,2021-06,17.84,43.4,30,True
47.500_-70.000,2021-07,18.09,34.5,31,True
47.500_-70.000,2021-08,20.98,5.5,31,True
47.500_-70.000,2021-09,15.51,77.5,30,True
47.500_-70.000,2021-10,10.1,244.9,31,True
47.500_-70.000,2021-11,2.47,466.0,30,True
47.500_-70.000,2021-12,-5.96,742.7,31,True
47.500_-70.000,2022-01,-12.9,957.8,31,True
47.500_-70.000,2022-02,-9.42,767.8,28,True
47.500_-70.000,2022-03,-3.07,653.1,31,True
47.500_-70.000,2022-04,3.61,431.6,30,True
47.500_-70.000,2022-05,11.31,209.0,31,True
47.500_-70.000,2022-06,15.61,87.4,30,True
47.500_-70.000,2022-07,20.09,9.1,31,True
47.500_-70.000,2022-08,18.92,23.2,31,True
47.500_-70.000,2022-09,14.3,117.9,30,True
47.500_-70.000,2022-10,10.54,231.2,31,True
47.500_-70.000,2022-11,2.89,453.9,30,True
47.500_-70.000,2022-12,-2.15,624.8,31,True
47.500_-70.500,2016-01,-7.7,796.7,31,True
47.500_-70.500,2016-02,-7.94,752.2,29,True
47.500_-70.500,2016-03,-3.87,677.9,31,True
47.500_-70.500,2016-04,0.31,530.6,30,True
47.500_-70.500,2016-05,11.19,213.2,31,True
47.500_-70.500,2016-06,15.82,88.5,30,True
47.500_-70.500,2016-07,18.81,25.8,31,True
47.500_-70.500,2016-08,19.93,5.0,31,True
47.500_-70.500,2016-09,15.24,97.0,30,True
47.500_-70.500,2016-10,8.42,297.0,31,True
47.500_-70.500,2016-11,2.58,462.7,30,True
47.500_-70.500,2016-12,-7.72,797.2,31,True
47.500_-70.500,2017-01,-7.96,804.7,31,True
47.500_-70.500,2017-02,-8.35,737.9,28,True
47.500_-70.500,2017-03,-6.6,762.6,31,True
47.500_-70.500,2017-04,3.56,433.2,30,True
47.500_-70.500,2017-05,10.35,238.5,31,True
47.500_-70.500,2017-06,17.17,54.1,30,True
47.500_-70.500,2017-07,19.4,9.6,31,True
47.500_-70.500,2017-08,18.01,30.3,31,True
47.500_-70.500,2017-09,16.25,72.6,30,True
47.500_-70.500,2017-10,11.13,213.0,31,True
47.500_-70.500,2017-11,-0.87,566.2,30,True
47.500_-70.500,2017-12,-10.79,892.5,31,True
47.500_-70.500,2018-01,-11.73,921.6,31,True
47.500_-70.500,2018-02,-6.72,692.2,28,True
47.500_-70.500,2018-03,-1.95,618.5,31,True
47.500_-70.500,2018-04,0.57,522.8,30,True
47.500_-70.500,2018-05,10.64,231.0,31,True
47.500_-70.500,2018-06,16.04,84.2,30,True
47.500_-70.500,2018-07,22.18,1.4,31,True
47.500_-70.500,2018-08,20.95,6.6,31,True
47.500_-70.500,2018-09,14.86,117.4,30,True
47.500_-70.500,2018-10,4.71,411.9,31,True
47.500_-70.500,2018-11,-2.35,610.5,30,True
47.500_-70.500,2018-12,-8.41,818.7,31,True
47.500_-70.500,2019-01,-12.18,935.5,31,True
47.500_-70.500,2019-02,-10.99,811.6,28,True
47.500_-70.500,2019-03,-4.56,699.5,31,True
47.500_-70.500,2019-04,2.3,471.0,30,True
47.500_-70.500,2019-05,8.71,287.9,31,True
47.500_-70.500,2019-06,15.74,76.0,30,True
47.500_-70.500,2019-07,21.05,1.7,31,True
47.500_-70.500,2019-08,18.96,12.5,31,True
47.500_-70.500,2019-09,13.19,147.5,30,True
47.500_-70.500,2019-10,7.58,322.9,31,True
47.500_-70.500,2019-11,-2.03,600.9,30,True
47.500_-70.500,2019-12,-6.4,756.5,31,True
47.500_-70.500,2020-01,-8.43,819.3,31,True
47.500_-70.500,2020-02,-8.0,753.9,29,True
47.500_-70.500,2020-03,-3.23,658.0,31,True
47.500_-70.500,2020-04,1.65,490.5,30,True
47.500_-70.500,2020-05,10.16,264.4,31,True
47.500_-70.500,2020-06,17.84,61.5,30,True
47.500_-70.500,2020-07,20.96,1.5,31,True
47.500_-70.500,2020-08,18.93,32.0,31,True
47.500_-70.500,2020-09,13.86,128.7,30,True
47.500_-70.500,2020-10,6.41,359.2,31,True
47.500_-70.500,2020-11,1.86,484.3,30,True
47.500_-70.500,2020-12,-4.22,688.9,31,True
47.500_-70.500,2021-01,-7.3,784.2,31,True
47.500_-70.500,2021-02,-8.19,733.4,28,True
47.500_-70.500,2021-03,-2.5,635.6,31,True
47.500_-70.500,2021-04,5.51,374.6,30,True
47.500_-70.500,2021-05,11.52,211.7,31,True
47.500_-70.500,2021-06,18.34,36.7,30,True
47.500_-70.500,2021-07,18.93,19.3,31,True
47.500_-70.500,2021-08,21.48,3.7,31,True
47.500_-70.500,2021-09,15.29,82.1,30,True
47.500_-70.500,2021-10,10.31,238.5,31,True
47.500_-70.500,2021-11,1.62,491.5,30,True
47.500_-70.500,2021-12,-6.93,772.8,31,True
47.500_-70.500,2022-01,-14.39,1004.0,31,True
47.500_-70.500,2022-02,-10.24,790.7,28,True
47.500_-70.500,2022-03,-3.63,670.5,31,True
47.500_-70.500,2022-04,3.52,434.4,30,True
47.500_-70.500,2022-05,12.05,187.8,31,True
47.500_-70.500,2022-06,16.38,67.4,30,True
47.500_-70.500,2022-07,20.21,8.1,31,True
47.500_-70.500,2022-08,19.66,12.9,31,True
47.500_-70.500,2022-09,14.75,110.0,30,True
47.500_-70.500,2022-10,9.88,251.7,31,True
47.500_-70.500,2022-11,1.95,481.5,30,True
47.500_-70.500,2022-12,-3.53,667.5,31,True
47.500_-72.500,2016-01,-11.12,902.7,31,True
47.500_-72.500,2016-02,-11.88,866.5,29,True
47.500_-72.500,2016-03,-6.2,750.1,31,True
47.500_-72.500,2016-04,-2.31,609.3,30,True
47.500_-72.500,2016-05,9.7,258.7,31,True
47.500_-72.500,2016-06,14.79,111.7,30,True
47.500_-72.500,2016-07,17.3,38.0,31,True
47.500_-72.500,2016-08,17.92,26.8,31,True
47.500_-72.500,2016-09,13.68,132.3,30,True
47.500_-72.500,2016-10,6.28,363.3,31,True
47.500_-72.500,2016-11,1.4,497.9,30,True
47.500_-72.500,2016-12,-9.75,860.4,31,True
47.500_-72.500,2017-01,-10.12,871.8,31,True
47.500_-72.500,2017-02,-9.83,779.3,28,True
47.500_-72.500,2017-03,-8.93,834.8,31,True
47.500_-72.500,2017-04,3.02,449.5,30,True
47.500_-72.500,2017-05,9.51,263.2,31,True
47.500_-72.500,2017-06,14.83,105.5,30,True
47.500_-72.500,2017-07,17.1,39.4,31,True
47.500_-72.500,2017-08,15.41,84.9,31,True
47.500_-72.500,2017-09,14.83,108.5,30,True
47.500_-72.500,2017-10,9.44,265.3,31,True
47.500_-72.500,2017-11,-3.46,643.9,30,True
47.500_-72.500,2017-12,-14.15,996.5,31,True
47.500_-72.500,2018-01,-14.97,1022.2,31,True
47.500_-72.500,2018-02,-9.45,768.5,28,True
47.500_-72.500,2018-03,-4.31,691.6,31,True
47.500_-72.500,2018-04,-1.31,579.4,30,True
47.500_-72.500,2018-05,10.01,251.0,31,True
47.500_-72.500,2018-06,14.69,109.3,30,True
47.500_-72.500,2018-07,19.92,13.1,31,True
47.500_-72.500,2018-08,18.69,25.1,31,True
47.500_-72.500,2018-09,13.01,158.5,30,True
47.500_-72.500,2018-10,2.7,474.3,31,True
47.500_-72.500,2018-11,-4.79,683.8,30,True
47.500_-72.500,2018-12,-10.86,894.7,31,True
47.500_-72.500,2019-01,-15.56,1040.5,31,True
47.500_-72.500,2019-02,-13.16,872.6,28,True
47.500_-72.500,2019-03,-7.2,781.2,31,True
47.500_-72.500,2019-04,0.62,521.4,30,True
47.500_-72.500,2019-05,7.68,319.9,31,True
47.500_-72.500,2019-06,13.94,125.7,30,True
47.500_-72.500,2019-07,19.25,14.0,31,True
47.500_-72.500,2019-08,16.71,49.5,31,True
47.500_-72.500,2019-09,11.51,195.0,30,True
47.500_-72.500,2019-10,6.16,367.0,31,True
47.500_-72.500,2019-11,-5.04,691.2,30,True
47.500_-72.500,2019-12,-9.27,845.4,31,True
47.500_-72.500,2020-01,-10.65,888.2,31,True
47.500_-72.500,2020-02,-10.68,831.6,29,True
47.500_-72.500,2020-03,-4.75,705.4,31,True
47.500_-72.500,2020-04,0.33,530.0,30,True
47.500_-72.500,2020-05,8.62,305.2,31,True
47.500_-72.500,2020-06,16.9,84.1,30,True
47.500_-72.500,2020-07,20.02,3.3,31,True
47.500_-72.500,2020-08,16.61,64.2,31,True
47.500_-72.500,2020-09,11.11,206.8,30,True
47.500_-72.500,2020-10,3.87,438.1,31,True
47.500_-72.500,2020-11,0.17,535.0,30,True
47.500_-72.500,2020-12,-6.77,768.0,31,True
47.500_-72.500,2021-01,-10.66,888.5,31,True
47.500_-72.500,2021-02,-11.19,817.2,28,True
47.500_-72.500,2021-03,-4.09,684.7,31,True
47.500_-72.500,2021-04,5.29,381.2,30,True
47.500_-72.500,2021-05,10.23,247.6,31,True
47.500_-72.500,2021-06,16.76,60.5,30,True
47.500_-72.500,2021-07,17.0,49.0,31,True
47.500_-72.500,2021-08,19.44,22.8,31,True
47.500_-72.500,2021-09,13.1,147.0,30,True
47.500_-72.500,2021-10,8.86,283.3,31,True
47.500_-72.500,2021-11,-1.37,581.2,30,True
47.500_-72.500,2021-12,-9.62,856.2,31,True
47.500_-72.500,2022-01,-18.73,1138.5,31,True
47.500_-72.500,2022-02,-13.29,876.2,28,True
47.500_-72.500,2022-03,-5.7,734.7,31,True
47.500_-72.500,2022-04,1.59,492.4,30,True
47.500_-72.500,2022-05,11.72,202.6,31,True
47.500_-72.500,2022-06,14.68,105.5,30,True
47.500_-72.500,2022-07,17.55,38.5,31,True
47.500_-72.500,2022-08,17.5,35.6,31,True
47.500_-72.500,2022-09,12.63,165.7,30,True
47.500_-72.500,2022-10,7.34,330.5,31,True
47.500_-72.500,2022-11,-0.52,555.6,30,True
47.500_-72.500,2022-12,-5.98,743.3,31,True
47.500_-77.500,2016-01,-10.17,873.4,31,True
47.500_-77.500,2016-02,-12.67,889.3,29,True
47.500_-77.500,2016-03,-5.03,714.0,31,True
47.500_-77.500,2016-04,-2.88,626.3,30,True
47.500_-77.500,2016-05,9.56,263.7,31,True
47.500_-77.500,2016-06,14.69,119.5,30,True
47.500_-77.500,2016-07,18.26,26.0,31,True
47.500_-77.500,2016-08,19.18,10.1,31,True
47.500_-77.500,2016-09,14.87,101.0,30,True
47.500_-77.500,2016-10,7.4,328.7,31,True
47.500_-77.500,2016-11,2.63,461.0,30,True
47.500_-77.500,2016-12,-6.91,772.1,31,True
47.500_-77.500,2017-01,-8.68,827.1,31,True
47.500_-77.500,2017-02,-8.51,742.3,28,True
47.500_-77.500,2017-03,-8.75,829.1,31,True
47.500_-77.500,2017-04,2.35,469.6,30,True
47.500_-77.500,2017-05,8.46,295.6,31,True
47.500_-77.500,2017-06,14.62,105.7,30,True
47.500_-77.500,2017-07,17.38,34.6,31,True
47.500_-77.500,2017-08,15.61,78.5,31,True
47.500_-77.500,2017-09,15.35,102.4,30,True
47.500_-77.500,2017-10,10.19,242.1,31,True
47.500_-77.500,2017-11,-1.7,591.1,30,True
47.500_-77.500,2017-12,-12.5,945.6,31,True
47.500_-77.500,2018-01,-13.55,978.2,31,True
47.500_-77.500,2018-02,-9.72,776.3,28,True
47.500_-77.500,2018-03,-6.09,746.7,31,True
47.500_-77.500,2018-04,-2.2,605.9,30,True
47.500_-77.500,2018-05,10.25,244.3,31,True
47.500_-77.500,2018-06,15.23,97.7,30,True
47.500_-77.500,2018-07,20.17,9.2,31,True
47.500_-77.500,2018-08,18.81,20.1,31,True
47.500_-77.500,2018-09,13.99,138.2,30,True
47.500_-77.500,2018-10,3.85,438.6,31,True
47.500_-77.500,2018-11,-2.64,619.3,30,True
47.500_-77.500,2018-12,-8.8,830.7,31,True
47.500_-77.500,2019-01,-16.55,1071.0,31,True
47.500_-77.500,2019-02,-12.89,865.0,28,True
47.500_-77.500,2019-03,-6.93,772.8,31,True
47.500_-77.500,2019-04,0.25,532.4,30,True
47.500_-77.500,2019-05,6.73,349.4,31,True
47.500_-77.500,2019-06,14.16,119.3,30,True
47.500_-77.500,2019-07,19.5,11.1,31,True
47.500_-77.500,2019-08,17.3,39.2,31,True
47.500_-77.500,2019-09,13.01,151.7,30,True
47.500_-77.500,2019-10,7.18,335.4,31,True
47.500_-77.500,2019-11,-3.08,632.3,30,True
47.500_-77.500,2019-12,-7.74,797.8,31,True
47.500_-77.500,2020-01,-9.39,849.1,31,True
47.500_-77.500,2020-02,-9.76,804.9,29,True
47.500_-77.500,2020-03,-3.66,671.5,31,True
47.500_-77.500,2020-04,-0.09,542.8,30,True
47.500_-77.500,2020-05,7.95,324.4,31,True
47.500_-77.500,2020-06,15.73,102.6,30,True
47.500_-77.500,2020-07,20.39,4.0,31,True
47.500_-77.500,2020-08,16.98,58.4,31,True
47.500_-77.500,2020-09,12.05,178.6,30,True
47.500_-77.500,2020-10,4.56,416.5,31,True
47.500_-77.500,2020-11,1.78,486.5,30,True
47.500_-77.500,2020-12,-6.48,759.0,31,True
47.500_-77.500,2021-01,-9.92,865.4,31,True
47.500_-77.500,2021-02,-11.42,823.9,28,True
47.500_-77.500,2021-03,-3.98,681.5,31,True
47.500_-77.500,2021-04,5.27,381.8,30,True
47.500_-77.500,2021-05,10.15,251.5,31,True
47.500_-77.500,2021-06,17.11,49.5,30,True
47.500_-77.500,2021-07,17.32,42.4,31,True
47.500_-77.500,2021-08,19.77,20.6,31,True
47.500_-77.500,2021-09,13.47,136.7,30,True
47.500_-77.500,2021-10,10.33,237.8,31,True
47.500_-77.500,2021-11,0.4,528.0,30,True
47.500_-77.500,2021-12,-6.69,765.5,31,True
47.500_-77.500,2022-01,-18.06,1117.8,31,True
47.500_-77.500,2022-02,-13.22,874.3,28,True
47.500_-77.500,2022-03,-5.18,718.7,31,True
47.500_-77.500,2022-04,1.13,506.1,30,True
47.500_-77.500,2022-05,12.32,185.7,31,True
47.500_-77.500,2022-06,15.3,96.8,30,True
47.500_-77.500,2022-07,17.86,32.7,31,True
47.500_-77.500,2022-08,18.03,29.1,31,True
47.500_-77.500,2022-09,13.19,150.3,30,True
47.500_-77.500,2022-10,7.71,319.1,31,True
47.500_-77.500,2022-11,1.33,500.2,30,True
47.500_-77.500,2022-12,-5.08,715.4,31,True
47.500_-78.500,2016-01,-10.55,885.1,31,True
47.500_-78.500,2016-02,-12.8,893.3,29,True
47.500_-78.500,2016-03,-5.06,714.9,31,True
47.500_-78.500,2016-04,-2.68,620.5,30,True
47.500_-78.500,2016-05,9.81,256.4,31,True
47.500_-78.500,2016-06,14.61,120.7,30,True
47.500_-78.500,2016-07,18.43,26.2,31,True
47.500_-78.500,2016-08,19.31,10.1,31,True
47.500_-78.500,2016-09,14.76,103.0,30,True
47.500_-78.500,2016-10,7.31,331.4,31,True
47.500_-78.500,2016-11,2.61,461.6,30,True
47.500_-78.500,2016-12,-6.94,773.0,31,True
47.500_-78.500,2017-01,-8.46,820.4,31,True
47.500_-78.500,2017-02,-8.28,735.8,28,True
47.500_-78.500,2017-03,-8.34,816.5,31,True
47.500_-78.500,2017-04,2.7,458.9,30,True
47.500_-78.500,2017-05,8.41,297.4,31,True
47.500_-78.500,2017-06,14.86,99.5,30,True
47.500_-78.500,2017-07,17.55,34.0,31,True
47.500_-78.500,2017-08,15.64,78.2,31,True
47.500_-78.500,2017-09,15.38,104.9,30,True
47.500_-78.500,2017-10,10.15,243.2,31,True
47.500_-78.500,2017-11,-1.54,586.3,30,True
47.500_-78.500,2017-12,-12.3,939.3,31,True
47.500_-78.500,2018-01,-13.25,968.7,31,True
47.500_-78.500,2018-02,-9.77,777.6,28,True
47.500_-78.500,2018-03,-6.29,752.9,31,True
47.500_-78.500,2018-04,-2.3,609.0,30,True
47.500_-78.500,2018-05,10.65,234.0,31,True
47.500_-78.500,2018-06,15.36,96.8,30,True
47.500_-78.500,2018-07,20.31,9.5,31,True
47.500_-78.500,2018-08,18.93,20.4,31,True
47.500_-78.500,2018-09,14.07,137.5,30,True
47.500_-78.500,2018-10,3.91,436.7,31,True
47.500_-78.500,2018-11,-2.7,621.1,30,True
47.500_-78.500,2018-12,-8.13,810.1,31,True
47.500_-78.500,2019-01,-16.48,1068.8,31,True
47.500_-78.500,2019-02,-12.88,864.7,28,True
47.500_-78.500,2019-03,-6.81,769.2,31,True
47.500_-78.500,2019-04,0.46,526.1,30,True
47.500_-78.500,2019-05,7.17,335.8,31,True
47.500_-78.500,2019-06,14.46,112.0,30,True
47.500_-78.500,2019-07,19.58,12.1,31,True
47.500_-78.500,2019-08,17.33,40.0,31,True
47.500_-78.500,2019-09,12.95,153.7,30,True
47.500_-78.500,2019-10,7.11,337.7,31,True
47.500_-78.500,2019-11,-2.97,629.2,30,True
47.500_-78.500,2019-12,-7.6,793.5,31,True
47.500_-78.500,2020-01,-9.1,840.2,31,True
47.500_-78.500,2020-02,-9.8,806.1,29,True
47.500_-78.500,2020-03,-3.46,665.2,31,True
47.500_-78.500,2020-04,0.01,539.7,30,True
47.500_-78.500,2020-05,8.31,314.2,31,True
47.500_-78.500,2020-06,16.0,94.1,30,True
47.500_-78.500,2020-07,20.32,5.1,31,True
47.500_-78.500,2020-08,17.03,58.8,31,True
47.500_-78.500,2020-09,12.07,177.8,30,True
47.500_-78.500,2020-10,4.44,420.4,31,True
47.500_-78.500,2020-11,1.92,482.4,30,True
47.500_-78.500,2020-12,-6.46,758.2,31,True
47.500_-78.500,2021-01,-9.55,853.9,31,True
47.500_-78.500,2021-02,-11.59,828.5,28,True
47.500_-78.500,2021-03,-3.63,670.4,31,True
47.500_-78.500,2021-04,5.4,378.0,30,True
47.500_-78.500,2021-05,10.11,253.8,31,True
47.500_-78.500,2021-06,17.03,52.8,30,True
47.500_-78.500,2021-07,17.45,41.0,31,True
47.500_-78.500,2021-08,19.68,20.5,31,True
47.500_-78.500,2021-09,13.36,139.7,30,True
47.500_-78.500,2021-10,10.49,233.5,31,True
47.500_-78.500,2021-11,0.32,530.5,30,True
47.500_-78.500,2021-12,-6.52,760.0,31,True
47.500_-78.500,2022-01,-17.88,1112.3,31,True
47.500_-78.500,2022-02,-13.24,874.6,28,True
47.500_-78.500,2022-03,-5.15,717.7,31,True
47.500_-78.500,2022-04,1.51,494.8,30,True
47.500_-78.500,2022-05,12.61,180.3,31,True
47.500_-78.500,2022-06,15.67,89.6,30,True
47.500_-78.500,2022-07,18.08,30.7,31,True
47.500_-78.500,2022-08,17.98,29.0,31,True
47.500_-78.500,2022-09,13.25,148.4,30,True
47.500_-78.500,2022-10,7.68,320.0,31,True
47.500_-78.500,2022-11,1.37,498.8,30,True
47.500_-78.500,2022-12,-4.96,711.9,31,True
47.500_-79.000,2016-01,-10.21,874.4,31,True
47.500_-79.000,2016-02,-12.37,880.6,29,True
47.500_-79.000,2016-03,-4.58,700.1,31,True
47.500_-79.000,2016-04,-2.13,603.9,30,True
47.500_-79.000,2016-05,10.25,243.7,31,True
47.500_-79.000,2016-06,15.11,109.5,30,True
47.500_-79.000,2016-07,18.91,21.2,31,True
47.500_-79.000,2016-08,19.79,7.0,31,True
47.500_-79.000,2016-09,15.18,92.7,30,True
47.500_-79.000,2016-10,7.75,317.6,31,True
47.500_-79.000,2016-11,2.99,450.2,30,True
47.500_-79.000,2016-12,-6.57,761.6,31,True
47.500_-79.000,2017-01,-8.12,809.6,31,True
47.500_-79.000,2017-02,-7.94,726.4,28,True
47.500_-79.000,2017-03,-7.85,801.3,31,True
47.500_-79.000,2017-04,2.82,455.3,30,True
47.500_-79.000,2017-05,8.62,290.9,31,True
47.500_-79.000,2017-06,15.0,96.0,30,True
47.500_-79.000,2017-07,17.59,33.9,31,True
47.500_-79.000,2017-08,16.05,66.7,31,True
47.500_-79.000,2017-09,15.76,95.8,30,True
47.500_-79.000,2017-10,10.47,233.5,31,True
47.500_-79.000,2017-11,-1.26,577.8,30,True
47.500_-79.000,2017-12,-11.89,926.6,31,True
47.500_-79.000,2018-01,-12.78,954.3,31,True
47.500_-79.000,2018-02,-9.67,774.9,28,True
47.500_-79.000,2018-03,-6.13,748.0,31,True
47.500_-79.000,2018-04,-2.17,605.2,30,True
47.500_-79.000,2018-05,10.67,233.0,31,True
47.500_-79.000,2018-06,15.41,96.2,30,True
47.500_-79.000,2018-07,20.45,7.3,31,True
47.500_-79.000,2018-08,19.21,17.0,31,True
47.500_-79.000,2018-09,14.45,127.6,30,True
47.500_-79.000,2018-10,4.21,427.6,31,True
47.500_-79.000,2018-11,-2.64,619.1,30,True
47.500_-79.000,2018-12,-7.42,788.1,31,True
47.500_-79.000,2019-01,-16.23,1061.2,31,True
47.500_-79.000,2019-02,-12.63,857.7,28,True
47.500_-79.000,2019-03,-6.52,760.2,31,True
47.500_-79.000,2019-04,0.48,525.6,30,True
47.500_-79.000,2019-05,7.18,335.5,31,True
47.500_-79.000,2019-06,14.6,109.3,30,True
47.500_-79.000,2019-07,19.87,8.2,31,True
47.500_-79.000,2019-08,17.64,33.8,31,True
47.500_-79.000,2019-09,13.48,138.2,30,True
47.500_-79.000,2019-10,7.42,328.0,31,True
47.500_-79.000,2019-11,-2.68,620.4,30,True
47.500_-79.000,2019-12,-7.21,781.4,31,True
47.500_-79.000,2020-01,-8.84,832.0,31,True
47.500_-79.000,2020-02,-9.66,802.1,29,True
47.500_-79.000,2020-03,-3.16,656.0,31,True
47.500_-79.000,2020-04,0.13,536.2,30,True
47.500_-79.000,2020-05,8.51,307.5,31,True
47.500_-79.000,2020-06,16.37,87.6,30,True
47.500_-79.000,2020-07,20.54,3.4,31,True
47.500_-79.000,2020-08,17.36,53.2,31,True
47.500_-79.000,2020-09,12.52,164.3,30,True
47.500_-79.000,2020-10,4.71,412.1,31,True
47.500_-79.000,2020-11,2.17,474.8,30,True
47.500_-79.000,2020-12,-5.94,742.1,31,True
47.500_-79.000,2021-01,-9.13,841.1,31,True
47.500_-79.000,2021-02,-11.25,819.0,28,True
47.500_-79.000,2021-03,-3.22,657.9,31,True
47.500_-79.000,2021-04,5.51,374.6,30,True
47.500_-79.000,2021-05,10.36,246.2,31,True
47.500_-79.000,2021-06,17.03,52.0,30,True
47.500_-79.000,2021-07,17.89,34.0,31,True
47.500_-79.000,2021-08,19.96,16.5,31,True
47.500_-79.000,2021-09,13.73,129.2,30,True
47.500_-79.000,2021-10,10.89,221.5,31,True
47.500_-79.000,2021-11,0.61,521.7,30,True
47.500_-79.000,2021-12,-6.11,747.3,31,True
47.500_-79.000,2022-01,-17.5,1100.6,31,True
47.500_-79.000,2022-02,-12.92,865.9,28,True
47.500_-79.000,2022-03,-5.05,714.4,31,True
47.500_-79.000,2022-04,1.55,493.5,30,True
47.500_-79.000,2022-05,12.73,177.3,31,True
47.500_-79.000,2022-06,16.01,83.9,30,True
47.500_-79.000,2022-07,18.42,25.4,31,True
47.500_-79.000,2022-08,18.43,22.0,31,True
47.500_-79.000,2022-09,13.71,136.4,30,True
47.500_-79.000,2022-10,7.94,311.9,31,True
47.500_-79.000,2022-11,1.7,489.1,30,True
47.500_-79.000,2022-12,-4.46,696.3,31,True
47.500_-79.500,2016-01,-10.15,872.6,31,True
47.500_-79.500,2016-02,-12.51,884.8,29,True
47.500_-79.500,2016-03,-4.6,700.7,31,True
47.500_-79.500,2016-04,-2.18,605.3,30,True
47.500_-79.500,2016-05,10.33,241.3,31,True
47.500_-79.500,2016-06,15.24,105.3,30,True
47.500_-79.500,2016-07,18.98,20.9,31,True
47.500_-79.500,2016-08,19.91,6.9,31,True
47.500_-79.500,2016-09,15.15,92.8,30,True
47.500_-79.500,2016-10,7.74,318.2,31,True
47.500_-79.500,2016-11,2.97,450.9,30,True
47.500_-79.500,2016-12,-6.1,747.1,31,True
47.500_-79.500,2017-01,-7.0,774.9,31,True
47.500_-79.500,2017-02,-7.01,700.2,28,True
47.500_-79.500,2017-03,-7.04,776.1,31,True
47.500_-79.500,2017-04,3.85,424.4,30,True
47.500_-79.500,2017-05,9.06,277.2,31,True
47.500_-79.500,2017-06,15.37,86.2,30,True
47.500_-79.500,2017-07,18.05,25.5,31,True
47.500_-79.500,2017-08,16.85,47.4,31,True
47.500_-79.500,2017-09,16.37,80.9,30,True
47.500_-79.500,2017-10,11.15,212.2,31,True
47.500_-79.500,2017-11,-0.57,557.1,30,True
47.500_-79.500,2017-12,-10.89,895.6,31,True
47.500_-79.500,2018-01,-11.8,923.9,31,True
47.500_-79.500,2018-02,-8.88,752.5,28,True
47.500_-79.500,2018-03,-5.6,731.7,31,True
47.500_-79.500,2018-04,-1.77,593.0,30,True
47.500_-79.500,2018-05,11.27,213.8,31,True
47.500_-79.500,2018-06,15.76,88.1,30,True
47.500_-79.500,2018-07,20.99,4.0,31,True
47.500_-79.500,2018-08,19.9,13.6,31,True
47.500_-79.500,2018-09,15.15,111.8,30,True
47.500_-79.500,2018-10,4.98,403.5,31,True
47.500_-79.500,2018-11,-1.98,599.5,30,True
47.500_-79.500,2018-12,-6.18,749.6,31,True
47.500_-79.500,2019-01,-15.11,1026.4,31,True
47.500_-79.500,2019-02,-11.68,830.9,28,True
47.500_-79.500,2019-03,-5.59,731.3,31,True
47.500_-79.500,2019-04,1.13,506.0,30,True
47.500_-79.500,2019-05,7.76,317.5,31,True
47.500_-79.500,2019-06,14.85,103.4,30,True
47.500_-79.500,2019-07,20.39,4.6,31,True
47.500_-79.500,2019-08,18.39,24.4,31,True
47.500_-79.500,2019-09,14.34,115.2,30,True
47.500_-79.500,2019-10,8.26,301.9,31,True
47.500_-79.500,2019-11,-2.37,611.0,30,True
47.500_-79.500,2019-12,-6.07,746.1,31,True
47.500_-79.500,2020-01,-7.87,802.0,31,True
47.500_-79.500,2020-02,-8.68,773.8,29,True
47.500_-79.500,2020-03,-2.62,639.3,31,True
47.500_-79.500,2020-04,1.03,509.1,30,True
47.500_-79.500,2020-05,9.03,291.0,31,True
47.500_-79.500,2020-06,16.8,78.5,30,True
47.500_-79.500,2020-07,20.96,0.8,31,True
47.500_-79.500,2020-08,18.14,40.3,31,True
47.500_-79.500,2020-09,13.4,138.6,30,True
47.500_-79.500,2020-10,5.57,385.4,31,True
47.500_-79.500,2020-11,2.94,451.7,30,True
47.500_-79.500,2020-12,-4.93,710.9,31,True
47.500_-79.500,2021-01,-8.2,812.3,31,True
47.500_-79.500,2021-02,-10.39,794.8,28,True
47.500_-79.500,2021-03,-2.33,630.3,31,True
47.500_-79.500,2021-04,5.5,375.0,30,True
47.500_-79.500,2021-05,10.7,236.0,31,True
47.500_-79.500,2021-06,17.45,42.1,30,True
47.500_-79.500,2021-07,18.43,25.6,31,True
47.500_-79.500,2021-08,20.64,8.9,31,True
47.500_-79.500,2021-09,14.46,108.3,30,True
47.500_-79.500,2021-10,11.71,196.5,31,True
47.500_-79.500,2021-11,1.42,497.3,30,True
47.500_-79.500,2021-12,-5.11,716.5,31,True
47.500_-79.500,2022-01,-16.23,1061.0,31,True
47.500_-79.500,2022-02,-12.13,843.6,28,True
47.500_-79.500,2022-03,-4.41,694.7,31,True
47.500_-79.500,2022-04,2.24,472.8,30,True
47.500_-79.500,2022-05,12.9,170.5,31,True
47.500_-79.500,2022-06,16.33,75.3,30,True
47.500_-79.500,2022-07,19.02,17.8,31,True
47.500_-79.500,2022-08,18.96,16.0,31,True
47.500_-79.500,2022-09,14.48,116.9,30,True
47.500_-79.500,2022-10,8.65,289.9,31,True
47.500_-79.500,2022-11,2.24,472.8,30,True
47.500_-79.500,2022-12,-3.64,670.7,31,True
48.000_-62.000,2016-01,-3.35,661.7,31,True
48.000_-62.000,2016-02,-3.41,620.8,29,True
48.000_-62.000,2016-03,-4.13,686.1,31,True
48.000_-62.000,2016-04,-0.29,548.7,30,True
48.000_-62.000,2016-05,4.97,403.9,31,True
48.000_-62.000,2016-06,9.78,246.6,30,True
48.000_-62.000,2016-07,15.56,77.1,31,True
48.000_-62.000,2016-08,17.92,17.3,31,True
48.000_-62.000,2016-09,13.89,123.8,30,True
48.000_-62.000,2016-10,9.36,267.8,31,True
48.000_-62.000,2016-11,5.11,386.7,30,True
48.000_-62.000,2016-12,-1.08,591.4,31,True
48.000_-62.000,2017-01,-2.56,637.4,31,True
48.000_-62.000,2017-02,-3.78,609.8,28,True
48.000_-62.000,2017-03,-3.33,661.3,31,True
48.000_-62.000,2017-04,0.6,521.9,30,True
48.000_-62.000,2017-05,4.17,428.6,31,True
48.000_-62.000,2017-06,10.6,222.1,30,True
48.000_-62.000,2017-07,16.93,35.4,31,True
48.000_-62.000,2017-08,17.71,18.6,31,True
48.000_-62.000,2017-09,14.91,93.3,30,True
48.000_-62.000,2017-10,10.95,218.5,31,True
48.000_-62.000,2017-11,4.07,417.8,30,True
48.000_-62.000,2017-12,-1.29,598.1,31,True
48.000_-62.000,2018-01,-4.31,691.5,31,True
48.000_-62.000,2018-02,-6.15,676.3,28,True
48.000_-62.000,2018-03,-1.07,591.3,31,True
48.000_-62.000,2018-04,0.2,534.0,30,True
48.000_-62.000,2018-05,3.72,442.7,31,True
48.000_-62.000,2018-06,8.42,287.3,30,True
48.000_-62.000,2018-07,16.4,64.4,31,True
48.000_-62.000,2018-08,19.02,6.7,31,True
48.000_-62.000,2018-09,14.43,110.1,30,True
48.000_-62.000,2018-10,7.57,323.3,31,True
48.000_-62.000,2018-11,2.12,476.5,30,True
48.000_-62.000,2018-12,-1.9,616.9,31,True
48.000_-62.000,2019-01,-4.05,683.5,31,True
48.000_-62.000,2019-02,-8.48,741.3,28,True
48.000_-62.000,2019-03,-4.59,700.2,31,True
48.000_-62.000,2019-04,0.18,534.7,30,True
48.000_-62.000,2019-05,3.31,455.5,31,True
48.000_-62.000,2019-06,9.46,256.1,30,True
48.000_-62.000,2019-07,15.25,93.0,31,True
48.000_-62.000,2019-08,18.62,5.5,31,True
48.000_-62.000,2019-09,12.86,154.2,30,True
48.000_-62.000,2019-10,8.73,287.3,31,True
48.000_-62.000,2019-11,3.53,434.2,30,True
48.000_-62.000,2019-12,-0.92,586.6,31,True
48.000_-62.000,2020-01,-3.85,677.4,31,True
48.000_-62.000,2020-02,-5.99,695.7,29,True
48.000_-62.000,2020-03,-3.26,659.0,31,True
48.000_-62.000,2020-04,0.38,528.7,30,True
48.000_-62.000,2020-05,4.27,425.7,31,True
48.000_-62.000,2020-06,11.02,209.5,30,True
48.000_-62.000,2020-07,16.83,45.8,31,True
48.000_-62.000,2020-08,18.44,19.2,31,True
48.000_-62.000,2020-09,14.15,115.6,30,True
48.000_-62.000,2020-10,8.78,285.9,31,True
48.000_-62.000,2020-11,4.3,411.0,30,True
48.000_-62.000,2020-12,1.79,502.5,31,True
48.000_-62.000,2021-01,-1.49,604.1,31,True
48.000_-62.000,2021-02,-2.88,584.5,28,True
48.000_-62.000,2021-03,-1.81,614.2,31,True
48.000_-62.000,2021-04,2.06,478.3,30,True
48.000_-62.000,2021-05,5.23,395.9,31,True
48.000_-62.000,2021-06,11.52,194.3,30,True
48.000_-62.000,2021-07,15.05,91.4,31,True
48.000_-62.000,2021-08,18.93,6.3,31,True
48.000_-62.000,2021-09,14.78,96.7,30,True
48.000_-62.000,2021-10,11.1,213.8,31,True
48.000_-62.000,2021-11,6.24,352.7,30,True
48.000_-62.000,2021-12,0.3,548.7,31,True
48.000_-62.000,2022-01,-4.27,690.5,31,True
48.000_-62.000,2022-02,-5.03,644.9,28,True
48.000_-62.000,2022-03,-3.48,665.8,31,True
48.000_-62.000,2022-04,1.11,506.6,30,True
48.000_-62.000,2022-05,5.39,390.9,31,True
48.000_-62.000,2022-06,11.05,208.6,30,True
48.000_-62.000,2022-07,16.96,39.0,31,True
48.000_-62.000,2022-08,19.37,1.4,31,True
48.000_-62.000,2022-09,15.2,88.9,30,True
48.000_-62.000,2022-10,10.32,238.0,31,True
48.000_-62.000,2022-11,4.49,405.2,30,True
48.000_-62.000,2022-12,0.86,531.3,31,True
48.000_-65.000,2016-01,-7.62,794.2,31,True
48.000_-65.000,2016-02,-7.43,737.6,29,True
48.000_-65.000,2016-03,-6.02,744.7,31,True
48.000_-65.000,2016-04,0.46,526.1,30,True
48.000_-65.000,2016-05,8.59,291.7,31,True
48.000_-65.000,2016-06,12.71,167.6,30,True
48.000_-65.000,2016-07,17.21,47.3,31,True
48.000_-65.000,2016-08,18.37,16.0,31,True
48.000_-65.000,2016-09,13.92,127.4,30,True
48.000_-65.000,2016-10,8.9,282.1,31,True
48.000_-65.000,2016-11,2.89,453.3,30,True
48.000_-65.000,2016-12,-6.31,753.5,31,True
48.000_-65.000,2017-01,-5.55,730.2,31,True
48.000_-65.000,2017-02,-7.3,708.3,28,True
48.000_-65.000,2017-03,-6.11,747.5,31,True
48.000_-65.000,2017-04,0.31,530.7,30,True
48.000_-65.000,2017-05,5.64,383.1,31,True
48.000_-65.000,2017-06,13.03,149.1,30,True
48.000_-65.000,2017-07,17.4,25.7,31,True
48.000_-65.000,2017-08,17.25,29.1,31,True
48.000_-65.000,2017-09,14.72,98.5,30,True
48.000_-65.000,2017-10,11.15,212.2,31,True
48.000_-65.000,2017-11,1.7,489.0,30,True
48.000_-65.000,2017-12,-5.59,731.2,31,True
48.000_-65.000,2018-01,-9.25,844.8,31,True
48.000_-65.000,2018-02,-7.83,723.3,28,True
48.000_-65.000,2018-03,-2.54,636.7,31,True
48.000_-65.000,2018-04,-0.78,563.5,30,True
48.000_-65.000,2018-05,5.98,372.5,31,True
48.000_-65.000,2018-06,11.39,198.3,30,True
48.000_-65.000,2018-07,18.11,25.9,31,True
48.000_-65.000,2018-08,19.06,5.2,31,True
48.000_-65.000,2018-09,14.55,109.4,30,True
48.000_-65.000,2018-10,6.69,350.7,31,True
48.000_-65.000,2018-11,0.94,511.9,30,True
48.000_-65.000,2018-12,-4.48,696.8,31,True
48.000_-65.000,2019-01,-7.49,790.1,31,True
48.000_-65.000,2019-02,-8.37,738.4,28,True
48.000_-65.000,2019-03,-3.36,662.3,31,True
48.000_-65.000,2019-04,0.42,527.5,30,True
48.000_-65.000,2019-05,5.11,399.5,31,True
48.000_-65.000,2019-06,11.86,184.3,30,True
48.000_-65.000,2019-07,16.92,45.4,31,True
48.000_-65.000,2019-08,17.77,17.5,31,True
48.000_-65.000,2019-09,13.52,134.4,30,True
48.000_-65.000,2019-10,9.42,266.0,31,True
48.000_-65.000,2019-11,1.95,481.4,30,True
48.000_-65.000,2019-12,-2.77,643.9,31,True
48.000_-65.000,2020-01,-5.65,733.0,31,True
48.000_-65.000,2020-02,-5.91,693.4,29,True
48.000_-65.000,2020-03,-3.09,653.7,31,True
48.000_-65.000,2020-04,0.69,519.2,30,True
48.000_-65.000,2020-05,6.5,356.5,31,True
48.000_-65.000,2020-06,13.44,138.1,30,True
48.000_-65.000,2020-07,17.75,28.3,31,True
48.000_-65.000,2020-08,18.56,20.7,31,True
48.000_-65.000,2020-09,14.18,114.6,30,True
48.000_-65.000,2020-10,8.14,305.6,31,True
48.000_-65.000,2020-11,3.22,443.5,30,True
48.000_-65.000,2020-12,-0.01,558.3,31,True
48.000_-65.000,2021-01,-3.17,656.4,31,True
48.000_-65.000,2021-02,-4.76,637.4,28,True
48.000_-65.000,2021-03,-2.72,642.4,31,True
48.000_-65.000,2021-04,2.26,472.3,30,True
48.000_-65.000,2021-05,7.02,340.3,31,True
48.000_-65.000,2021-06,14.02,119.5,30,True
48.000_-65.000,2021-07,16.57,48.7,31,True
48.000_-65.000,2021-08,19.06,8.1,31,True
48.000_-65.000,2021-09,15.32,80.9,30,True
48.000_-65.000,2021-10,11.16,211.9,31,True
48.000_-65.000,2021-11,4.92,392.3,30,True
48.000_-65.000,2021-12,-1.46,603.3,31,True
48.000_-65.000,2022-01,-8.54,822.8,31,True
48.000_-65.000,2022-02,-6.93,698.1,28,True
48.000_-65.000,2022-03,-2.8,644.7,31,True
48.000_-65.000,2022-04,1.74,487.7,30,True
48.000_-65.000,2022-05,7.12,337.3,31,True
48.000_-65.000,2022-06,12.84,155.3,30,True
48.000_-65.000,2022-07,17.79,24.5,31,True
48.000_-65.000,2022-08,19.12,4.0,31,True
48.000_-65.000,2022-09,14.55,105.5,30,True
48.000_-65.000,2022-10,10.39,236.0,31,True
48.000_-65.000,2022-11,3.39,438.2,30,True
48.000_-65.000,2022-12,-0.72,580.3,31,True
48.000_-65.500,2016-01,-8.24,813.5,31,True
48.000_-65.500,2016-02,-7.87,750.3,29,True
48.000_-65.500,2016-03,-6.05,745.6,31,True
48.000_-65.500,2016-04,0.5,525.1,30,True
48.000_-65.500,2016-05,9.34,268.6,31,True
48.000_-65.500,2016-06,13.76,145.4,30,True
48.000_-65.500,2016-07,17.86,40.9,31,True
48.000_-65.500,2016-08,18.79,11.5,31,True
48.000_-65.500,2016-09,14.23,119.8,30,True
48.000_-65.500,2016-10,8.85,283.6,31,True
48.000_-65.500,2016-11,2.64,460.8,30,True
48.000_-65.500,2016-12,-7.19,781.0,31,True
48.000_-65.500,2017-01,-7.96,804.9,31,True
48.000_-65.500,2017-02,-8.36,738.1,28,True
48.000_-65.500,2017-03,-5.83,738.8,31,True
48.000_-65.500,2017-04,1.41,497.7,30,True
48.000_-65.500,2017-05,8.31,300.5,31,True
48.000_-65.500,2017-06,14.91,96.7,30,True
48.000_-65.500,2017-07,18.44,16.6,31,True
48.000_-65.500,2017-08,17.73,27.7,31,True
48.000_-65.500,2017-09,14.75,99.4,30,True
48.000_-65.500,2017-10,10.61,229.2,31,True
48.000_-65.500,2017-11,0.31,530.7,30,True
48.000_-65.500,2017-12,-7.76,798.7,31,True
48.000_-65.500,2018-01,-10.32,877.8,31,True
48.000_-65.500,2018-02,-7.97,727.2,28,True
48.000_-65.500,2018-03,-1.79,613.6,31,True
48.000_-65.500,2018-04,0.0,539.9,30,True
48.000_-65.500,2018-05,7.6,322.4,31,True
48.000_-65.500,2018-06,13.01,150.9,30,True
48.000_-65.500,2018-07,20.38,10.9,31,True
48.000_-65.500,2018-08,19.87,6.1,31,True
48.000_-65.500,2018-09,13.93,130.3,30,True
48.000_-65.500,2018-10,5.49,387.7,31,True
48.000_-65.500,2018-11,-0.55,556.5,30,True
48.000_-65.500,2018-12,-7.15,779.7,31,True
48.000_-65.500,2019-01,-9.94,866.2,31,True
48.000_-65.500,2019-02,-10.41,795.4,28,True
48.000_-65.500,2019-03,-4.34,692.5,31,True
48.000_-65.500,2019-04,0.9,513.0,30,True
48.000_-65.500,2019-05,6.09,369.3,31,True
48.000_-65.500,2019-06,13.63,131.2,30,True
48.000_-65.500,2019-07,18.87,17.0,31,True
48.000_-65.500,2019-08,18.54,10.4,31,True
48.000_-65.500,2019-09,12.8,156.1,30,True
48.000_-65.500,2019-10,8.2,303.9,31,True
48.000_-65.500,2019-11,0.25,532.5,30,True
48.000_-65.500,2019-12,-4.81,707.1,31,True
48.000_-65.500,2020-01,-7.88,802.3,31,True
48.000_-65.500,2020-02,-7.66,744.1,29,True
48.000_-65.500,2020-03,-4.02,682.6,31,True
48.000_-65.500,2020-04,1.2,504.0,30,True
48.000_-65.500,2020-05,8.77,291.5,31,True
48.000_-65.500,2020-06,16.0,95.4,30,True
48.000_-65.500,2020-07,19.08,15.0,31,True
48.000_-65.500,2020-08,18.59,32.6,31,True
48.000_-65.500,2020-09,13.73,131.7,30,True
48.000_-65.500,2020-10,7.3,331.7,31,True
48.000_-65.500,2020-11,2.22,473.4,30,True
48.000_-65.500,2020-12,-1.36,600.1,31,True
48.000_-65.500,2021-01,-5.69,734.3,31,True
48.000_-65.500,2021-02,-6.68,691.0,28,True
48.000_-65.500,2021-03,-3.35,661.7,31,True
48.000_-65.500,2021-04,4.05,418.6,30,True
48.000_-65.500,2021-05,8.55,292.9,31,True
48.000_-65.500,2021-06,16.37,64.8,30,True
48.000_-65.500,2021-07,17.67,33.5,31,True
48.000_-65.500,2021-08,20.11,7.9,31,True
48.000_-65.500,2021-09,14.76,97.3,30,True
48.000_-65.500,2021-10,10.08,245.6,31,True
48.000_-65.500,2021-11,3.16,445.2,30,True
48.000_-65.500,2021-12,-3.65,671.0,31,True
48.000_-65.500,2022-01,-11.84,925.1,31,True
48.000_-65.500,2022-02,-8.57,744.0,28,True
48.000_-65.500,2022-03,-3.59,669.3,31,True
48.000_-65.500,2022-04,2.45,466.6,30,True
48.000_-65.500,2022-05,9.11,275.5,31,True
48.000_-65.500,2022-06,14.51,108.0,30,True
48.000_-65.500,2022-07,19.07,13.9,31,True
48.000_-65.500,2022-08,19.5,9.0,31,True
48.000_-65.500,2022-09,14.19,115.2,30,True
48.000_-65.500,2022-10,10.31,238.5,31,True
48.000_-65.500,2022-11,2.04,478.8,30,True
48.000_-65.500,2022-12,-1.75,612.3,31,True
48.000_-66.000,2016-01,-8.09,808.9,31,True
48.000_-66.000,2016-02,-7.63,743.3,29,True
48.000_-66.000,2016-03,-5.65,733.3,31,True
48.000_-66.000,2016-04,0.96,511.2,30,True
48.000_-66.000,2016-05,10.14,245.1,31,True
48.000_-66.000,2016-06,15.09,122.0,30,True
48.000_-66.000,2016-07,18.61,33.3,31,True
48.000_-66.000,2016-08,19.23,9.1,31,True
48.000_-66.000,2016-09,14.6,113.4,30,True
48.000_-66.000,2016-10,9.08,276.5,31,True
48.000_-66.000,2016-11,3.1,447.1,30,True
48.000_-66.000,2016-12,-6.91,772.2,31,True
48.000_-66.000,2017-01,-7.65,795.1,31,True
48.000_-66.000,2017-02,-8.17,732.7,28,True
48.000_-66.000,2017-03,-5.86,739.6,31,True
48.000_-66.000,2017-04,1.6,491.9,30,True
48.000_-66.000,2017-05,8.62,290.7,31,True
48.000_-66.000,2017-06,15.93,77.8,30,True
48.000_-66.000,2017-07,19.14,10.7,31,True
48.000_-66.000,2017-08,18.31,22.3,31,True
48.000_-66.000,2017-09,15.37,86.8,30,True
48.000_-66.000,2017-10,11.27,208.7,31,True
48.000_-66.000,2017-11,0.16,535.2,30,True
48.000_-66.000,2017-12,-8.2,812.2,31,True
48.000_-66.000,2018-01,-10.32,878.0,31,True
48.000_-66.000,2018-02,-7.59,716.4,28,True
48.000_-66.000,2018-03,-2.01,620.2,31,True
48.000_-66.000,2018-04,0.35,529.6,30,True
48.000_-66.000,2018-05,8.32,300.0,31,True
48.000_-66.000,2018-06,14.12,127.1,30,True
48.000_-66.000,2018-07,21.61,3.3,31,True
48.000_-66.000,2018-08,20.52,5.8,31,True
48.000_-66.000,2018-09,14.47,122.1,30,True
48.000_-66.000,2018-10,5.49,387.8,31,True
48.000_-66.000,2018-11,-0.74,562.3,30,True
48.000_-66.000,2018-12,-7.08,777.5,31,True
48.000_-66.000,2019-01,-10.29,877.1,31,True
48.000_-66.000,2019-02,-10.42,795.7,28,True
48.000_-66.000,2019-03,-3.81,676.1,31,True
48.000_-66.000,2019-04,1.25,502.4,30,True
48.000_-66.000,2019-05,6.89,344.5,31,True
48.000_-66.000,2019-06,14.38,108.6,30,True
48.000_-66.000,2019-07,19.95,9.7,31,True
48.000_-66.000,2019-08,18.94,7.9,31,True
48.000_-66.000,2019-09,13.32,142.5,30,True
48.000_-66.000,2019-10,8.53,293.6,31,True
48.000_-66.000,2019-11,0.11,536.7,30,True
48.000_-66.000,2019-12,-5.24,720.3,31,True
48.000_-66.000,2020-01,-7.72,797.3,31,True
48.000_-66.000,2020-02,-7.32,734.2,29,True
48.000_-66.000,2020-03,-3.61,670.0,31,True
48.000_-66.000,2020-04,1.25,502.5,30,True
48.000_-66.000,2020-05,9.55,278.4,31,True
48.000_-66.000,2020-06,16.93,84.1,30,True
48.000_-66.000,2020-07,19.82,9.3,31,True
48.000_-66.000,2020-08,19.14,28.8,31,True
48.000_-66.000,2020-09,14.5,117.5,30,True
48.000_-66.000,2020-10,7.57,323.4,31,True
48.000_-66.000,2020-11,2.53,464.1,30,True
48.000_-66.000,2020-12,-1.38,600.8,31,True
48.000_-66.000,2021-01,-5.26,721.0,31,True
48.000_-66.000,2021-02,-6.51,686.2,28,True
48.000_-66.000,2021-03,-3.02,651.5,31,True
48.000_-66.000,2021-04,3.8,425.9,30,True
48.000_-66.000,2021-05,9.48,270.3,31,True
48.000_-66.000,2021-06,17.65,43.9,30,True
48.000_-66.000,2021-07,18.51,25.8,31,True
48.000_-66.000,2021-08,21.06,3.0,31,True
48.000_-66.000,2021-09,15.19,85.4,30,True
48.000_-66.000,2021-10,10.65,227.8,31,True
48.000_-66.000,2021-11,2.86,454.3,30,True
48.000_-66.000,2021-12,-4.28,690.7,31,True
48.000_-66.000,2022-01,-12.17,935.2,31,True
48.000_-66.000,2022-02,-8.44,740.3,28,True
48.000_-66.000,2022-03,-3.35,661.8,31,True
48.000_-66.000,2022-04,2.55,463.5,30,True
48.000_-66.000,2022-05,10.04,246.8,31,True
48.000_-66.000,2022-06,15.18,93.7,30,True
48.000_-66.000,2022-07,20.05,8.9,31,True
48.000_-66.000,2022-08,19.96,7.4,31,True
48.000_-66.000,2022-09,14.64,105.1,30,True
48.000_-66.000,2022-10,10.73,225.5,31,True
48.000_-66.000,2022-11,2.61,461.7,30,True
48.000_-66.000,2022-12,-2.28,628.8,31,True
48.000_-66.500,2016-01,-10.07,870.1,31,True
48.000_-66.500,2016-02,-9.76,804.9,29,True
48.000_-66.500,2016-03,-6.82,769.3,31,True
48.000_-66.500,2016-04,-0.26,547.9,30,True
48.000_-66.500,2016-05,9.7,257.4,31,True
48.000_-66.500,2016-06,15.21,114.8,30,True
48.000_-66.500,2016-07,17.91,42.7,31,True
48.000_-66.500,2016-08,18.29,20.1,31,True
48.000_-66.500,2016-09,13.7,135.9,30,True
48.000_-66.500,2016-10,7.7,319.4,31,True
48.000_-66.500,2016-11,2.25,472.4,30,True
48.000_-66.500,2016-12,-8.93,834.8,31,True
48.000_-66.500,2017-01,-8.92,834.6,31,True
48.000_-66.500,2017-02,-9.24,762.7,28,True
48.000_-66.500,2017-03,-6.97,774.1,31,True
48.000_-66.500,2017-04,1.48,495.6,30,True
48.000_-66.500,2017-05,8.58,292.1,31,True
48.000_-66.500,2017-06,15.59,85.1,30,True
48.000_-66.500,2017-07,18.62,19.3,31,True
48.000_-66.500,2017-08,17.42,37.2,31,True
48.000_-66.500,2017-09,14.67,104.2,30,True
48.000_-66.500,2017-10,10.25,240.4,31,True
48.000_-66.500,2017-11,-1.5,585.1,30,True
48.000_-66.500,2017-12,-10.1,871.2,31,True
48.000_-66.500,2018-01,-11.57,916.7,31,True
48.000_-66.500,2018-02,-8.46,740.8,28,True
48.000_-66.500,2018-03,-2.56,637.5,31,True
48.000_-66.500,2018-04,-0.08,542.3,30,True
48.000_-66.500,2018-05,8.37,298.6,31,True
48.000_-66.500,2018-06,13.88,133.0,30,True
48.000_-66.500,2018-07,21.25,5.1,31,True
48.000_-66.500,2018-08,19.97,9.6,31,True
48.000_-66.500,2018-09,13.52,147.9,30,True
48.000_-66.500,2018-10,3.97,434.8,31,True
48.000_-66.500,2018-11,-2.48,614.4,30,True
48.000_-66.500,2018-12,-8.92,834.5,31,True
48.000_-66.500,2019-01,-12.15,934.7,31,True
48.000_-66.500,2019-02,-11.92,837.7,28,True
48.000_-66.500,2019-03,-4.84,708.1,31,True
48.000_-66.500,2019-04,0.82,515.5,30,True
48.000_-66.500,2019-05,6.55,355.1,31,True
48.000_-66.500,2019-06,14.01,119.6,30,True
48.000_-66.500,2019-07,19.4,14.7,31,True
48.000_-66.500,2019-08,18.05,23.1,31,True
48.000_-66.500,2019-09,12.18,175.5,30,True
48.000_-66.500,2019-10,7.36,329.8,31,True
48.000_-66.500,2019-11,-2.14,604.2,30,True
48.000_-66.500,2019-12,-7.33,785.3,31,True
48.000_-66.500,2020-01,-9.32,846.8,31,True
48.000_-66.500,2020-02,-8.73,775.1,29,True
48.000_-66.500,2020-03,-4.83,707.6,31,True
48.000_-66.500,2020-04,0.5,524.9,30,True
48.000_-66.500,2020-05,9.15,291.4,31,True
48.000_-66.500,2020-06,16.67,89.5,30,True
48.000_-66.500,2020-07,19.29,13.6,31,True
48.000_-66.500,2020-08,18.19,45.2,31,True
48.000_-66.500,2020-09,13.46,144.4,30,True
48.000_-66.500,2020-10,6.19,366.0,31,True
48.000_-66.500,2020-11,1.28,501.7,30,True
48.000_-66.500,2020-12,-3.5,666.5,31,True
48.000_-66.500,2021-01,-7.15,779.8,31,True
48.000_-66.500,2021-02,-8.2,733.5,28,True
48.000_-66.500,2021-03,-3.51,666.8,31,True
48.000_-66.500,2021-04,3.62,431.4,30,True
48.000_-66.500,2021-05,9.38,274.3,31,True
48.000_-66.500,2021-06,17.43,50.1,30,True
48.000_-66.500,2021-07,17.9,37.6,31,True
48.000_-66.500,2021-08,20.23,11.9,31,True
48.000_-66.500,2021-09,14.33,111.3,30,True
48.000_-66.500,2021-10,9.44,265.4,31,True
48.000_-66.500,2021-11,0.99,510.2,30,True
48.000_-66.500,2021-12,-6.45,758.0,31,True
48.000_-66.500,2022-01,-14.28,1000.7,31,True
48.000_-66.500,2022-02,-10.02,784.5,28,True
48.000_-66.500,2022-03,-4.35,692.8,31,True
48.000_-66.500,2022-04,2.06,478.2,30,True
48.000_-66.500,2022-05,9.91,250.8,31,True
48.000_-66.500,2022-06,14.78,102.5,30,True
48.000_-66.500,2022-07,19.27,17.4,31,True
48.000_-66.500,2022-08,19.16,14.1,31,True
48.000_-66.500,2022-09,13.83,129.1,30,True
48.000_-66.500,2022-10,9.97,249.0,31,True
48.000_-66.500,2022-11,0.78,516.5,30,True
48.000_-66.500,2022-12,-3.93,679.8,31,True
48.000_-67.000,2016-01,-9.6,855.6,31,True
48.000_-67.000,2016-02,-9.24,790.0,29,True
48.000_-67.000,2016-03,-6.23,751.0,31,True
48.000_-67.000,2016-04,0.12,536.5,30,True
48.000_-67.000,2016-05,10.39,236.8,31,True
48.000_-67.000,2016-06,15.52,104.6,30,True
48.000_-67.000,2016-07,18.18,37.2,31,True
48.000_-67.000,2016-08,18.44,18.6,31,True
48.000_-67.000,2016-09,14.01,128.2,30,True
48.000_-67.000,2016-10,7.84,314.9,31,True
48.000_-67.000,2016-11,2.61,461.7,30,True
48.000_-67.000,2016-12,-8.67,826.9,31,True
48.000_-67.000,2017-01,-9.0,836.9,31,True
48.000_-67.000,2017-02,-9.34,765.5,28,True
48.000_-67.000,2017-03,-6.89,771.5,31,True
48.000_-67.000,2017-04,2.18,474.6,30,True
48.000_-67.000,2017-05,9.61,260.2,31,True
48.000_-67.000,2017-06,15.9,79.0,30,True
48.000_-67.000,2017-07,18.46,20.5,31,True
48.000_-67.000,2017-08,17.3,43.3,31,True
48.000_-67.000,2017-09,14.64,105.1,30,True
48.000_-67.000,2017-10,10.33,237.8,31,True
48.000_-67.000,2017-11,-1.69,590.8,30,True
48.000_-67.000,2017-12,-10.65,888.2,31,True
48.000_-67.000,2018-01,-11.77,922.9,31,True
48.000_-67.000,2018-02,-8.35,737.9,28,True
48.000_-67.000,2018-03,-2.16,625.1,31,True
48.000_-67.000,2018-04,0.16,535.3,30,True
48.000_-67.000,2018-05,8.9,282.5,31,True
48.000_-67.000,2018-06,14.18,126.3,30,True
48.000_-67.000,2018-07,21.76,3.5,31,True
48.000_-67.000,2018-08,20.02,10.2,31,True
48.000_-67.000,2018-09,13.4,152.3,30,True
48.000_-67.000,2018-10,3.98,434.7,31,True
48.000_-67.000,2018-11,-2.77,623.1,30,True
48.000_-67.000,2018-12,-9.43,850.2,31,True
48.000_-67.000,2019-01,-12.74,953.0,31,True
48.000_-67.000,2019-02,-11.92,837.7,28,True
48.000_-67.000,2019-03,-4.79,706.4,31,True
48.000_-67.000,2019-04,1.28,501.6,30,True
48.000_-67.000,2019-05,7.4,328.7,31,True
48.000_-67.000,2019-06,14.38,108.7,30,True
48.000_-67.000,2019-07,19.53,11.4,31,True
48.000_-67.000,2019-08,18.01,26.2,31,True
48.000_-67.000,2019-09,11.98,180.9,30,True
48.000_-67.000,2019-10,7.19,335.1,31,True
48.000_-67.000,2019-11,-2.29,608.8,30,True
48.000_-67.000,2019-12,-7.59,793.2,31,True
48.000_-67.000,2020-01,-9.56,854.3,31,True
48.000_-67.000,2020-02,-8.81,777.6,29,True
48.000_-67.000,2020-03,-4.7,703.6,31,True
48.000_-67.000,2020-04,0.94,511.7,30,True
48.000_-67.000,2020-05,9.37,284.3,31,True
48.000_-67.000,2020-06,17.0,83.2,30,True
48.000_-67.000,2020-07,19.68,9.7,31,True
48.000_-67.000,2020-08,18.12,45.5,31,True
48.000_-67.000,2020-09,13.23,151.1,30,True
48.000_-67.000,2020-10,6.05,370.4,31,True
48.000_-67.000,2020-11,1.16,505.1,30,True
48.000_-67.000,2020-12,-3.22,657.7,31,True
48.000_-67.000,2021-01,-7.3,784.3,31,True
48.000_-67.000,2021-02,-8.34,737.5,28,True
48.000_-67.000,2021-03,-3.46,665.2,31,True
48.000_-67.000,2021-04,4.27,412.0,30,True
48.000_-67.000,2021-05,9.76,263.4,31,True
48.000_-67.000,2021-06,17.48,50.6,30,True
48.000_-67.000,2021-07,17.99,34.6,31,True
48.000_-67.000,2021-08,20.37,12.9,31,True
48.000_-67.000,2021-09,14.28,112.7,30,True
48.000_-67.000,2021-10,9.38,267.3,31,True
48.000_-67.000,2021-11,0.58,522.5,30,True
48.000_-67.000,2021-12,-6.69,765.3,31,True
48.000_-67.000,2022-01,-14.9,1019.9,31,True
48.000_-67.000,2022-02,-9.8,778.3,28,True
48.000_-67.000,2022-03,-4.11,685.3,31,True
48.000_-67.000,2022-04,2.52,464.3,30,True
48.000_-67.000,2022-05,10.47,233.4,31,True
48.000_-67.000,2022-06,15.01,94.9,30,True
48.000_-67.000,2022-07,19.22,18.4,31,True
48.000_-67.000,2022-08,18.96,16.6,31,True
48.000_-67.000,2022-09,13.85,131.1,30,True
48.000_-67.000,2022-10,9.73,256.5,31,True
48.000_-67.000,2022-11,0.61,521.6,30,True
48.000_-67.000,2022-12,-3.87,677.9,31,True
48.000_-67.500,2016-01,-11.67,919.9,31,True
48.000_-67.500,2016-02,-11.29,849.4,29,True
48.000_-67.500,2016-03,-8.39,818.2,31,True
48.000_-67.500,2016-04,-2.45,613.6,30,True
48.000_-67.500,2016-05,7.97,310.9,31,True
48.000_-67.500,2016-06,13.14,157.7,30,True
48.000_-67.500,2016-07,15.8,76.4,31,True
48.000_-67.500,2016-08,16.01,66.4,31,True
48.000_-67.500,2016-09,11.63,193.3,30,True
48.000_-67.500,2016-10,5.45,388.9,31,True
48.000_-67.500,2016-11,0.42,527.5,30,True
48.000_-67.500,2016-12,-10.93,896.8,31,True
48.000_-67.500,2017-01,-10.91,896.3,31,True
48.000_-67.500,2017-02,-11.24,818.6,28,True
48.000_-67.500,2017-03,-9.05,838.7,31,True
48.000_-67.500,2017-04,1.09,507.4,30,True
48.000_-67.500,2017-05,8.1,306.9,31,True
48.000_-67.500,2017-06,14.06,123.8,30,True
48.000_-67.500,2017-07,16.62,54.1,31,True
48.000_-67.500,2017-08,15.56,83.8,31,True
48.000_-67.500,2017-09,13.23,144.5,30,True
48.000_-67.500,2017-10,8.53,293.6,31,True
48.000_-67.500,2017-11,-3.35,640.6,30,True
48.000_-67.500,2017-12,-12.65,950.0,31,True
48.000_-67.500,2018-01,-14.03,992.9,31,True
48.000_-67.500,2018-02,-9.72,776.2,28,True
48.000_-67.500,2018-03,-4.39,694.1,31,True
48.000_-67.500,2018-04,-1.53,585.9,30,True
48.000_-67.500,2018-05,7.44,328.2,31,True
48.000_-67.500,2018-06,12.37,173.8,30,True
48.000_-67.500,2018-07,19.88,15.7,31,True
48.000_-67.500,2018-08,18.34,30.2,31,True
48.000_-67.500,2018-09,11.86,191.4,30,True
48.000_-67.500,2018-10,1.62,507.9,31,True
48.000_-67.500,2018-11,-5.02,690.7,30,True
48.000_-67.500,2018-12,-10.93,896.7,31,True
48.000_-67.500,2019-01,-14.6,1010.5,31,True
48.000_-67.500,2019-02,-14.16,900.4,28,True
48.000_-67.500,2019-03,-6.85,770.2,31,True
48.000_-67.500,2019-04,-0.47,554.1,30,True
48.000_-67.500,2019-05,5.55,385.8,31,True
48.000_-67.500,2019-06,12.75,157.6,30,True
48.000_-67.500,2019-07,17.98,36.2,31,True
48.000_-67.500,2019-08,16.29,59.9,31,True
48.000_-67.500,2019-09,10.07,237.8,30,True
48.000_-67.500,2019-10,5.3,393.8,31,True
48.000_-67.500,2019-11,-4.61,678.4,30,True
48.000_-67.500,2019-12,-9.32,846.9,31,True
48.000_-67.500,2020-01,-11.35,910.0,31,True
48.000_-67.500,2020-02,-10.62,830.0,29,True
48.000_-67.500,2020-03,-6.6,762.6,31,True
48.000_-67.500,2020-04,-0.78,563.4,30,True
48.000_-67.500,2020-05,7.12,349.1,31,True
48.000_-67.500,2020-06,15.23,115.0,30,True
48.000_-67.500,2020-07,18.05,29.7,31,True
48.000_-67.500,2020-08,16.2,80.3,31,True
48.000_-67.500,2020-09,11.4,199.5,30,True
48.000_-67.500,2020-10,3.94,436.0,31,True
48.000_-67.500,2020-11,-0.7,561.1,30,True
48.000_-67.500,2020-12,-5.26,721.1,31,True
48.000_-67.500,2021-01,-9.42,850.0,31,True
48.000_-67.500,2021-02,-10.59,800.6,28,True
48.000_-67.500,2021-03,-5.08,715.6,31,True
48.000_-67.500,2021-04,2.1,476.9,30,True
48.000_-67.500,2021-05,7.87,316.2,31,True
48.000_-67.500,2021-06,15.7,89.0,30,True
48.000_-67.500,2021-07,16.2,69.7,31,True
48.000_-67.500,2021-08,18.8,33.2,31,True
48.000_-67.500,2021-09,12.37,168.8,30,True
48.000_-67.500,2021-10,7.65,320.7,31,True
48.000_-67.500,2021-11,-1.46,583.7,30,True
48.000_-67.500,2021-12,-9.25,844.6,31,True
48.000_-67.500,2022-01,-16.83,1079.6,31,True
48.000_-67.500,2022-02,-12.44,852.3,28,True
48.000_-67.500,2022-03,-6.38,755.7,31,True
48.000_-67.500,2022-04,0.64,520.7,30,True
48.000_-67.500,2022-05,8.4,297.6,31,True
48.000_-67.500,2022-06,13.37,141.0,30,True
48.000_-67.500,2022-07,17.44,42.7,31,True
48.000_-67.500,2022-08,17.27,43.6,31,True
48.000_-67.500,2022-09,12.15,178.1,30,True
48.000_-67.500,2022-10,8.27,301.6,31,True
48.000_-67.500,2022-11,-1.27,578.2,30,True
48.000_-67.500,2022-12,-6.16,749.0,31,True
48.000_-68.000,2016-01,-11.04,900.1,31,True
48.000_-68.000,2016-02,-10.64,830.6,29,True
48.000_-68.000,2016-03,-7.55,792.2,31,True
48.000_-68.000,2016-04,-1.66,589.7,30,True
48.000_-68.000,2016-05,9.03,278.2,31,True
48.000_-68.000,2016-06,14.29,131.3,30,True
48.000_-68.000,2016-07,16.84,57.4,31,True
48.000_-68.000,2016-08,17.09,43.4,31,True
48.000_-68.000,2016-09,12.75,161.1,30,True
48.000_-68.000,2016-10,6.24,364.5,31,True
48.000_-68.000,2016-11,1.01,509.6,30,True
48.000_-68.000,2016-12,-10.24,875.4,31,True
48.000_-68.000,2017-01,-10.43,881.2,31,True
48.000_-68.000,2017-02,-10.86,808.0,28,True
48.000_-68.000,2017-03,-8.86,832.6,31,True
48.000_-68.000,2017-04,1.48,495.5,30,True
48.000_-68.000,2017-05,8.68,288.8,31,True
48.000_-68.000,2017-06,14.35,117.0,30,True
48.000_-68.000,2017-07,16.85,47.3,31,True
48.000_-68.000,2017-08,15.84,79.0,31,True
48.000_-68.000,2017-09,13.68,132.5,30,True
48.000_-68.000,2017-10,8.98,279.6,31,True
48.000_-68.000,2017-11,-2.78,623.5,30,True
48.000_-68.000,2017-12,-12.33,940.3,31,True
48.000_-68.000,2018-01,-13.76,984.7,31,True
48.000_-68.000,2018-02,-8.94,754.3,28,True
48.000_-68.000,2018-03,-4.08,684.5,31,True
48.000_-68.000,2018-04,-1.29,578.7,30,True
48.000_-68.000,2018-05,8.11,308.6,31,True
48.000_-68.000,2018-06,12.79,162.1,30,True
48.000_-68.000,2018-07,20.05,14.5,31,True
48.000_-68.000,2018-08,18.58,26.7,31,True
48.000_-68.000,2018-09,12.17,183.1,30,True
48.000_-68.000,2018-10,2.04,494.9,31,True
48.000_-68.000,2018-11,-4.72,681.7,30,True
48.000_-68.000,2018-12,-10.2,874.2,31,True
48.000_-68.000,2019-01,-14.19,997.9,31,True
48.000_-68.000,2019-02,-13.67,886.8,28,True
48.000_-68.000,2019-03,-6.37,755.6,31,True
48.000_-68.000,2019-04,-0.08,542.5,30,True
48.000_-68.000,2019-05,6.15,367.5,31,True
48.000_-68.000,2019-06,13.07,147.8,30,True
48.000_-68.000,2019-07,18.2,31.2,31,True
48.000_-68.000,2019-08,16.42,58.1,31,True
48.000_-68.000,2019-09,10.34,229.8,30,True
48.000_-68.000,2019-10,5.48,388.0,31,True
48.000_-68.000,2019-11,-4.3,668.9,30,True
48.000_-68.000,2019-12,-8.86,832.7,31,True
48.000_-68.000,2020-01,-10.84,893.9,31,True
48.000_-68.000,2020-02,-10.18,817.1,29,True
48.000_-68.000,2020-03,-5.99,743.6,31,True
48.000_-68.000,2020-04,-0.43,552.9,30,True
48.000_-68.000,2020-05,7.58,336.2,31,True
48.000_-68.000,2020-06,15.59,110.0,30,True
48.000_-68.000,2020-07,18.41,24.3,31,True
48.000_-68.000,2020-08,16.47,74.3,31,True
48.000_-68.000,2020-09,11.75,189.3,30,True
48.000_-68.000,2020-10,4.37,422.5,31,True
48.000_-68.000,2020-11,-0.09,542.7,30,True
48.000_-68.000,2020-12,-4.86,708.7,31,True
48.000_-68.000,2021-01,-9.35,847.8,31,True
48.000_-68.000,2021-02,-10.39,794.8,28,True
48.000_-68.000,2021-03,-4.64,701.8,31,True
48.000_-68.000,2021-04,2.4,468.1,30,True
48.000_-68.000,2021-05,8.26,305.1,31,True
48.000_-68.000,2021-06,15.91,83.7,30,True
48.000_-68.000,2021-07,16.33,66.4,31,True
48.000_-68.000,2021-08,19.1,27.8,31,True
48.000_-68.000,2021-09,12.76,157.2,30,True
48.000_-68.000,2021-10,7.97,311.0,31,True
48.000_-68.000,2021-11,-0.9,566.9,30,True
48.000_-68.000,2021-12,-8.89,833.6,31,True
48.000_-68.000,2022-01,-16.25,1061.7,31,True
48.000_-68.000,2022-02,-12.15,844.3,28,True
48.000_-68.000,2022-03,-5.95,742.4,31,True
48.000_-68.000,2022-04,1.02,509.3,30,True
48.000_-68.000,2022-05,9.4,266.5,31,True
48.000_-68.000,2022-06,13.77,129.1,30,True
48.000_-68.000,2022-07,17.54,40.4,31,True
48.000_-68.000,2022-08,17.26,44.5,31,True
48.000_-68.000,2022-09,12.32,172.3,30,True
48.000_-68.000,2022-10,8.7,288.2,31,True
48.000_-68.000,2022-11,-0.67,560.2,30,True
48.000_-68.000,2022-12,-5.75,736.2,31,True
48.000_-68.500,2016-01,-11.17,904.4,31,True
48.000_-68.500,2016-02,-10.93,838.9,29,True
48.000_-68.500,2016-03,-7.69,796.3,31,True
48.000_-68.500,2016-04,-2.07,602.2,30,True
48.000_-68.500,2016-05,8.76,286.4,31,True
48.000_-68.500,2016-06,13.94,139.2,30,True
48.000_-68.500,2016-07,16.56,61.2,31,True
48.000_-68.500,2016-08,16.98,45.3,31,True
48.000_-68.500,2016-09,12.6,164.8,30,True
48.000_-68.500,2016-10,5.87,376.0,31,True
48.000_-68.500,2016-11,0.77,517.0,30,True
48.000_-68.500,2016-12,-10.57,885.8,31,True
48.000_-68.500,2017-01,-10.32,877.8,31,True
48.000_-68.500,2017-02,-10.62,801.3,28,True
48.000_-68.500,2017-03,-8.75,829.2,31,True
48.000_-68.500,2017-04,1.96,481.3,30,True
48.000_-68.500,2017-05,9.23,272.0,31,True
48.000_-68.500,2017-06,14.54,111.5,30,True
48.000_-68.500,2017-07,16.98,43.7,31,True
48.000_-68.500,2017-08,15.93,76.3,31,True
48.000_-68.500,2017-09,13.91,126.5,30,True
48.000_-68.500,2017-10,9.14,274.6,31,True
48.000_-68.500,2017-11,-2.89,626.7,30,True
48.000_-68.500,2017-12,-12.43,943.2,31,True
48.000_-68.500,2018-01,-13.81,986.0,31,True
48.000_-68.500,2018-02,-8.92,753.8,28,True
48.000_-68.500,2018-03,-4.01,682.3,31,True
48.000_-68.500,2018-04,-1.06,571.8,30,True
48.000_-68.500,2018-05,8.52,296.2,31,True
48.000_-68.500,2018-06,13.0,155.7,30,True
48.000_-68.500,2018-07,20.11,14.4,31,True
48.000_-68.500,2018-08,18.69,25.4,31,True
48.000_-68.500,2018-09,12.35,178.6,30,True
48.000_-68.500,2018-10,2.12,492.4,31,True
48.000_-68.500,2018-11,-4.52,675.7,30,True
48.000_-68.500,2018-12,-10.25,875.7,31,True
48.000_-68.500,2019-01,-14.19,998.0,31,True
48.000_-68.500,2019-02,-13.46,880.9,28,True
48.000_-68.500,2019-03,-6.42,756.9,31,True
48.000_-68.500,2019-04,0.25,532.5,30,True
48.000_-68.500,2019-05,6.83,346.2,31,True
48.000_-68.500,2019-06,13.42,137.5,30,True
48.000_-68.500,2019-07,18.35,27.6,31,True
48.000_-68.500,2019-08,16.47,56.0,31,True
48.000_-68.500,2019-09,10.44,226.8,30,True
48.000_-68.500,2019-10,5.84,377.1,31,True
48.000_-68.500,2019-11,-4.39,671.7,30,True
48.000_-68.500,2019-12,-8.83,831.6,31,True
48.000_-68.500,2020-01,-10.68,889.0,31,True
48.000_-68.500,2020-02,-10.19,817.6,29,True
48.000_-68.500,2020-03,-5.6,731.6,31,True
48.000_-68.500,2020-04,-0.28,548.5,30,True
48.000_-68.500,2020-05,8.03,324.8,31,True
48.000_-68.500,2020-06,15.8,106.3,30,True
48.000_-68.500,2020-07,18.74,20.4,31,True
48.000_-68.500,2020-08,16.74,67.4,31,True
48.000_-68.500,2020-09,11.72,190.5,30,True
48.000_-68.500,2020-10,4.38,422.1,31,True
48.000_-68.500,2020-11,-0.01,540.2,30,True
48.000_-68.500,2020-12,-5.09,715.9,31,True
48.000_-68.500,2021-01,-9.43,850.4,31,True
48.000_-68.500,2021-02,-10.58,800.1,28,True
48.000_-68.500,2021-03,-4.72,704.2,31,True
48.000_-68.500,2021-04,2.75,457.4,30,True
48.000_-68.500,2021-05,8.73,290.5,31,True
48.000_-68.500,2021-06,16.01,80.4,30,True
48.000_-68.500,2021-07,16.44,64.1,31,True
48.000_-68.500,2021-08,19.28,25.0,31,True
48.000_-68.500,2021-09,12.97,151.0,30,True
48.000_-68.500,2021-10,8.12,306.3,31,True
48.000_-68.500,2021-11,-0.78,563.5,30,True
48.000_-68.500,2021-12,-8.98,836.5,31,True
48.000_-68.500,2022-01,-16.5,1069.4,31,True
48.000_-68.500,2022-02,-12.28,847.7,28,True
48.000_-68.500,2022-03,-5.85,739.2,31,True
48.000_-68.500,2022-04,1.33,500.0,30,True
48.000_-68.500,2022-05,10.13,245.3,31,True
48.000_-68.500,2022-06,14.16,118.0,30,True
48.000_-68.500,2022-07,17.61,37.9,31,True
48.000_-68.500,2022-08,17.36,40.7,31,True
48.000_-68.500,2022-09,12.57,167.2,30,True
48.000_-68.500,2022-10,8.66,289.5,31,True
48.000_-68.500,2022-11,-0.47,554.0,30,True
48.000_-68.500,2022-12,-5.58,731.1,31,True
48.000_-69.000,2016-01,-8.93,834.7,31,True
48.000_-69.000,2016-02,-9.12,786.5,29,True
48.000_-69.000,2016-03,-5.81,738.1,31,True
48.000_-69.000,2016-04,-0.68,560.3,30,True
48.000_-69.000,2016-05,10.01,247.7,31,True
48.000_-69.000,2016-06,14.35,128.7,30,True
48.000_-69.000,2016-07,17.45,44.2,31,True
48.000_-69.000,2016-08,18.17,24.4,31,True
48.000_-69.000,2016-09,13.75,133.3,30,True
48.000_-69.000,2016-10,7.37,329.4,31,True
48.000_-69.000,2016-11,2.02,479.5,30,True
48.000_-69.000,2016-12,-8.72,828.4,31,True
48.000_-69.000,2017-01,-9.88,864.4,31,True
48.000_-69.000,2017-02,-10.28,791.8,28,True
48.000_-69.000,2017-03,-8.36,817.2,31,True
48.000_-69.000,2017-04,2.16,475.3,30,True
48.000_-69.000,2017-05,9.69,257.6,31,True
48.000_-69.000,2017-06,15.59,87.3,30,True
48.000_-69.000,2017-07,18.08,29.6,31,True
48.000_-69.000,2017-08,16.63,60.6,31,True
48.000_-69.000,2017-09,14.56,111.6,30,True
48.000_-69.000,2017-10,9.87,251.9,31,True
48.000_-69.000,2017-11,-2.13,603.9,30,True
48.000_-69.000,2017-12,-11.74,922.0,31,True
48.000_-69.000,2018-01,-13.33,971.3,31,True
48.000_-69.000,2018-02,-8.52,742.7,28,True
48.000_-69.000,2018-03,-3.63,670.5,31,True
48.000_-69.000,2018-04,-0.71,561.3,30,True
48.000_-69.000,2018-05,9.05,280.2,31,True
48.000_-69.000,2018-06,13.96,134.3,30,True
48.000_-69.000,2018-07,20.91,10.0,31,True
48.000_-69.000,2018-08,19.56,19.5,31,True
48.000_-69.000,2018-09,13.25,157.1,30,True
48.000_-69.000,2018-10,2.83,470.4,31,True
48.000_-69.000,2018-11,-3.82,654.5,30,True
48.000_-69.000,2018-12,-9.54,853.6,31,True
48.000_-69.000,2019-01,-13.98,991.5,31,True
48.000_-69.000,2019-02,-13.15,872.1,28,True
48.000_-69.000,2019-03,-5.82,738.4,31,True
48.000_-69.000,2019-04,0.8,515.9,30,True
48.000_-69.000,2019-05,7.45,327.2,31,True
48.000_-69.000,2019-06,14.16,115.6,30,True
48.000_-69.000,2019-07,19.29,15.0,31,True
48.000_-69.000,2019-08,17.42,38.9,31,True
48.000_-69.000,2019-09,11.28,202.1,30,True
48.000_-69.000,2019-10,6.33,361.9,31,True
48.000_-69.000,2019-11,-3.9,657.0,30,True
48.000_-69.000,2019-12,-8.06,807.8,31,True
48.000_-69.000,2020-01,-10.17,873.4,31,True
48.000_-69.000,2020-02,-9.6,800.3,29,True
48.000_-69.000,2020-03,-4.95,711.6,31,True
48.000_-69.000,2020-04,0.08,537.5,30,True
48.000_-69.000,2020-05,8.47,312.4,31,True
48.000_-69.000,2020-06,16.37,93.5,30,True
48.000_-69.000,2020-07,19.51,12.9,31,True
48.000_-69.000,2020-08,17.65,53.4,31,True
48.000_-69.000,2020-09,12.51,170.6,30,True
48.000_-69.000,2020-10,5.15,398.5,31,True
48.000_-69.000,2020-11,0.81,515.6,30,True
48.000_-69.000,2020-12,-4.6,700.7,31,True
48.000_-69.000,2021-01,-8.51,821.9,31,True
48.000_-69.000,2021-02,-10.02,784.6,28,True
48.000_-69.000,2021-03,-3.96,680.9,31,True
48.000_-69.000,2021-04,3.41,437.7,30,True
48.000_-69.000,2021-05,9.54,269.2,31,True
48.000_-69.000,2021-06,16.89,62.1,30,True
48.000_-69.000,2021-07,17.36,47.9,31,True
48.000_-69.000,2021-08,20.36,15.3,31,True
48.000_-69.000,2021-09,13.83,126.2,30,True
48.000_-69.000,2021-10,8.75,286.6,31,True
48.000_-69.000,2021-11,0.02,539.4,30,True
48.000_-69.000,2021-12,-8.63,825.4,31,True
48.000_-69.000,2022-01,-15.95,1052.6,31,True
48.000_-69.000,2022-02,-11.99,839.7,28,True
48.000_-69.000,2022-03,-5.45,727.0,31,True
48.000_-69.000,2022-04,1.78,486.5,30,True
48.000_-69.000,2022-05,10.77,224.4,31,True
48.000_-69.000,2022-06,14.98,98.2,30,True
48.000_-69.000,2022-07,18.57,24.4,31,True
48.000_-69.000,2022-08,18.45,26.2,31,True
48.000_-69.000,2022-09,13.13,153.3,30,True
48.000_-69.000,2022-10,9.34,268.6,31,True
48.000_-69.000,2022-11,0.24,532.7,30,True
48.000_-69.000,2022-12,-4.95,711.3,31,True
48.000_-69.500,2016-01,-7.6,793.7,31,True
48.000_-69.500,2016-02,-8.12,757.5,29,True
48.000_-69.500,2016-03,-4.74,704.8,31,True
48.000_-69.500,2016-04,0.02,539.3,30,True
48.000_-69.500,2016-05,10.09,245.2,31,True
48.000_-69.500,2016-06,13.35,150.1,30,True
48.000_-69.500,2016-07,17.24,45.9,31,True
48.000_-69.500,2016-08,18.32,19.5,31,True
48.000_-69.500,2016-09,13.84,129.0,30,True
48.000_-69.500,2016-10,7.88,313.8,31,True
48.000_-69.500,2016-11,2.0,480.1,30,True
48.000_-69.500,2016-12,-7.7,796.8,31,True
48.000_-69.500,2017-01,-7.89,802.5,31,True
48.000_-69.500,2017-02,-8.45,740.5,28,True
48.000_-69.500,2017-03,-6.77,768.0,31,True
48.000_-69.500,2017-04,2.97,451.0,30,True
48.000_-69.500,2017-05,9.25,271.4,31,True
48.000_-69.500,2017-06,15.83,80.3,30,True
48.000_-69.500,2017-07,17.9,27.1,31,True
48.000_-69.500,2017-08,17.11,43.6,31,True
48.000_-69.500,2017-09,14.43,110.0,30,True
48.000_-69.500,2017-10,11.03,216.0,31,True
48.000_-69.500,2017-11,-0.03,540.9,30,True
48.000_-69.500,2017-12,-9.25,844.9,31,True
48.000_-69.500,2018-01,-11.04,900.3,31,True
48.000_-69.500,2018-02,-6.7,691.5,28,True
48.000_-69.500,2018-03,-2.19,625.9,31,True
48.000_-69.500,2018-04,0.53,524.2,30,True
48.000_-69.500,2018-05,9.14,275.9,31,True
48.000_-69.500,2018-06,14.03,127.2,30,True
48.000_-69.500,2018-07,20.1,15.0,31,True
48.000_-69.500,2018-08,19.55,18.8,31,True
48.000_-69.500,2018-09,14.19,128.2,30,True
48.000_-69.500,2018-10,4.63,414.6,31,True
48.000_-69.500,2018-11,-1.53,585.8,30,True
48.000_-69.500,2018-12,-7.04,776.3,31,True
48.000_-69.500,2019-01,-11.82,924.4,31,True
48.000_-69.500,2019-02,-10.89,808.8,28,True
48.000_-69.500,2019-03,-3.95,680.4,31,True
48.000_-69.500,2019-04,2.31,470.8,30,True
48.000_-69.500,2019-05,8.1,306.9,31,True
48.000_-69.500,2019-06,14.09,117.3,30,True
48.000_-69.500,2019-07,19.35,14.0,31,True
48.000_-69.500,2019-08,17.57,34.1,31,True
48.000_-69.500,2019-09,12.17,175.8,30,True
48.000_-69.500,2019-10,7.52,325.0,31,True
48.000_-69.500,2019-11,-1.64,589.1,30,True
48.000_-69.500,2019-12,-5.44,726.5,31,True
48.000_-69.500,2020-01,-7.99,805.7,31,True
48.000_-69.500,2020-02,-7.37,735.8,29,True
48.000_-69.500,2020-03,-3.04,652.2,31,True
48.000_-69.500,2020-04,1.45,496.6,30,True
48.000_-69.500,2020-05,9.01,289.8,31,True
48.000_-69.500,2020-06,15.45,105.0,30,True
48.000_-69.500,2020-07,18.71,23.7,31,True
48.000_-69.500,2020-08,18.01,43.2,31,True
48.000_-69.500,2020-09,13.65,140.0,30,True
48.000_-69.500,2020-10,6.8,347.2,31,True
48.000_-69.500,2020-11,2.62,461.5,30,True
48.000_-69.500,2020-12,-2.51,635.8,31,True
48.000_-69.500,2021-01,-6.37,755.5,31,True
48.000_-69.500,2021-02,-7.81,722.7,28,True
48.000_-69.500,2021-03,-2.18,625.6,31,True
48.000_-69.500,2021-04,4.06,418.1,30,True
48.000_-69.500,2021-05,9.78,260.0,31,True
48.000_-69.500,2021-06,16.97,56.8,30,True
48.000_-69.500,2021-07,17.14,53.8,31,True
48.000_-69.500,2021-08,20.05,14.3,31,True
48.000_-69.500,2021-09,14.7,100.8,30,True
48.000_-69.500,2021-10,9.75,255.8,31,True
48.000_-69.500,2021-11,2.35,469.5,30,True
48.000_-69.500,2021-12,-6.14,748.3,31,True
48.000_-69.500,2022-01,-13.24,968.3,31,True
48.000_-69.500,2022-02,-9.92,781.8,28,True
48.000_-69.500,2022-03,-3.54,667.8,31,True
48.000_-69.500,2022-04,3.17,444.9,30,True
48.000_-69.500,2022-05,10.53,231.6,31,True
48.000_-69.500,2022-06,14.91,102.5,30,True
48.000_-69.500,2022-07,18.82,19.7,31,True
48.000_-69.500,2022-08,17.93,38.6,31,True
48.000_-69.500,2022-09,13.57,139.6,30,True
48.000_-69.500,2022-10,10.44,234.3,31,True
48.000_-69.500,2022-11,2.37,469.0,30,True
48.000_-69.500,2022-12,-2.61,639.0,31,True
48.000_-70.000,2016-01,-10.16,872.9,31,True
48.000_-70.000,2016-02,-10.8,835.1,29,True
48.000_-70.000,2016-03,-6.35,755.0,31,True
48.000_-70.000,2016-04,-2.05,601.4,30,True
48.000_-70.000,2016-05,8.68,288.9,31,True
48.000_-70.000,2016-06,14.11,128.3,30,True
48.000_-70.000,2016-07,16.88,52.9,31,True
48.000_-70.000,2016-08,17.87,27.5,31,True
48.000_-70.000,2016-09,13.14,148.4,30,True
48.000_-70.000,2016-10,6.53,355.5,31,True
48.000_-70.000,2016-11,1.13,506.0,30,True
48.000_-70.000,2016-12,-10.0,867.9,31,True
48.000_-70.000,2017-01,-10.23,875.1,31,True
48.000_-70.000,2017-02,-10.57,799.9,28,True
48.000_-70.000,2017-03,-8.6,824.5,31,True
48.000_-70.000,2017-04,1.34,499.8,30,True
48.000_-70.000,2017-05,8.37,298.6,31,True
48.000_-70.000,2017-06,15.92,82.2,30,True
48.000_-70.000,2017-07,18.34,27.7,31,True
48.000_-70.000,2017-08,16.9,54.1,31,True
48.000_-70.000,2017-09,14.94,106.3,30,True
48.000_-70.000,2017-10,9.61,260.0,31,True
48.000_-70.000,2017-11,-2.69,620.7,30,True
48.000_-70.000,2017-12,-12.62,949.3,31,True
48.000_-70.000,2018-01,-14.14,996.4,31,True
48.000_-70.000,2018-02,-9.43,768.1,28,True
48.000_-70.000,2018-03,-4.0,682.0,31,True
48.000_-70.000,2018-04,-1.05,571.4,30,True
48.000_-70.000,2018-05,8.41,300.6,31,True
48.000_-70.000,2018-06,14.73,119.7,30,True
48.000_-70.000,2018-07,21.47,8.2,31,True
48.000_-70.000,2018-08,20.13,17.4,31,True
48.000_-70.000,2018-09,13.39,156.3,30,True
48.000_-70.000,2018-10,2.39,484.0,31,True
48.000_-70.000,2018-11,-4.41,672.2,30,True
48.000_-70.000,2018-12,-10.33,878.3,31,True
48.000_-70.000,2019-01,-14.92,1020.5,31,True
48.000_-70.000,2019-02,-13.63,885.7,28,True
48.000_-70.000,2019-03,-6.45,757.8,31,True
48.000_-70.000,2019-04,0.15,535.6,30,True
48.000_-70.000,2019-05,6.61,353.2,31,True
48.000_-70.000,2019-06,14.46,107.8,30,True
48.000_-70.000,2019-07,20.4,5.6,31,True
48.000_-70.000,2019-08,18.0,29.8,31,True
48.000_-70.000,2019-09,11.6,193.9,30,True
48.000_-70.000,2019-10,5.88,375.8,31,True
48.000_-70.000,2019-11,-4.28,668.5,30,True
48.000_-70.000,2019-12,-8.85,832.3,31,True
48.000_-70.000,2020-01,-10.88,895.2,31,True
48.000_-70.000,2020-02,-10.24,819.0,29,True
48.000_-70.000,2020-03,-5.47,727.5,31,True
48.000_-70.000,2020-04,-0.35,550.5,30,True
48.000_-70.000,2020-05,8.01,327.0,31,True
48.000_-70.000,2020-06,16.45,94.8,30,True
48.000_-70.000,2020-07,19.85,11.1,31,True
48.000_-70.000,2020-08,17.75,52.1,31,True
48.000_-70.000,2020-09,12.64,164.6,30,True
48.000_-70.000,2020-10,4.59,415.7,31,True
48.000_-70.000,2020-11,0.12,536.5,30,True
48.000_-70.000,2020-12,-5.64,732.9,31,True
48.000_-70.000,2021-01,-8.72,828.4,31,True
48.000_-70.000,2021-02,-10.15,788.3,28,True
48.000_-70.000,2021-03,-4.42,695.0,31,True
48.000_-70.000,2021-04,3.15,445.4,30,True
48.000_-70.000,2021-05,9.82,263.8,31,True
48.000_-70.000,2021-06,17.24,58.6,30,True
48.000_-70.000,2021-07,17.8,44.3,31,True
48.000_-70.000,2021-08,20.91,12.8,31,True
48.000_-70.000,2021-09,13.78,126.5,30,True
48.000_-70.000,2021-10,8.72,287.7,31,True
48.000_-70.000,2021-11,-0.24,547.2,30,True
48.000_-70.000,2021-12,-9.28,845.8,31,True
48.000_-70.000,2022-01,-17.41,1097.6,31,True
48.000_-70.000,2022-02,-12.71,860.0,28,True
48.000_-70.000,2022-03,-6.15,748.6,31,True
48.000_-70.000,2022-04,1.67,489.9,30,True
48.000_-70.000,2022-05,10.13,245.7,31,True
48.000_-70.000,2022-06,15.13,100.1,30,True
48.000_-70.000,2022-07,19.31,19.3,31,True
48.000_-70.000,2022-08,18.82,23.7,31,True
48.000_-70.000,2022-09,13.15,154.7,30,True
48.000_-70.000,2022-10,8.87,283.0,31,True
48.000_-70.000,2022-11,0.11,536.8,30,True
48.000_-70.000,2022-12,-6.13,747.9,31,True
48.000_-70.500,2016-01,-13.42,973.9,31,True
48.000_-70.500,2016-02,-13.99,927.7,29,True
48.000_-70.500,2016-03,-8.88,833.4,31,True
48.000_-70.500,2016-04,-4.74,682.3,30,True
48.000_-70.500,2016-05,6.53,355.5,31,True
48.000_-70.500,2016-06,13.0,159.5,30,True
48.000_-70.500,2016-07,14.87,102.1,31,True
48.000_-70.500,2016-08,15.81,73.7,31,True
48.000_-70.500,2016-09,11.26,203.1,30,True
48.000_-70.500,2016-10,4.11,430.7,31,True
48.000_-70.500,2016-11,-0.96,568.7,30,True
48.000_-70.500,2016-12,-12.81,955.1,31,True
48.000_-70.500,2017-01,-12.25,937.6,31,True
48.000_-70.500,2017-02,-12.52,854.5,28,True
48.000_-70.500,2017-03,-11.42,912.1,31,True
48.000_-70.500,2017-04,0.1,537.0,30,True
48.000_-70.500,2017-05,6.39,359.8,31,True
48.000_-70.500,2017-06,12.7,162.9,30,True
48.000_-70.500,2017-07,14.82,100.8,31,True
48.000_-70.500,2017-08,13.39,144.2,31,True
48.000_-70.500,2017-09,12.7,162.3,30,True
48.000_-70.500,2017-10,7.42,328.1,31,True
48.000_-70.500,2017-11,-5.28,698.4,30,True
48.000_-70.500,2017-12,-15.56,1040.3,31,True
48.000_-70.500,2018-01,-16.11,1057.4,31,True
48.000_-70.500,2018-02,-11.18,816.9,28,True
48.000_-70.500,2018-03,-6.8,768.8,31,True
48.000_-70.500,2018-04,-3.65,649.6,30,True
48.000_-70.500,2018-05,6.14,369.7,31,True
48.000_-70.500,2018-06,11.7,189.8,30,True
48.000_-70.500,2018-07,18.3,38.6,31,True
48.000_-70.500,2018-08,16.94,52.7,31,True
48.000_-70.500,2018-09,10.77,220.8,30,True
48.000_-70.500,2018-10,-0.12,561.6,31,True
48.000_-70.500,2018-11,-6.82,744.5,30,True
48.000_-70.500,2018-12,-12.16,935.0,31,True
48.000_-70.500,2019-01,-17.04,1086.2,31,True
48.000_-70.500,2019-02,-15.85,947.9,28,True
48.000_-70.500,2019-03,-8.93,834.8,31,True
48.000_-70.500,2019-04,-2.14,604.3,30,True
48.000_-70.500,2019-05,4.0,433.9,31,True
48.000_-70.500,2019-06,11.47,195.9,30,True
48.000_-70.500,2019-07,17.01,53.1,31,True
48.000_-70.500,2019-08,14.71,103.2,31,True
48.000_-70.500,2019-09,9.0,270.0,30,True
48.000_-70.500,2019-10,3.58,447.1,31,True
48.000_-70.500,2019-11,-6.79,743.6,30,True
48.000_-70.500,2019-12,-10.86,894.7,31,True
48.000_-70.500,2020-01,-12.49,945.2,31,True
48.000_-70.500,2020-02,-12.23,876.7,29,True
48.000_-70.500,2020-03,-7.68,796.0,31,True
48.000_-70.500,2020-04,-2.84,625.1,30,True
48.000_-70.500,2020-05,4.7,418.9,31,True
48.000_-70.500,2020-06,13.82,153.2,30,True
48.000_-70.500,2020-07,17.25,43.4,31,True
48.000_-70.500,2020-08,14.52,117.5,31,True
48.000_-70.500,2020-09,9.53,254.0,30,True
48.000_-70.500,2020-10,1.71,505.1,31,True
48.000_-70.500,2020-11,-1.71,591.3,30,True
48.000_-70.500,2020-12,-8.33,816.3,31,True
48.000_-70.500,2021-01,-12.08,932.5,31,True
48.000_-70.500,2021-02,-12.75,861.0,28,True
48.000_-70.500,2021-03,-6.43,757.2,31,True
48.000_-70.500,2021-04,0.77,517.0,30,True
48.000_-70.500,2021-05,6.98,341.9,31,True
48.000_-70.500,2021-06,14.2,124.3,30,True
48.000_-70.500,2021-07,14.33,115.9,31,True
48.000_-70.500,2021-08,17.63,50.9,31,True
48.000_-70.500,2021-09,10.97,210.8,30,True
48.000_-70.500,2021-10,6.62,352.8,31,True
48.000_-70.500,2021-11,-2.77,623.1,30,True
48.000_-70.500,2021-12,-11.6,917.6,31,True
48.000_-70.500,2022-01,-19.3,1156.2,31,True
48.000_-70.500,2022-02,-15.25,930.9,28,True
48.000_-70.500,2022-03,-8.4,818.3,31,True
48.000_-70.500,2022-04,-0.95,568.5,30,True
48.000_-70.500,2022-05,7.72,318.7,31,True
48.000_-70.500,2022-06,12.78,158.7,30,True
48.000_-70.500,2022-07,15.77,78.7,31,True
48.000_-70.500,2022-08,15.62,83.7,31,True
48.000_-70.500,2022-09,10.43,228.5,30,True
48.000_-70.500,2022-10,6.74,349.0,31,True
48.000_-70.500,2022-11,-2.21,606.4,30,True
48.000_-70.500,2022-12,-8.6,824.6,31,True
48.000_-71.000,2016-01,-11.34,909.6,31,True
48.000_-71.000,2016-02,-11.85,865.7,29,True
48.000_-71.000,2016-03,-6.91,772.1,31,True
48.000_-71.000,2016-04,-3.03,630.8,30,True
48.000_-71.000,2016-05,8.4,297.7,31,True
48.000_-71.000,2016-06,14.27,128.2,30,True
48.000_-71.000,2016-07,16.25,68.3,31,True
48.000_-71.000,2016-08,17.31,43.3,31,True
48.000_-71.000,2016-09,13.04,153.4,30,True
48.000_-71.000,2016-10,5.99,372.3,31,True
48.000_-71.000,2016-11,0.73,518.2,30,True
48.000_-71.000,2016-12,-10.24,875.4,31,True
48.000_-71.000,2017-01,-10.27,876.5,31,True
48.000_-71.000,2017-02,-10.56,799.6,28,True
48.000_-71.000,2017-03,-9.77,860.9,31,True
48.000_-71.000,2017-04,2.05,478.4,30,True
48.000_-71.000,2017-05,8.71,288.0,31,True
48.000_-71.000,2017-06,14.37,119.6,30,True
48.000_-71.000,2017-07,16.37,61.5,31,True
48.000_-71.000,2017-08,15.02,98.5,31,True
48.000_-71.000,2017-09,14.34,122.7,30,True
48.000_-71.000,2017-10,9.32,269.2,31,True
48.000_-71.000,2017-11,-3.25,637.4,30,True
48.000_-71.000,2017-12,-13.72,983.4,31,True
48.000_-71.000,2018-01,-14.53,1008.4,31,True
48.000_-71.000,2018-02,-9.19,761.2,28,True
48.000_-71.000,2018-03,-5.36,724.1,31,True
48.000_-71.000,2018-04,-2.19,605.8,30,True
48.000_-71.000,2018-05,8.22,307.4,31,True
48.000_-71.000,2018-06,13.47,144.9,30,True
48.000_-71.000,2018-07,19.97,22.0,31,True
48.000_-71.000,2018-08,18.52,33.2,31,True
48.000_-71.000,2018-09,12.55,175.2,30,True
48.000_-71.000,2018-10,1.77,503.2,31,True
48.000_-71.000,2018-11,-5.08,692.4,30,True
48.000_-71.000,2018-12,-10.11,871.5,31,True
48.000_-71.000,2019-01,-15.12,1026.7,31,True
48.000_-71.000,2019-02,-13.9,893.2,28,True
48.000_-71.000,2019-03,-7.32,785.0,31,True
48.000_-71.000,2019-04,-0.39,551.6,30,True
48.000_-71.000,2019-05,6.23,364.9,31,True
48.000_-71.000,2019-06,13.17,150.0,30,True
48.000_-71.000,2019-07,18.54,25.2,31,True
48.000_-71.000,2019-08,16.24,62.4,31,True
48.000_-71.000,2019-09,10.73,219.4,30,True
48.000_-71.000,2019-10,5.66,382.4,31,True
48.000_-71.000,2019-11,-5.06,691.9,30,True
48.000_-71.000,2019-12,-9.03,837.9,31,True
48.000_-71.000,2020-01,-10.68,889.0,31,True
48.000_-71.000,2020-02,-10.54,827.7,29,True
48.000_-71.000,2020-03,-5.54,729.6,31,True
48.000_-71.000,2020-04,-1.21,576.3,30,True
48.000_-71.000,2020-05,6.55,366.5,31,True
48.000_-71.000,2020-06,15.67,116.1,30,True
48.000_-71.000,2020-07,19.06,16.9,31,True
48.000_-71.000,2020-08,16.15,81.3,31,True
48.000_-71.000,2020-09,11.25,204.4,30,True
48.000_-71.000,2020-10,3.6,446.5,31,True
48.000_-71.000,2020-11,0.43,527.1,30,True
48.000_-71.000,2020-12,-6.3,753.2,31,True
48.000_-71.000,2021-01,-10.14,872.2,31,True
48.000_-71.000,2021-02,-11.06,813.6,28,True
48.000_-71.000,2021-03,-4.58,700.0,31,True
48.000_-71.000,2021-04,3.01,449.6,30,True
48.000_-71.000,2021-05,8.71,292.3,31,True
48.000_-71.000,2021-06,15.81,84.5,30,True
48.000_-71.000,2021-07,15.98,77.0,31,True
48.000_-71.000,2021-08,19.35,31.1,31,True
48.000_-71.000,2021-09,12.73,158.0,30,True
48.000_-71.000,2021-10,8.54,293.2,31,True
48.000_-71.000,2021-11,-0.99,569.8,30,True
48.000_-71.000,2021-12,-9.57,854.8,31,True
48.000_-71.000,2022-01,-17.51,1100.8,31,True
48.000_-71.000,2022-02,-13.38,878.5,28,True
48.000_-71.000,2022-03,-6.52,760.2,31,True
48.000_-71.000,2022-04,0.77,517.0,30,True
48.000_-71.000,2022-05,9.99,250.7,31,True
48.000_-71.000,2022-06,14.52,112.2,30,True
48.000_-71.000,2022-07,17.22,48.4,31,True
48.000_-71.000,2022-08,17.11,48.0,31,True
48.000_-71.000,2022-09,12.07,186.1,30,True
48.000_-71.000,2022-10,8.43,296.8,31,True
48.000_-71.000,2022-11,-0.33,549.9,30,True
48.000_-71.000,2022-12,-6.64,763.8,31,True
48.000_-71.500,2016-01,-12.58,948.1,31,True
48.000_-71.500,2016-02,-13.14,903.2,29,True
48.000_-71.500,2016-03,-8.03,806.8,31,True
48.000_-71.500,2016-04,-3.84,655.3,30,True
48.000_-71.500,2016-05,7.75,317.9,31,True
48.000_-71.500,2016-06,13.27,151.5,30,True
48.000_-71.500,2016-07,15.37,87.7,31,True
48.000_-71.500,2016-08,16.34,61.6,31,True
48.000_-71.500,2016-09,12.14,177.0,30,True
48.000_-71.500,2016-10,5.0,402.9,31,True
48.000_-71.500,2016-11,-0.14,544.2,30,True
48.000_-71.500,2016-12,-11.2,905.1,31,True
48.000_-71.500,2017-01,-11.54,915.6,31,True
48.000_-71.500,2017-02,-11.73,832.4,28,True
48.000_-71.500,2017-03,-11.0,899.0,31,True
48.000_-71.500,2017-04,1.15,505.6,30,True
48.000_-71.500,2017-05,7.66,320.5,31,True
48.000_-71.500,2017-06,12.82,159.3,30,True
48.000_-71.500,2017-07,14.74,101.7,31,True
48.000_-71.500,2017-08,13.36,144.9,31,True
48.000_-71.500,2017-09,12.79,158.7,30,True
48.000_-71.500,2017-10,7.81,316.0,31,True
48.000_-71.500,2017-11,-4.62,678.5,30,True
48.000_-71.500,2017-12,-15.18,1028.5,31,True
48.000_-71.500,2018-01,-16.06,1055.8,31,True
48.000_-71.500,2018-02,-10.57,799.9,28,True
48.000_-71.500,2018-03,-6.38,755.7,31,True
48.000_-71.500,2018-04,-3.3,638.9,30,True
48.000_-71.500,2018-05,6.81,349.3,31,True
48.000_-71.500,2018-06,12.04,178.8,30,True
48.000_-71.500,2018-07,18.11,39.7,31,True
48.000_-71.500,2018-08,16.83,51.6,31,True
48.000_-71.500,2018-09,11.12,207.7,30,True
48.000_-71.500,2018-10,0.73,535.4,31,True
48.000_-71.500,2018-11,-6.28,728.4,30,True
48.000_-71.500,2018-12,-11.41,911.8,31,True
48.000_-71.500,2019-01,-16.43,1067.3,31,True
48.000_-71.500,2019-02,-14.94,922.4,28,True
48.000_-71.500,2019-03,-8.82,831.5,31,True
48.000_-71.500,2019-04,-1.46,583.7,30,True
48.000_-71.500,2019-05,5.04,401.8,31,True
48.000_-71.500,2019-06,11.69,191.3,30,True
48.000_-71.500,2019-07,16.95,50.5,31,True
48.000_-71.500,2019-08,14.7,102.6,31,True
48.000_-71.500,2019-09,9.36,259.2,30,True
48.000_-71.500,2019-10,4.55,417.1,31,True
48.000_-71.500,2019-11,-6.52,735.6,30,True
48.000_-71.500,2019-12,-10.33,878.2,31,True
48.000_-71.500,2020-01,-11.9,926.8,31,True
48.000_-71.500,2020-02,-12.12,873.4,29,True
48.000_-71.500,2020-03,-6.64,763.9,31,True
48.000_-71.500,2020-04,-2.34,610.2,30,True
48.000_-71.500,2020-05,5.06,407.5,31,True
48.000_-71.500,2020-06,14.06,146.4,30,True
48.000_-71.500,2020-07,17.69,34.3,31,True
48.000_-71.500,2020-08,14.58,112.8,31,True
48.000_-71.500,2020-09,9.61,251.8,30,True
48.000_-71.500,2020-10,2.06,494.2,31,True
48.000_-71.500,2020-11,-1.0,569.9,30,True
48.000_-71.500,2020-12,-7.55,792.1,31,True
48.000_-71.500,2021-01,-11.77,922.8,31,True
48.000_-71.500,2021-02,-12.27,847.6,28,True
48.000_-71.500,2021-03,-6.11,747.4,31,True
48.000_-71.500,2021-04,2.36,469.2,30,True
48.000_-71.500,2021-05,7.43,327.7,31,True
48.000_-71.500,2021-06,14.35,118.5,30,True
48.000_-71.500,2021-07,14.63,106.7,31,True
48.000_-71.500,2021-08,17.55,50.8,31,True
48.000_-71.500,2021-09,11.3,201.1,30,True
48.000_-71.500,2021-10,7.48,326.1,31,True
48.000_-71.500,2021-11,-2.46,613.8,30,True
48.000_-71.500,2021-12,-10.77,892.0,31,True
48.000_-71.500,2022-01,-19.25,1154.6,31,True
48.000_-71.500,2022-02,-14.87,920.3,28,True
48.000_-71.500,2022-03,-7.56,792.4,31,True
48.000_-71.500,2022-04,-0.42,552.7,30,True
48.000_-71.500,2022-05,8.54,293.9,31,True
48.000_-71.500,2022-06,13.0,152.3,30,True
48.000_-71.500,2022-07,15.42,86.3,31,True
48.000_-71.500,2022-08,15.5,82.6,31,True
48.000_-71.500,2022-09,10.56,223.3,30,True
48.000_-71.500,2022-10,6.53,355.5,31,True
48.000_-71.500,2022-11,-1.74,592.2,30,True
48.000_-71.500,2022-12,-7.83,800.8,31,True
48.000_-72.000,2016-01,-12.25,937.7,31,True
48.000_-72.000,2016-02,-13.2,904.7,29,True
48.000_-72.000,2016-03,-7.73,797.5,31,True
48.000_-72.000,2016-04,-3.46,643.7,30,True
48.000_-72.000,2016-05,8.22,303.1,31,True
48.000_-72.000,2016-06,13.69,139.4,30,True
48.000_-72.000,2016-07,15.91,71.9,31,True
48.000_-72.000,2016-08,16.84,48.5,31,True
48.000_-72.000,2016-09,12.66,161.7,30,True
48.000_-72.000,2016-10,5.47,388.5,31,True
48.000_-72.000,2016-11,0.52,524.3,30,True
48.000_-72.000,2016-12,-10.71,890.1,31,True
48.000_-72.000,2017-01,-11.21,905.4,31,True
48.000_-72.000,2017-02,-10.91,809.6,28,True
48.000_-72.000,2017-03,-9.81,862.0,31,True
48.000_-72.000,2017-04,2.41,467.6,30,True
48.000_-72.000,2017-05,9.04,277.8,31,True
48.000_-72.000,2017-06,14.25,120.3,30,True
48.000_-72.000,2017-07,16.24,60.9,31,True
48.000_-72.000,2017-08,14.88,99.4,31,True
48.000_-72.000,2017-09,14.14,124.3,30,True
48.000_-72.000,2017-10,8.97,279.9,31,True
48.000_-72.000,2017-11,-3.59,647.6,30,True
48.000_-72.000,2017-12,-14.73,1014.6,31,True
48.000_-72.000,2018-01,-15.97,1053.0,31,True
48.000_-72.000,2018-02,-10.11,787.2,28,True
48.000_-72.000,2018-03,-4.99,712.7,31,True
48.000_-72.000,2018-04,-2.24,607.2,30,True
48.000_-72.000,2018-05,8.76,289.6,31,True
48.000_-72.000,2018-06,13.69,134.9,30,True
48.000_-72.000,2018-07,19.52,20.0,31,True
48.000_-72.000,2018-08,18.11,32.6,31,True
48.000_-72.000,2018-09,12.48,172.1,30,True
48.000_-72.000,2018-10,2.11,492.5,31,True
48.000_-72.000,2018-11,-5.0,690.1,30,True
48.000_-72.000,2018-12,-11.0,899.0,31,True
48.000_-72.000,2019-01,-15.94,1052.2,31,True
48.000_-72.000,2019-02,-14.22,902.1,28,True
48.000_-72.000,2019-03,-7.88,802.4,31,True
48.000_-72.000,2019-04,-0.13,544.0,30,True
48.000_-72.000,2019-05,6.95,342.5,31,True
48.000_-72.000,2019-06,13.22,146.0,30,True
48.000_-72.000,2019-07,18.54,21.1,31,True
48.000_-72.000,2019-08,16.17,60.9,31,True
48.000_-72.000,2019-09,10.71,218.7,30,True
48.000_-72.000,2019-10,5.67,382.2,31,True
48.000_-72.000,2019-11,-5.42,702.5,30,True
48.000_-72.000,2019-12,-9.95,866.5,31,True
48.000_-72.000,2020-01,-11.74,922.0,31,True
48.000_-72.000,2020-02,-11.25,848.3,29,True
48.000_-72.000,2020-03,-5.52,729.2,31,True
48.000_-72.000,2020-04,-1.18,575.5,30,True
48.000_-72.000,2020-05,7.44,337.3,31,True
48.000_-72.000,2020-06,15.69,111.8,30,True
48.000_-72.000,2020-07,19.27,10.1,31,True
48.000_-72.000,2020-08,16.07,76.2,31,True
48.000_-72.000,2020-09,10.8,216.4,30,True
48.000_-72.000,2020-10,3.43,451.6,31,True
48.000_-72.000,2020-11,-0.02,540.6,30,True
48.000_-72.000,2020-12,-7.4,787.5,31,True
48.000_-72.000,2021-01,-11.19,904.8,31,True
48.000_-72.000,2021-02,-11.85,835.9,28,True
48.000_-72.000,2021-03,-4.46,696.4,31,True
48.000_-72.000,2021-04,4.03,419.0,30,True
48.000_-72.000,2021-05,9.25,274.5,31,True
48.000_-72.000,2021-06,15.94,78.6,30,True
48.000_-72.000,2021-07,16.26,65.5,31,True
48.000_-72.000,2021-08,18.96,31.0,31,True
48.000_-72.000,2021-09,12.65,160.5,30,True
48.000_-72.000,2021-10,8.36,298.9,31,True
48.000_-72.000,2021-11,-1.36,580.8,30,True
48.000_-72.000,2021-12,-10.3,877.3,31,True
48.000_-72.000,2022-01,-19.34,1157.6,31,True
48.000_-72.000,2022-02,-14.49,909.8,28,True
48.000_-72.000,2022-03,-6.42,757.0,31,True
48.000_-72.000,2022-04,0.76,517.1,30,True
48.000_-72.000,2022-05,10.83,227.2,31,True
48.000_-72.000,2022-06,14.27,116.0,30,True
48.000_-72.000,2022-07,16.92,50.3,31,True
48.000_-72.000,2022-08,16.95,46.4,31,True
48.000_-72.000,2022-09,12.08,180.3,30,True
48.000_-72.000,2022-10,7.44,327.5,31,True
48.000_-72.000,2022-11,-0.74,562.3,30,True
48.000_-72.000,2022-12,-6.35,754.9,31,True
48.000_-74.000,2016-01,-11.78,923.1,31,True
48.000_-74.000,2016-02,-14.11,931.3,29,True
48.000_-74.000,2016-03,-7.18,780.6,31,True
48.000_-74.000,2016-04,-3.98,659.4,30,True
48.000_-74.000,2016-05,8.32,300.7,31,True
48.000_-74.000,2016-06,14.06,135.1,30,True
48.000_-74.000,2016-07,16.74,50.8,31,True
48.000_-74.000,2016-08,17.52,35.1,31,True
48.000_-74.000,2016-09,13.32,143.3,30,True
48.000_-74.000,2016-10,5.59,384.6,31,True
48.000_-74.000,2016-11,-0.11,543.4,30,True
48.000_-74.000,2016-12,-11.1,902.2,31,True
48.000_-74.000,2017-01,-10.99,898.6,31,True
48.000_-74.000,2017-02,-10.78,805.9,28,True
48.000_-74.000,2017-03,-10.13,872.0,31,True
48.000_-74.000,2017-04,1.7,489.1,30,True
48.000_-74.000,2017-05,8.52,294.0,31,True
48.000_-74.000,2017-06,14.1,122.5,30,True
48.000_-74.000,2017-07,16.25,59.7,31,True
48.000_-74.000,2017-08,14.55,108.1,31,True
48.000_-74.000,2017-09,14.29,125.5,30,True
48.000_-74.000,2017-10,8.68,288.8,31,True
48.000_-74.000,2017-11,-4.33,669.8,30,True
48.000_-74.000,2017-12,-14.98,1022.5,31,True
48.000_-74.000,2018-01,-15.31,1032.5,31,True
48.000_-74.000,2018-02,-10.68,802.9,28,True
48.000_-74.000,2018-03,-5.33,723.3,31,True
48.000_-74.000,2018-04,-2.29,608.6,30,True
48.000_-74.000,2018-05,8.93,283.8,31,True
48.000_-74.000,2018-06,14.31,120.9,30,True
48.000_-74.000,2018-07,19.55,16.6,31,True
48.000_-74.000,2018-08,17.85,34.2,31,True
48.000_-74.000,2018-09,12.5,173.8,30,True
48.000_-74.000,2018-10,1.77,503.2,31,True
48.000_-74.000,2018-11,-5.74,712.3,30,True
48.000_-74.000,2018-12,-11.37,910.6,31,True
48.000_-74.000,2019-01,-17.14,1089.2,31,True
48.000_-74.000,2019-02,-14.18,901.1,28,True
48.000_-74.000,2019-03,-7.85,801.3,31,True
48.000_-74.000,2019-04,-0.44,553.1,30,True
48.000_-74.000,2019-05,6.15,367.5,31,True
48.000_-74.000,2019-06,13.39,143.0,30,True
48.000_-74.000,2019-07,19.0,18.8,31,True
48.000_-74.000,2019-08,16.31,60.0,31,True
48.000_-74.000,2019-09,11.08,208.0,30,True
48.000_-74.000,2019-10,5.01,402.7,31,True
48.000_-74.000,2019-11,-6.04,721.3,30,True
48.000_-74.000,2019-12,-10.12,871.6,31,True
48.000_-74.000,2020-01,-11.39,911.1,31,True
48.000_-74.000,2020-02,-10.88,837.6,29,True
48.000_-74.000,2020-03,-5.84,739.0,31,True
48.000_-74.000,2020-04,-1.07,572.1,30,True
48.000_-74.000,2020-05,6.78,356.3,31,True
48.000_-74.000,2020-06,15.87,107.0,30,True
48.000_-74.000,2020-07,19.63,6.6,31,True
48.000_-74.000,2020-08,15.98,77.8,31,True
48.000_-74.000,2020-09,10.44,226.9,30,True
48.000_-74.000,2020-10,2.93,467.3,31,True
48.000_-74.000,2020-11,-0.32,549.5,30,True
48.000_-74.000,2020-12,-8.13,810.1,31,True
48.000_-74.000,2021-01,-11.12,902.6,31,True
48.000_-74.000,2021-02,-12.02,840.6,28,True
48.000_-74.000,2021-03,-4.77,705.8,31,True
48.000_-74.000,2021-04,4.61,401.8,30,True
48.000_-74.000,2021-05,9.61,266.0,31,True
48.000_-74.000,2021-06,16.48,63.0,30,True
48.000_-74.000,2021-07,16.52,56.9,31,True
48.000_-74.000,2021-08,18.99,30.3,31,True
48.000_-74.000,2021-09,12.55,163.6,30,True
48.000_-74.000,2021-10,8.11,306.7,31,True
48.000_-74.000,2021-11,-2.23,607.0,30,True
48.000_-74.000,2021-12,-10.81,893.0,31,True
48.000_-74.000,2022-01,-19.8,1171.7,31,True
48.000_-74.000,2022-02,-14.88,920.6,28,True
48.000_-74.000,2022-03,-6.59,762.4,31,True
48.000_-74.000,2022-04,0.37,528.9,30,True
48.000_-74.000,2022-05,10.44,239.5,31,True
48.000_-74.000,2022-06,14.4,112.6,30,True
48.000_-74.000,2022-07,17.02,49.2,31,True
48.000_-74.000,2022-08,16.92,48.7,31,True
48.000_-74.000,2022-09,12.04,181.8,30,True
48.000_-74.000,2022-10,6.84,346.0,31,True
48.000_-74.000,2022-11,-0.89,566.8,30,True
48.000_-74.000,2022-12,-7.27,783.4,31,True
48.000_-77.500,2016-01,-11.32,909.0,31,True
48.000_-77.500,2016-02,-13.77,921.4,29,True
48.000_-77.500,2016-03,-5.8,737.9,31,True
48.000_-77.500,2016-04,-3.06,631.8,30,True
48.000_-77.500,2016-05,9.6,262.0,31,True
48.000_-77.500,2016-06,14.56,123.9,30,True
48.000_-77.500,2016-07,18.12,27.5,31,True
48.000_-77.500,2016-08,18.8,16.1,31,True
48.000_-77.500,2016-09,14.37,114.7,30,True
48.000_-77.500,2016-10,6.72,349.6,31,True
48.000_-77.500,2016-11,1.51,494.8,30,True
48.000_-77.500,2016-12,-9.17,842.4,31,True
48.000_-77.500,2017-01,-9.64,856.7,31,True
48.000_-77.500,2017-02,-9.36,766.1,28,True
48.000_-77.500,2017-03,-9.48,851.8,31,True
48.000_-77.500,2017-04,2.25,472.5,30,True
48.000_-77.500,2017-05,8.18,304.3,31,True
48.000_-77.500,2017-06,14.92,98.3,30,True
48.000_-77.500,2017-07,17.52,33.7,31,True
48.000_-77.500,2017-08,15.01,97.4,31,True
48.000_-77.500,2017-09,14.88,114.4,30,True
48.000_-77.500,2017-10,9.54,262.2,31,True
48.000_-77.500,2017-11,-3.79,653.8,30,True
48.000_-77.500,2017-12,-14.45,1005.9,31,True
48.000_-77.500,2018-01,-14.85,1018.5,31,True
48.000_-77.500,2018-02,-10.83,807.3,28,True
48.000_-77.500,2018-03,-6.49,759.2,31,True
48.000_-77.500,2018-04,-2.65,619.6,30,True
48.000_-77.500,2018-05,10.18,248.3,31,True
48.000_-77.500,2018-06,15.6,92.3,30,True
48.000_-77.500,2018-07,20.48,8.4,31,True
48.000_-77.500,2018-08,18.29,29.2,31,True
48.000_-77.500,2018-09,13.21,157.5,30,True
48.000_-77.500,2018-10,2.52,480.0,31,True
48.000_-77.500,2018-11,-5.1,693.0,30,True
48.000_-77.500,2018-12,-10.0,868.0,31,True
48.000_-77.500,2019-01,-17.69,1106.4,31,True
48.000_-77.500,2019-02,-13.82,890.9,28,True
48.000_-77.500,2019-03,-7.49,790.3,31,True
48.000_-77.500,2019-04,0.13,536.0,30,True
48.000_-77.500,2019-05,7.0,341.1,31,True
48.000_-77.500,2019-06,14.3,116.1,30,True
48.000_-77.500,2019-07,19.53,13.5,31,True
48.000_-77.500,2019-08,16.94,48.7,31,True
48.000_-77.500,2019-09,12.33,171.5,30,True
48.000_-77.500,2019-10,6.58,353.9,31,True
48.000_-77.500,2019-11,-5.43,702.9,30,True
48.000_-77.500,2019-12,-9.44,850.6,31,True
48.000_-77.500,2020-01,-10.54,884.6,31,True
48.000_-77.500,2020-02,-10.39,823.3,29,True
48.000_-77.500,2020-03,-4.6,700.6,31,True
48.000_-77.500,2020-04,-0.32,549.7,30,True
48.000_-77.500,2020-05,7.54,335.5,31,True
48.000_-77.500,2020-06,16.04,100.4,30,True
48.000_-77.500,2020-07,20.48,3.7,31,True
48.000_-77.500,2020-08,16.57,68.3,31,True
48.000_-77.500,2020-09,11.61,191.6,30,True
48.000_-77.500,2020-10,3.33,454.9,31,True
48.000_-77.500,2020-11,0.75,517.4,30,True
48.000_-77.500,2020-12,-8.57,823.6,31,True
48.000_-77.500,2021-01,-10.69,889.4,31,True
48.000_-77.500,2021-02,-12.41,851.5,28,True
48.000_-77.500,2021-03,-4.35,692.9,31,True
48.000_-77.500,2021-04,5.37,379.0,30,True
48.000_-77.500,2021-05,10.16,253.1,31,True
48.000_-77.500,2021-06,17.05,52.5,30,True
48.000_-77.500,2021-07,17.27,44.5,31,True
48.000_-77.500,2021-08,19.63,24.3,31,True
48.000_-77.500,2021-09,12.9,153.5,30,True
48.000_-77.500,2021-10,9.26,271.0,31,True
48.000_-77.500,2021-11,-1.17,575.0,30,True
48.000_-77.500,2021-12,-9.11,840.5,31,True
48.000_-77.500,2022-01,-19.68,1168.2,31,True
48.000_-77.500,2022-02,-14.4,907.2,28,True
48.000_-77.500,2022-03,-5.78,737.1,31,True
48.000_-77.500,2022-04,1.11,506.6,30,True
48.000_-77.500,2022-05,12.45,182.6,31,True
48.000_-77.500,2022-06,15.62,87.7,30,True
48.000_-77.500,2022-07,17.74,37.2,31,True
48.000_-77.500,2022-08,17.44,38.9,31,True
48.000_-77.500,2022-09,12.47,170.0,30,True
48.000_-77.500,2022-10,7.26,333.0,31,True
48.000_-77.500,2022-11,-0.13,544.0,30,True
48.000_-77.500,2022-12,-6.86,770.6,31,True
48.000_-78.000,2016-01,-10.87,894.9,31,True
48.000_-78.000,2016-02,-13.39,910.4,29,True
48.000_-78.000,2016-03,-5.51,728.9,31,True
48.000_-78.000,2016-04,-2.87,626.2,30,True
48.000_-78.000,2016-05,9.61,262.1,31,True
48.000_-78.000,2016-06,14.82,117.7,30,True
48.000_-78.000,2016-07,18.52,23.4,31,True
48.000_-78.000,2016-08,19.29,10.3,31,True
48.000_-78.000,2016-09,14.79,104.1,30,True
48.000_-78.000,2016-10,7.12,337.4,31,True
48.000_-78.000,2016-11,2.06,478.2,30,True
48.000_-78.000,2016-12,-8.48,821.0,31,True
48.000_-78.000,2017-01,-9.27,845.5,31,True
48.000_-78.000,2017-02,-9.24,762.8,28,True
48.000_-78.000,2017-03,-9.12,840.7,31,True
48.000_-78.000,2017-04,2.26,472.1,30,True
48.000_-78.000,2017-05,8.09,307.1,31,True
48.000_-78.000,2017-06,14.96,97.5,30,True
48.000_-78.000,2017-07,17.65,30.6,31,True
48.000_-78.000,2017-08,15.25,90.2,31,True
48.000_-78.000,2017-09,14.98,112.1,30,True
48.000_-78.000,2017-10,9.74,256.1,31,True
48.000_-78.000,2017-11,-3.29,638.6,30,True
48.000_-78.000,2017-12,-13.83,986.6,31,True
48.000_-78.000,2018-01,-14.41,1004.6,31,True
48.000_-78.000,2018-02,-10.76,805.3,28,True
48.000_-78.000,2018-03,-6.66,764.4,31,True
48.000_-78.000,2018-04,-2.78,623.5,30,True
48.000_-78.000,2018-05,9.9,255.7,31,True
48.000_-78.000,2018-06,15.53,92.5,30,True
48.000_-78.000,2018-07,20.45,8.1,31,True
48.000_-78.000,2018-08,18.45,26.8,31,True
48.000_-78.000,2018-09,13.44,150.8,30,True
48.000_-78.000,2018-10,2.8,471.3,31,True
48.000_-78.000,2018-11,-4.52,675.6,30,True
48.000_-78.000,2018-12,-9.34,847.4,31,True
48.000_-78.000,2019-01,-17.47,1099.7,31,True
48.000_-78.000,2019-02,-13.77,889.5,28,True
48.000_-78.000,2019-03,-7.42,788.0,31,True
48.000_-78.000,2019-04,-0.03,541.0,30,True
48.000_-78.000,2019-05,6.97,341.9,31,True
48.000_-78.000,2019-06,14.33,116.3,30,True
48.000_-78.000,2019-07,19.61,10.7,31,True
48.000_-78.000,2019-08,17.03,46.9,31,True
48.000_-78.000,2019-09,12.53,165.7,30,True
48.000_-78.000,2019-10,6.7,350.2,31,True
48.000_-78.000,2019-11,-4.76,682.8,30,True
48.000_-78.000,2019-12,-9.11,840.5,31,True
48.000_-78.000,2020-01,-10.19,874.0,31,True
48.000_-78.000,2020-02,-10.35,822.2,29,True
48.000_-78.000,2020-03,-4.33,692.1,31,True
48.000_-78.000,2020-04,-0.41,552.2,30,True
48.000_-78.000,2020-05,7.62,333.2,31,True
48.000_-78.000,2020-06,16.01,98.5,30,True
48.000_-78.000,2020-07,20.49,3.3,31,True
48.000_-78.000,2020-08,16.76,65.2,31,True
48.000_-78.000,2020-09,11.82,185.4,30,True
48.000_-78.000,2020-10,3.62,445.8,31,True
48.000_-78.000,2020-11,0.93,512.1,30,True
48.000_-78.000,2020-12,-8.08,808.4,31,True
48.000_-78.000,2021-01,-10.3,877.2,31,True
48.000_-78.000,2021-02,-12.31,848.6,28,True
48.000_-78.000,2021-03,-4.29,691.1,31,True
48.000_-78.000,2021-04,5.27,382.0,30,True
48.000_-78.000,2021-05,10.21,252.1,31,True
48.000_-78.000,2021-06,17.09,50.5,30,True
48.000_-78.000,2021-07,17.48,41.3,31,True
48.000_-78.000,2021-08,19.61,22.6,31,True
48.000_-78.000,2021-09,13.02,149.5,30,True
48.000_-78.000,2021-10,9.65,259.2,31,True
48.000_-78.000,2021-11,-0.77,563.0,30,True
48.000_-78.000,2021-12,-8.62,825.3,31,True
48.000_-78.000,2022-01,-19.05,1148.5,31,True
48.000_-78.000,2022-02,-14.16,900.6,28,True
48.000_-78.000,2022-03,-5.75,736.4,31,True
48.000_-78.000,2022-04,1.17,504.9,30,True
48.000_-78.000,2022-05,12.33,183.7,31,True
48.000_-78.000,2022-06,15.68,85.9,30,True
48.000_-78.000,2022-07,17.81,35.2,31,True
48.000_-78.000,2022-08,17.62,35.0,31,True
48.000_-78.000,2022-09,12.76,162.7,30,True
48.000_-78.000,2022-10,7.4,328.5,31,True
48.000_-78.000,2022-11,0.2,534.0,30,True
48.000_-78.000,2022-12,-6.75,767.3,31,True
48.000_-79.000,2016-01,-11.46,913.2,31,True
48.000_-79.000,2016-02,-13.58,915.8,29,True
48.000_-79.000,2016-03,-5.43,726.3,31,True
48.000_-79.000,2016-04,-2.72,621.5,30,True
48.000_-79.000,2016-05,9.94,251.6,31,True
48.000_-79.000,2016-06,14.63,120.5,30,True
48.000_-79.000,2016-07,18.28,26.9,31,True
48.000_-79.000,2016-08,19.16,13.0,31,True
48.000_-79.000,2016-09,14.61,107.7,30,True
48.000_-79.000,2016-10,7.02,340.3,31,True
48.000_-79.000,2016-11,2.14,475.8,30,True
48.000_-79.000,2016-12,-8.52,822.0,31,True
48.000_-79.000,2017-01,-9.17,842.3,31,True
48.000_-79.000,2017-02,-9.04,757.1,28,True
48.000_-79.000,2017-03,-8.89,833.6,31,True
48.000_-79.000,2017-04,2.49,465.3,30,True
48.000_-79.000,2017-05,8.1,306.9,31,True
48.000_-79.000,2017-06,14.81,100.9,30,True
48.000_-79.000,2017-07,17.61,32.5,31,True
48.000_-79.000,2017-08,15.51,83.1,31,True
48.000_-79.000,2017-09,15.12,108.3,30,True
48.000_-79.000,2017-10,9.76,255.3,31,True
48.000_-79.000,2017-11,-2.96,628.8,30,True
48.000_-79.000,2017-12,-13.85,987.3,31,True
48.000_-79.000,2018-01,-14.15,996.7,31,True
48.000_-79.000,2018-02,-10.79,806.0,28,True
48.000_-79.000,2018-03,-6.76,767.5,31,True
48.000_-79.000,2018-04,-2.76,622.9,30,True
48.000_-79.000,2018-05,10.5,238.3,31,True
48.000_-79.000,2018-06,15.43,96.3,30,True
48.000_-79.000,2018-07,20.37,9.5,31,True
48.000_-79.000,2018-08,18.6,26.1,31,True
48.000_-79.000,2018-09,13.54,148.2,30,True
48.000_-79.000,2018-10,2.89,468.4,31,True
48.000_-79.000,2018-11,-4.24,667.2,30,True
48.000_-79.000,2018-12,-8.95,835.5,31,True
48.000_-79.000,2019-01,-17.41,1097.6,31,True
48.000_-79.000,2019-02,-13.83,891.2,28,True
48.000_-79.000,2019-03,-7.19,781.0,31,True
48.000_-79.000,2019-04,0.09,537.2,30,True
48.000_-79.000,2019-05,6.91,343.7,31,True
48.000_-79.000,2019-06,14.37,116.1,30,True
48.000_-79.000,2019-07,19.57,11.2,31,True
48.000_-79.000,2019-08,17.01,47.8,31,True
48.000_-79.000,2019-09,12.72,160.4,30,True
48.000_-79.000,2019-10,6.77,348.0,31,True
48.000_-79.000,2019-11,-4.79,683.7,30,True
48.000_-79.000,2019-12,-9.15,841.8,31,True
48.000_-79.000,2020-01,-10.01,868.4,31,True
48.000_-79.000,2020-02,-10.55,827.9,29,True
48.000_-79.000,2020-03,-4.12,685.6,31,True
48.000_-79.000,2020-04,-0.26,547.7,30,True
48.000_-79.000,2020-05,7.99,321.9,31,True
48.000_-79.000,2020-06,16.05,97.9,30,True
48.000_-79.000,2020-07,20.23,4.7,31,True
48.000_-79.000,2020-08,16.85,63.9,31,True
48.000_-79.000,2020-09,11.96,181.1,30,True
48.000_-79.000,2020-10,3.64,445.1,31,True
48.000_-79.000,2020-11,1.19,504.2,30,True
48.000_-79.000,2020-12,-7.79,799.6,31,True
48.000_-79.000,2021-01,-10.08,870.4,31,True
48.000_-79.000,2021-02,-12.42,851.7,28,True
48.000_-79.000,2021-03,-3.91,679.2,31,True
48.000_-79.000,2021-04,5.29,381.3,30,True
48.000_-79.000,2021-05,10.16,253.9,31,True
48.000_-79.000,2021-06,16.89,55.3,30,True
48.000_-79.000,2021-07,17.48,43.2,31,True
48.000_-79.000,2021-08,19.56,22.3,31,True
48.000_-79.000,2021-09,13.1,147.4,30,True
48.000_-79.000,2021-10,10.05,246.9,31,True
48.000_-79.000,2021-11,-0.5,555.1,30,True
48.000_-79.000,2021-12,-8.55,823.2,31,True
48.000_-79.000,2022-01,-19.08,1149.4,31,True
48.000_-79.000,2022-02,-14.38,906.5,28,True
48.000_-79.000,2022-03,-5.68,734.2,31,True
48.000_-79.000,2022-04,1.47,496.0,30,True
48.000_-79.000,2022-05,12.35,184.3,31,True
48.000_-79.000,2022-06,15.56,91.0,30,True
48.000_-79.000,2022-07,17.69,37.9,31,True
48.000_-79.000,2022-08,17.71,34.2,31,True
48.000_-79.000,2022-09,12.94,157.8,30,True
48.000_-79.000,2022-10,7.47,326.4,31,True
48.000_-79.000,2022-11,0.36,529.3,30,True
48.000_-79.000,2022-12,-6.71,766.1,31,True
48.000_-79.500,2016-01,-11.23,906.0,31,True
48.000_-79.500,2016-02,-13.17,904.0,29,True
48.000_-79.500,2016-03,-4.96,711.9,31,True
48.000_-79.500,2016-04,-2.28,608.4,30,True
48.000_-79.500,2016-05,10.24,242.7,31,True
48.000_-79.500,2016-06,15.01,112.1,30,True
48.000_-79.500,2016-07,18.54,24.5,31,True
48.000_-79.500,2016-08,19.4,11.4,31,True
48.000_-79.500,2016-09,14.82,102.0,30,True
48.000_-79.500,2016-10,7.26,332.9,31,True
48.000_-79.500,2016-11,2.44,466.8,30,True
48.000_-79.500,2016-12,-8.16,810.9,31,True
48.000_-79.500,2017-01,-9.2,843.3,31,True
48.000_-79.500,2017-02,-9.08,758.3,28,True
48.000_-79.500,2017-03,-8.67,826.9,31,True
48.000_-79.500,2017-04,2.72,458.3,30,True
48.000_-79.500,2017-05,8.19,304.2,31,True
48.000_-79.500,2017-06,14.74,103.5,30,True
48.000_-79.500,2017-07,17.65,32.6,31,True
48.000_-79.500,2017-08,15.59,80.3,31,True
48.000_-79.500,2017-09,15.15,106.6,30,True
48.000_-79.500,2017-10,9.55,261.9,31,True
48.000_-79.500,2017-11,-3.01,630.2,30,True
48.000_-79.500,2017-12,-13.86,987.6,31,True
48.000_-79.500,2018-01,-14.15,996.8,31,True
48.000_-79.500,2018-02,-11.05,813.3,28,True
48.000_-79.500,2018-03,-6.83,769.8,31,True
48.000_-79.500,2018-04,-2.76,622.8,30,True
48.000_-79.500,2018-05,10.69,231.2,31,True
48.000_-79.500,2018-06,15.47,95.7,30,True
48.000_-79.500,2018-07,20.37,9.4,31,True
48.000_-79.500,2018-08,18.56,24.9,31,True
48.000_-79.500,2018-09,13.5,146.8,30,True
48.000_-79.500,2018-10,2.77,472.2,31,True
48.000_-79.500,2018-11,-4.01,660.2,30,True
48.000_-79.500,2018-12,-8.84,831.9,31,True
48.000_-79.500,2019-01,-17.62,1104.3,31,True
48.000_-79.500,2019-02,-13.88,892.6,28,True
48.000_-79.500,2019-03,-7.11,778.4,31,True
48.000_-79.500,2019-04,0.21,533.8,30,True
48.000_-79.500,2019-05,6.98,341.6,31,True
48.000_-79.500,2019-06,14.31,117.9,30,True
48.000_-79.500,2019-07,19.52,10.4,31,True
48.000_-79.500,2019-08,17.0,45.9,31,True
48.000_-79.500,2019-09,12.87,156.5,30,True
48.000_-79.500,2019-10,6.62,352.9,31,True
48.000_-79.500,2019-11,-4.94,688.1,30,True
48.000_-79.500,2019-12,-9.28,845.7,31,True
48.000_-79.500,2020-01,-9.99,867.6,31,True
48.000_-79.500,2020-02,-10.63,830.2,29,True
48.000_-79.500,2020-03,-4.13,686.0,31,True
48.000_-79.500,2020-04,-0.13,544.0,30,True
48.000_-79.500,2020-05,8.22,315.4,31,True
48.000_-79.500,2020-06,16.2,94.3,30,True
48.000_-79.500,2020-07,20.35,5.2,31,True
48.000_-79.500,2020-08,17.05,61.7,31,True
48.000_-79.500,2020-09,11.91,182.6,30,True
48.000_-79.500,2020-10,3.6,446.4,31,True
48.000_-79.500,2020-11,1.0,510.0,30,True
48.000_-79.500,2020-12,-7.68,796.2,31,True
48.000_-79.500,2021-01,-9.98,867.3,31,True
48.000_-79.500,2021-02,-12.44,852.2,28,True
48.000_-79.500,2021-03,-3.77,674.8,31,True
48.000_-79.500,2021-04,5.21,383.8,30,True
48.000_-79.500,2021-05,10.08,255.0,31,True
48.000_-79.500,2021-06,16.63,60.9,30,True
48.000_-79.500,2021-07,17.5,42.9,31,True
48.000_-79.500,2021-08,19.51,21.7,31,True
48.000_-79.500,2021-09,13.03,149.1,30,True
48.000_-79.500,2021-10,10.2,242.6,31,True
48.000_-79.500,2021-11,-0.7,561.0,30,True
48.000_-79.500,2021-12,-8.68,827.1,31,True
48.000_-79.500,2022-01,-19.03,1148.0,31,True
48.000_-79.500,2022-02,-14.45,908.7,28,True
48.000_-79.500,2022-03,-5.83,738.6,31,True
48.000_-79.500,2022-04,1.52,494.4,30,True
48.000_-79.500,2022-05,12.47,182.9,31,True
48.000_-79.500,2022-06,15.66,89.4,30,True
48.000_-79.500,2022-07,17.76,36.1,31,True
48.000_-79.500,2022-08,17.72,32.8,31,True
48.000_-79.500,2022-09,13.04,154.8,30,True
48.000_-79.500,2022-10,7.35,330.0,31,True
48.000_-79.500,2022-11,0.33,530.0,30,True
48.000_-79.500,2022-12,-6.81,769.2,31,True
48.500_-64.500,2016-01,-9.14,841.3,31,True
48.500_-64.500,2016-02,-8.67,773.5,29,True
48.500_-64.500,2016-03,-7.51,790.8,31,True
48.500_-64.500,2016-04,-0.8,564.1,30,True
48.500_-64.500,2016-05,7.35,330.1,31,True
48.500_-64.500,2016-06,12.24,179.2,30,True
48.500_-64.500,2016-07,16.18,67.1,31,True
48.500_-64.500,2016-08,17.18,37.9,31,True
48.500_-64.500,2016-09,12.56,165.7,30,True
48.500_-64.500,2016-10,7.64,321.3,31,True
48.500_-64.500,2016-11,2.25,472.5,30,True
48.500_-64.500,2016-12,-7.07,777.3,31,True
48.500_-64.500,2017-01,-9.66,857.4,31,True
48.500_-64.500,2017-02,-9.94,782.3,28,True
48.500_-64.500,2017-03,-7.23,782.2,31,True
48.500_-64.500,2017-04,0.27,531.9,30,True
48.500_-64.500,2017-05,6.79,347.5,31,True
48.500_-64.500,2017-06,13.96,125.9,30,True
48.500_-64.500,2017-07,16.96,44.8,31,True
48.500_-64.500,2017-08,16.06,67.2,31,True
48.500_-64.500,2017-09,12.71,158.6,30,True
48.500_-64.500,2017-10,8.56,292.7,31,True
48.500_-64.500,2017-11,-1.77,593.1,30,True
48.500_-64.500,2017-12,-9.29,846.1,31,True
48.500_-64.500,2018-01,-11.3,908.2,31,True
48.500_-64.500,2018-02,-9.54,771.0,28,True
48.500_-64.500,2018-03,-3.31,660.6,31,True
48.500_-64.500,2018-04,-0.66,559.8,30,True
48.500_-64.500,2018-05,5.68,381.9,31,True
48.500_-64.500,2018-06,11.48,196.4,30,True
48.500_-64.500,2018-07,19.54,23.6,31,True
48.500_-64.500,2018-08,18.4,30.2,31,True
48.500_-64.500,2018-09,11.68,194.2,30,True
48.500_-64.500,2018-10,2.76,472.4,31,True
48.500_-64.500,2018-11,-3.09,632.7,30,True
48.500_-64.500,2018-12,-8.68,827.1,31,True
48.500_-64.500,2019-01,-11.75,922.4,31,True
48.500_-64.500,2019-02,-12.69,859.4,28,True
48.500_-64.500,2019-03,-6.51,759.9,31,True
48.500_-64.500,2019-04,-0.45,553.4,30,True
48.500_-64.500,2019-05,4.83,408.2,31,True
48.500_-64.500,2019-06,11.92,182.3,30,True
48.500_-64.500,2019-07,17.85,40.4,31,True
48.500_-64.500,2019-08,16.91,41.9,31,True
48.500_-64.500,2019-09,10.8,215.9,30,True
48.500_-64.500,2019-10,6.07,369.9,31,True
48.500_-64.500,2019-11,-2.24,607.1,30,True
48.500_-64.500,2019-12,-6.85,770.5,31,True
48.500_-64.500,2020-01,-10.19,874.0,31,True
48.500_-64.500,2020-02,-9.78,805.6,29,True
48.500_-64.500,2020-03,-5.95,742.5,31,True
48.500_-64.500,2020-04,-0.62,558.6,30,True
48.500_-64.500,2020-05,7.8,329.4,31,True
48.500_-64.500,2020-06,14.88,124.6,30,True
48.500_-64.500,2020-07,17.16,47.5,31,True
48.500_-64.500,2020-08,16.63,73.5,31,True
48.500_-64.500,2020-09,11.84,185.3,30,True
48.500_-64.500,2020-10,4.96,404.3,31,True
48.500_-64.500,2020-11,0.23,533.1,30,True
48.500_-64.500,2020-12,-3.65,671.2,31,True
48.500_-64.500,2021-01,-7.19,780.8,31,True
48.500_-64.500,2021-02,-8.4,739.3,28,True
48.500_-64.500,2021-03,-4.31,691.5,31,True
48.500_-64.500,2021-04,2.91,452.8,30,True
48.500_-64.500,2021-05,7.12,338.9,31,True
48.500_-64.500,2021-06,15.15,98.9,30,True
48.500_-64.500,2021-07,15.89,76.2,31,True
48.500_-64.500,2021-08,18.82,28.3,31,True
48.500_-64.500,2021-09,12.79,156.4,30,True
48.500_-64.500,2021-10,8.3,300.6,31,True
48.500_-64.500,2021-11,0.89,513.4,30,True
48.500_-64.500,2021-12,-5.45,726.9,31,True
48.500_-64.500,2022-01,-13.87,988.0,31,True
48.500_-64.500,2022-02,-11.0,812.0,28,True
48.500_-64.500,2022-03,-5.61,731.8,31,True
48.500_-64.500,2022-04,1.13,506.2,30,True
48.500_-64.500,2022-05,7.6,322.3,31,True
48.500_-64.500,2022-06,13.4,140.5,30,True
48.500_-64.500,2022-07,17.74,35.8,31,True
48.500_-64.500,2022-08,18.05,26.9,31,True
48.500_-64.500,2022-09,12.22,173.5,30,True
48.500_-64.500,2022-10,8.94,281.0,31,True
48.500_-64.500,2022-11,-0.51,555.4,30,True
48.500_-64.500,2022-12,-4.78,706.3,31,True
48.500_-65.000,2016-01,-11.16,904.0,31,True
48.500_-65.000,2016-02,-10.56,828.2,29,True
48.500_-65.000,2016-03,-8.76,829.5,31,True
48.500_-65.000,2016-04,-1.75,592.4,30,True
48.500_-65.000,2016-05,7.09,338.3,31,True
48.500_-65.000,2016-06,12.39,179.9,30,True
48.500_-65.000,2016-07,15.46,84.9,31,True
48.500_-65.000,2016-08,16.04,67.4,31,True
48.500_-65.000,2016-09,11.24,204.7,30,True
48.500_-65.000,2016-10,6.0,372.0,31,True
48.500_-65.000,2016-11,0.79,516.2,30,True
48.500_-65.000,2016-12,-9.83,862.7,31,True
48.500_-65.000,2017-01,-10.59,886.4,31,True
48.500_-65.000,2017-02,-10.74,804.6,28,True
48.500_-65.000,2017-03,-8.31,815.5,31,True
48.500_-65.000,2017-04,-0.03,541.0,30,True
48.500_-65.000,2017-05,6.58,354.0,31,True
48.500_-65.000,2017-06,13.54,138.5,30,True
48.500_-65.000,2017-07,16.43,58.2,31,True
48.500_-65.000,2017-08,15.48,83.1,31,True
48.500_-65.000,2017-09,12.14,175.7,30,True
48.500_-65.000,2017-10,7.94,311.9,31,True
48.500_-65.000,2017-11,-2.89,626.7,30,True
48.500_-65.000,2017-12,-10.45,882.1,31,True
48.500_-65.000,2018-01,-12.09,932.8,31,True
48.500_-65.000,2018-02,-10.25,790.9,28,True
48.500_-65.000,2018-03,-4.15,686.6,31,True
48.500_-65.000,2018-04,-1.36,580.8,30,True
48.500_-65.000,2018-05,5.79,378.5,31,True
48.500_-65.000,2018-06,11.35,201.5,30,True
48.500_-65.000,2018-07,19.13,23.2,31,True
48.500_-65.000,2018-08,17.73,39.3,31,True
48.500_-65.000,2018-09,11.13,209.2,30,True
48.500_-65.000,2018-10,1.81,502.0,31,True
48.500_-65.000,2018-11,-4.18,665.5,30,True
48.500_-65.000,2018-12,-9.6,855.7,31,True
48.500_-65.000,2019-01,-12.83,955.7,31,True
48.500_-65.000,2019-02,-13.69,887.2,28,True
48.500_-65.000,2019-03,-7.06,776.9,31,True
48.500_-65.000,2019-04,-1.12,573.6,30,True
48.500_-65.000,2019-05,4.36,422.8,31,True
48.500_-65.000,2019-06,11.65,190.4,30,True
48.500_-65.000,2019-07,17.45,48.7,31,True
48.500_-65.000,2019-08,16.23,59.5,31,True
48.500_-65.000,2019-09,10.11,236.7,30,True
48.500_-65.000,2019-10,5.39,391.0,31,True
48.500_-65.000,2019-11,-3.37,641.0,30,True
48.500_-65.000,2019-12,-7.69,796.5,31,True
48.500_-65.000,2020-01,-10.81,893.1,31,True
48.500_-65.000,2020-02,-10.6,829.5,29,True
48.500_-65.000,2020-03,-6.8,768.8,31,True
48.500_-65.000,2020-04,-1.36,580.9,30,True
48.500_-65.000,2020-05,7.3,340.8,31,True
48.500_-65.000,2020-06,14.56,133.1,30,True
48.500_-65.000,2020-07,16.87,53.3,31,True
48.500_-65.000,2020-08,15.8,89.2,31,True
48.500_-65.000,2020-09,11.19,205.1,30,True
48.500_-65.000,2020-10,4.16,429.1,31,True
48.500_-65.000,2020-11,-0.86,565.7,30,True
48.500_-65.000,2020-12,-4.35,692.8,31,True
48.500_-65.000,2021-01,-8.0,805.9,31,True
48.500_-65.000,2021-02,-9.4,767.3,28,True
48.500_-65.000,2021-03,-5.04,714.1,31,True
48.500_-65.000,2021-04,2.24,472.8,30,True
48.500_-65.000,2021-05,6.58,354.9,31,True
48.500_-65.000,2021-06,14.77,107.5,30,True
48.500_-65.000,2021-07,15.53,85.0,31,True
48.500_-65.000,2021-08,18.25,37.6,31,True
48.500_-65.000,2021-09,11.98,180.5,30,True
48.500_-65.000,2021-10,7.72,318.7,31,True
48.500_-65.000,2021-11,-0.53,555.8,30,True
48.500_-65.000,2021-12,-6.69,765.4,31,True
48.500_-65.000,2022-01,-14.88,1019.2,31,True
48.500_-65.000,2022-02,-11.88,836.7,28,True
48.500_-65.000,2022-03,-6.4,756.4,31,True
48.500_-65.000,2022-04,0.49,525.3,30,True
48.500_-65.000,2022-05,7.7,319.3,31,True
48.500_-65.000,2022-06,12.77,158.7,30,True
48.500_-65.000,2022-07,16.83,52.3,31,True
48.500_-65.000,2022-08,17.47,38.2,31,True
48.500_-65.000,2022-09,11.77,186.8,30,True
48.500_-65.000,2022-10,8.3,300.6,31,True
48.500_-65.000,2022-11,-1.46,583.9,30,True
48.500_-65.000,2022-12,-5.7,734.6,31,True
48.500_-65.500,2016-01,-12.72,952.3,31,True
48.500_-65.500,2016-02,-12.23,876.7,29,True
48.500_-65.500,2016-03,-9.85,863.5,31,True
48.500_-65.500,2016-04,-2.97,629.0,30,True
48.500_-65.500,2016-05,6.73,349.5,31,True
48.500_-65.500,2016-06,12.33,181.3,30,True
48.500_-65.500,2016-07,15.04,95.6,31,True
48.500_-65.500,2016-08,15.38,82.8,31,True
48.500_-65.500,2016-09,10.45,227.6,30,True
48.500_-65.500,2016-10,4.83,408.3,31,True
48.500_-65.500,2016-11,-0.1,542.9,30,True
48.500_-65.500,2016-12,-11.6,917.6,31,True
48.500_-65.500,2017-01,-12.46,944.4,31,True
48.500_-65.500,2017-02,-12.22,846.2,28,True
48.500_-65.500,2017-03,-9.37,848.5,31,True
48.500_-65.500,2017-04,-0.65,559.5,30,True
48.500_-65.500,2017-05,6.5,356.5,31,True
48.500_-65.500,2017-06,12.64,162.7,30,True
48.500_-65.500,2017-07,15.24,88.4,31,True
48.500_-65.500,2017-08,14.21,118.1,31,True
48.500_-65.500,2017-09,11.05,208.4,30,True
48.500_-65.500,2017-10,6.48,357.2,31,True
48.500_-65.500,2017-11,-4.19,665.7,30,True
48.500_-65.500,2017-12,-12.45,943.9,31,True
48.500_-65.500,2018-01,-14.15,996.8,31,True
48.500_-65.500,2018-02,-11.82,835.1,28,True
48.500_-65.500,2018-03,-4.95,711.4,31,True
48.500_-65.500,2018-04,-2.33,609.9,30,True
48.500_-65.500,2018-05,5.41,390.4,31,True
48.500_-65.500,2018-06,10.73,218.2,30,True
48.500_-65.500,2018-07,18.17,30.3,31,True
48.500_-65.500,2018-08,16.65,53.7,31,True
48.500_-65.500,2018-09,9.76,247.3,30,True
48.500_-65.500,2018-10,0.65,537.9,31,True
48.500_-65.500,2018-11,-5.07,692.1,30,True
48.500_-65.500,2018-12,-11.78,923.3,31,True
48.500_-65.500,2019-01,-14.74,1014.8,31,True
48.500_-65.500,2019-02,-15.04,925.2,28,True
48.500_-65.500,2019-03,-8.28,814.6,31,True
48.500_-65.500,2019-04,-1.9,597.1,30,True
48.500_-65.500,2019-05,3.98,434.7,31,True
48.500_-65.500,2019-06,11.19,204.3,30,True
48.500_-65.500,2019-07,16.41,68.0,31,True
48.500_-65.500,2019-08,15.0,93.2,31,True
48.500_-65.500,2019-09,8.84,274.9,30,True
48.500_-65.500,2019-10,4.07,431.9,31,True
48.500_-65.500,2019-11,-4.64,679.2,30,True
48.500_-65.500,2019-12,-9.02,837.6,31,True
48.500_-65.500,2020-01,-12.05,931.5,31,True
48.500_-65.500,2020-02,-12.26,877.6,29,True
48.500_-65.500,2020-03,-7.95,804.6,31,True
48.500_-65.500,2020-04,-1.92,597.7,30,True
48.500_-65.500,2020-05,6.73,354.5,31,True
48.500_-65.500,2020-06,13.82,147.1,30,True
48.500_-65.500,2020-07,16.27,63.9,31,True
48.500_-65.500,2020-08,14.62,113.2,31,True
48.500_-65.500,2020-09,9.86,244.3,30,True
48.500_-65.500,2020-10,2.85,469.6,31,True
48.500_-65.500,2020-11,-2.29,608.7,30,True
48.500_-65.500,2020-12,-5.52,729.2,31,True
48.500_-65.500,2021-01,-9.96,866.8,31,True
48.500_-65.500,2021-02,-11.0,811.9,28,True
48.500_-65.500,2021-03,-6.64,763.7,31,True
48.500_-65.500,2021-04,1.79,486.4,30,True
48.500_-65.500,2021-05,6.02,371.4,31,True
48.500_-65.500,2021-06,14.1,123.2,30,True
48.500_-65.500,2021-07,14.63,107.1,31,True
48.500_-65.500,2021-08,17.11,56.0,31,True
48.500_-65.500,2021-09,10.89,213.4,30,True
48.500_-65.500,2021-10,6.6,353.5,31,True
48.500_-65.500,2021-11,-1.79,593.8,30,True
48.500_-65.500,2021-12,-7.91,803.1,31,True
48.500_-65.500,2022-01,-17.18,1090.7,31,True
48.500_-65.500,2022-02,-13.24,874.8,28,True
48.500_-65.500,2022-03,-7.47,789.6,31,True
48.500_-65.500,2022-04,-0.19,545.7,30,True
48.500_-65.500,2022-05,7.01,340.6,31,True
48.500_-65.500,2022-06,12.07,178.0,30,True
48.500_-65.500,2022-07,15.72,77.6,31,True
48.500_-65.500,2022-08,16.17,64.6,31,True
48.500_-65.500,2022-09,10.7,218.9,30,True
48.500_-65.500,2022-10,6.66,351.4,31,True
48.500_-65.500,2022-11,-2.91,627.2,30,True
48.500_-65.500,2022-12,-6.55,761.1,31,True
48.500_-66.000,2016-01,-10.41,880.6,31,True
48.500_-66.000,2016-02,-10.25,819.3,29,True
48.500_-66.000,2016-03,-7.68,796.0,31,True
48.500_-66.000,2016-04,-1.25,577.6,30,True
48.500_-66.000,2016-05,8.53,293.5,31,True
48.500_-66.000,2016-06,14.09,137.3,30,True
48.500_-66.000,2016-07,16.8,56.5,31,True
48.500_-66.000,2016-08,17.13,40.3,31,True
48.500_-66.000,2016-09,12.38,172.1,30,True
48.500_-66.000,2016-10,6.69,350.6,31,True
48.500_-66.000,2016-11,1.78,486.6,30,True
48.500_-66.000,2016-12,-9.63,856.4,31,True
48.500_-66.000,2017-01,-10.29,877.0,31,True
48.500_-66.000,2017-02,-10.34,793.6,28,True
48.500_-66.000,2017-03,-7.78,799.2,31,True
48.500_-66.000,2017-04,1.27,501.9,30,True
48.500_-66.000,2017-05,8.43,296.7,31,True
48.500_-66.000,2017-06,14.37,114.6,30,True
48.500_-66.000,2017-07,17.07,44.3,31,True
48.500_-66.000,2017-08,16.02,70.2,31,True
48.500_-66.000,2017-09,13.04,148.8,30,True
48.500_-66.000,2017-10,8.49,294.9,31,True
48.500_-66.000,2017-11,-2.74,622.1,30,True
48.500_-66.000,2017-12,-10.8,892.7,31,True
48.500_-66.000,2018-01,-12.48,945.0,31,True
48.500_-66.000,2018-02,-9.79,778.2,28,True
48.500_-66.000,2018-03,-3.12,654.8,31,True
48.500_-66.000,2018-04,-0.49,554.8,30,True
48.500_-66.000,2018-05,7.21,334.5,31,True
48.500_-66.000,2018-06,12.67,166.0,30,True
48.500_-66.000,2018-07,19.98,12.8,31,True
48.500_-66.000,2018-08,18.66,23.8,31,True
48.500_-66.000,2018-09,11.69,192.9,30,True
48.500_-66.000,2018-10,2.42,482.9,31,True
48.500_-66.000,2018-11,-3.5,644.9,30,True
48.500_-66.000,2018-12,-9.6,855.6,31,True
48.500_-66.000,2019-01,-12.96,959.8,31,True
48.500_-66.000,2019-02,-13.3,876.4,28,True
48.500_-66.000,2019-03,-6.27,752.3,31,True
48.500_-66.000,2019-04,0.09,537.2,30,True
48.500_-66.000,2019-05,5.82,377.5,31,True
48.500_-66.000,2019-06,12.91,152.6,30,True
48.500_-66.000,2019-07,18.15,34.1,31,True
48.500_-66.000,2019-08,16.8,46.0,31,True
48.500_-66.000,2019-09,10.72,218.5,30,True
48.500_-66.000,2019-10,5.97,372.8,31,True
48.500_-66.000,2019-11,-2.99,629.6,30,True
48.500_-66.000,2019-12,-8.08,808.4,31,True
48.500_-66.000,2020-01,-10.43,881.2,31,True
48.500_-66.000,2020-02,-9.94,810.4,29,True
48.500_-66.000,2020-03,-6.01,744.2,31,True
48.500_-66.000,2020-04,-0.22,546.6,30,True
48.500_-66.000,2020-05,8.5,306.9,31,True
48.500_-66.000,2020-06,15.8,106.9,30,True
48.500_-66.000,2020-07,18.2,26.8,31,True
48.500_-66.000,2020-08,16.56,73.6,31,True
48.500_-66.000,2020-09,11.67,191.0,30,True
48.500_-66.000,2020-10,4.56,416.7,31,True
48.500_-66.000,2020-11,-0.43,552.8,30,True
48.500_-66.000,2020-12,-4.0,681.9,31,True
48.500_-66.000,2021-01,-8.14,810.3,31,True
48.500_-66.000,2021-02,-9.09,758.4,28,True
48.500_-66.000,2021-03,-4.52,698.0,31,True
48.500_-66.000,2021-04,3.71,428.7,30,True
48.500_-66.000,2021-05,8.0,312.2,31,True
48.500_-66.000,2021-06,15.95,79.2,30,True
48.500_-66.000,2021-07,16.53,60.4,31,True
48.500_-66.000,2021-08,19.02,28.0,31,True
48.500_-66.000,2021-09,12.84,154.7,30,True
48.500_-66.000,2021-10,8.55,293.1,31,True
48.500_-66.000,2021-11,0.03,539.1,30,True
48.500_-66.000,2021-12,-6.9,771.8,31,True
48.500_-66.000,2022-01,-15.24,1030.3,31,True
48.500_-66.000,2022-02,-11.34,821.4,28,True
48.500_-66.000,2022-03,-5.49,728.2,31,True
48.500_-66.000,2022-04,1.57,492.8,30,True
48.500_-66.000,2022-05,8.9,282.2,31,True
48.500_-66.000,2022-06,13.9,125.3,30,True
48.500_-66.000,2022-07,17.56,38.9,31,True
48.500_-66.000,2022-08,17.92,26.6,31,True
48.500_-66.000,2022-09,12.69,161.6,30,True
48.500_-66.000,2022-10,8.95,280.5,31,True
48.500_-66.000,2022-11,-0.71,561.4,30,True
48.500_-66.000,2022-12,-4.98,712.3,31,True
48.500_-66.500,2016-01,-12.58,948.0,31,True
48.500_-66.500,2016-02,-12.53,885.5,29,True
48.500_-66.500,2016-03,-9.85,863.5,31,True
48.500_-66.500,2016-04,-3.59,647.8,30,True
48.500_-66.500,2016-05,6.31,362.3,31,True
48.500_-66.500,2016-06,11.92,190.6,30,True
48.500_-66.500,2016-07,14.64,106.4,31,True
48.500_-66.500,2016-08,14.97,95.5,31,True
48.500_-66.500,2016-09,10.46,227.3,30,True
48.500_-66.500,2016-10,4.58,416.1,31,True
48.500_-66.500,2016-11,-0.4,551.9,30,True
48.500_-66.500,2016-12,-11.75,922.4,31,True
48.500_-66.500,2017-01,-12.36,941.3,31,True
48.500_-66.500,2017-02,-12.74,860.6,28,True
48.500_-66.500,2017-03,-10.43,881.3,31,True
48.500_-66.500,2017-04,-0.65,559.5,30,True
48.500_-66.500,2017-05,6.36,360.9,31,True
48.500_-66.500,2017-06,12.26,173.5,30,True
48.500_-66.500,2017-07,14.96,96.1,31,True
48.500_-66.500,2017-08,14.01,123.6,31,True
48.500_-66.500,2017-09,11.08,207.6,30,True
48.500_-66.500,2017-10,6.62,352.9,31,True
48.500_-66.500,2017-11,-4.84,685.3,30,True
48.500_-66.500,2017-12,-13.38,972.7,31,True
48.500_-66.500,2018-01,-15.07,1025.1,31,True
48.500_-66.500,2018-02,-11.9,837.3,28,True
48.500_-66.500,2018-03,-5.62,732.3,31,True
48.500_-66.500,2018-04,-2.92,627.7,30,True
48.500_-66.500,2018-05,4.89,406.5,31,True
48.500_-66.500,2018-06,10.49,225.3,30,True
48.500_-66.500,2018-07,18.08,36.5,31,True
48.500_-66.500,2018-08,16.62,57.5,31,True
48.500_-66.500,2018-09,9.92,242.9,30,True
48.500_-66.500,2018-10,-0.06,560.0,31,True
48.500_-66.500,2018-11,-6.07,722.0,30,True
48.500_-66.500,2018-12,-11.77,922.9,31,True
48.500_-66.500,2019-01,-15.61,1041.9,31,True
48.500_-66.500,2019-02,-15.94,950.2,28,True
48.500_-66.500,2019-03,-8.42,819.1,31,True
48.500_-66.500,2019-04,-2.15,604.4,30,True
48.500_-66.500,2019-05,3.68,444.0,31,True
48.500_-66.500,2019-06,10.84,214.9,30,True
48.500_-66.500,2019-07,16.1,76.1,31,True
48.500_-66.500,2019-08,14.64,104.1,31,True
48.500_-66.500,2019-09,8.43,287.0,30,True
48.500_-66.500,2019-10,3.74,442.1,31,True
48.500_-66.500,2019-11,-5.72,711.5,30,True
48.500_-66.500,2019-12,-10.44,881.5,31,True
48.500_-66.500,2020-01,-12.9,957.8,31,True
48.500_-66.500,2020-02,-12.13,873.8,29,True
48.500_-66.500,2020-03,-8.32,815.8,31,True
48.500_-66.500,2020-04,-2.26,607.8,30,True
48.500_-66.500,2020-05,5.73,386.8,31,True
48.500_-66.500,2020-06,13.47,157.1,30,True
48.500_-66.500,2020-07,16.23,66.2,31,True
48.500_-66.500,2020-08,14.39,119.6,31,True
48.500_-66.500,2020-09,9.79,246.3,30,True
48.500_-66.500,2020-10,2.36,484.9,31,True
48.500_-66.500,2020-11,-2.45,613.5,30,True
48.500_-66.500,2020-12,-6.37,755.5,31,True
48.500_-66.500,2021-01,-10.5,883.5,31,True
48.500_-66.500,2021-02,-11.81,834.7,28,True
48.500_-66.500,2021-03,-6.63,763.6,31,True
48.500_-66.500,2021-04,1.18,504.6,30,True
48.500_-66.500,2021-05,5.79,378.4,31,True
48.500_-66.500,2021-06,13.88,129.9,30,True
48.500_-66.500,2021-07,14.51,112.3,31,True
48.500_-66.500,2021-08,17.01,59.5,31,True
48.500_-66.500,2021-09,10.78,216.7,30,True
48.500_-66.500,2021-10,6.27,363.7,31,True
48.500_-66.500,2021-11,-2.4,612.0,30,True
48.500_-66.500,2021-12,-9.99,867.6,31,True
48.500_-66.500,2022-01,-17.82,1110.5,31,True
48.500_-66.500,2022-02,-14.0,896.0,28,True
48.500_-66.500,2022-03,-8.05,807.6,31,True
48.500_-66.500,2022-04,-0.7,560.9,30,True
48.500_-66.500,2022-05,6.21,365.4,31,True
48.500_-66.500,2022-06,11.83,185.2,30,True
48.500_-66.500,2022-07,15.49,83.6,31,True
48.500_-66.500,2022-08,15.85,72.4,31,True
48.500_-66.500,2022-09,10.49,225.2,30,True
48.500_-66.500,2022-10,7.14,336.7,31,True
48.500_-66.500,2022-11,-2.79,623.8,30,True
48.500_-66.500,2022-12,-7.5,790.4,31,True
48.500_-67.000,2016-01,-11.41,911.8,31,True
48.500_-67.000,2016-02,-11.23,847.7,29,True
48.500_-67.000,2016-03,-8.62,825.1,31,True
48.500_-67.000,2016-04,-2.29,608.8,30,True
48.500_-67.000,2016-05,8.09,307.3,31,True
48.500_-67.000,2016-06,13.32,156.1,30,True
48.500_-67.000,2016-07,16.06,71.7,31,True
48.500_-67.000,2016-08,16.35,59.2,31,True
48.500_-67.000,2016-09,11.98,183.3,30,True
48.500_-67.000,2016-10,5.81,377.8,31,True
48.500_-67.000,2016-11,0.72,518.4,30,True
48.500_-67.000,2016-12,-10.53,884.3,31,True
48.500_-67.000,2017-01,-11.07,901.1,31,True
48.500_-67.000,2017-02,-11.5,826.0,28,True
48.500_-67.000,2017-03,-9.4,849.3,31,True
48.500_-67.000,2017-04,0.61,521.6,30,True
48.500_-67.000,2017-05,7.86,314.3,31,True
48.500_-67.000,2017-06,13.53,137.8,30,True
48.500_-67.000,2017-07,16.1,66.4,31,True
48.500_-67.000,2017-08,15.15,92.1,31,True
48.500_-67.000,2017-09,12.39,168.4,30,True
48.500_-67.000,2017-10,7.95,311.5,31,True
48.500_-67.000,2017-11,-3.66,649.7,30,True
48.500_-67.000,2017-12,-12.38,941.7,31,True
48.500_-67.000,2018-01,-14.03,992.9,31,True
48.500_-67.000,2018-02,-10.68,803.1,28,True
48.500_-67.000,2018-03,-4.42,694.9,31,True
48.500_-67.000,2018-04,-1.7,590.9,30,True
48.500_-67.000,2018-05,6.25,364.6,31,True
48.500_-67.000,2018-06,11.75,190.2,30,True
48.500_-67.000,2018-07,19.27,21.6,31,True
48.500_-67.000,2018-08,17.78,36.8,31,True
48.500_-67.000,2018-09,11.26,205.7,30,True
48.500_-67.000,2018-10,1.21,520.4,31,True
48.500_-67.000,2018-11,-4.84,685.3,30,True
48.500_-67.000,2018-12,-10.64,887.8,31,True
48.500_-67.000,2019-01,-14.6,1010.7,31,True
48.500_-67.000,2019-02,-14.66,914.6,28,True
48.500_-67.000,2019-03,-7.21,781.6,31,True
48.500_-67.000,2019-04,-0.81,564.4,30,True
48.500_-67.000,2019-05,5.21,396.4,31,True
48.500_-67.000,2019-06,12.19,174.2,30,True
48.500_-67.000,2019-07,17.27,50.0,31,True
48.500_-67.000,2019-08,15.82,71.9,31,True
48.500_-67.000,2019-09,9.62,251.5,30,True
48.500_-67.000,2019-10,5.05,401.6,31,True
48.500_-67.000,2019-11,-4.68,680.5,30,True
48.500_-67.000,2019-12,-9.31,846.5,31,True
48.500_-67.000,2020-01,-11.7,920.8,31,True
48.500_-67.000,2020-02,-10.92,838.8,29,True
48.500_-67.000,2020-03,-7.07,777.2,31,True
48.500_-67.000,2020-04,-0.98,569.4,30,True
48.500_-67.000,2020-05,7.06,348.2,31,True
48.500_-67.000,2020-06,14.75,126.7,30,True
48.500_-67.000,2020-07,17.58,38.7,31,True
48.500_-67.000,2020-08,15.69,88.8,31,True
48.500_-67.000,2020-09,10.98,211.7,30,True
48.500_-67.000,2020-10,3.51,449.1,31,True
48.500_-67.000,2020-11,-1.17,575.2,30,True
48.500_-67.000,2020-12,-5.16,717.9,31,True
48.500_-67.000,2021-01,-9.42,850.1,31,True
48.500_-67.000,2021-02,-10.81,806.7,28,True
48.500_-67.000,2021-03,-5.58,730.9,31,True
48.500_-67.000,2021-04,2.09,477.4,30,True
48.500_-67.000,2021-05,7.21,334.5,31,True
48.500_-67.000,2021-06,15.01,102.5,30,True
48.500_-67.000,2021-07,15.75,79.4,31,True
48.500_-67.000,2021-08,18.21,39.4,31,True
48.500_-67.000,2021-09,12.03,179.1,30,True
48.500_-67.000,2021-10,7.42,328.0,31,True
48.500_-67.000,2021-11,-1.46,583.8,30,True
48.500_-67.000,2021-12,-9.0,836.9,31,True
48.500_-67.000,2022-01,-16.81,1079.1,31,True
48.500_-67.000,2022-02,-12.93,866.1,28,True
48.500_-67.000,2022-03,-6.85,770.2,31,True
48.500_-67.000,2022-04,0.35,529.5,30,True
48.500_-67.000,2022-05,7.68,319.9,31,True
48.500_-67.000,2022-06,13.05,149.5,30,True
48.500_-67.000,2022-07,16.75,55.2,31,True
48.500_-67.000,2022-08,16.96,47.6,31,True
48.500_-67.000,2022-09,11.79,188.3,30,True
48.500_-67.000,2022-10,8.17,304.8,31,True
48.500_-67.000,2022-11,-1.5,585.0,30,True
48.500_-67.000,2022-12,-6.27,752.4,31,True
48.500_-67.500,2016-01,-11.47,913.6,31,True
48.500_-67.500,2016-02,-11.24,847.9,29,True
48.500_-67.500,2016-03,-8.52,822.2,31,True
48.500_-67.500,2016-04,-2.34,610.2,30,True
48.500_-67.500,2016-05,8.27,301.5,31,True
48.500_-67.500,2016-06,13.59,149.5,30,True
48.500_-67.500,2016-07,16.32,65.0,31,True
48.500_-67.500,2016-08,16.65,52.3,31,True
48.500_-67.500,2016-09,12.18,177.4,30,True
48.500_-67.500,2016-10,5.83,377.2,31,True
48.500_-67.500,2016-11,0.7,519.0,30,True
48.500_-67.500,2016-12,-10.55,885.2,31,True
48.500_-67.500,2017-01,-11.04,900.1,31,True
48.500_-67.500,2017-02,-11.45,824.7,28,True
48.500_-67.500,2017-03,-9.12,840.8,31,True
48.500_-67.500,2017-04,0.54,523.9,30,True
48.500_-67.500,2017-05,8.36,298.8,31,True
48.500_-67.500,2017-06,14.15,122.5,30,True
48.500_-67.500,2017-07,16.79,50.5,31,True
48.500_-67.500,2017-08,15.74,79.5,31,True
48.500_-67.500,2017-09,12.91,152.8,30,True
48.500_-67.500,2017-10,8.57,292.2,31,True
48.500_-67.500,2017-11,-3.39,641.6,30,True
48.500_-67.500,2017-12,-12.4,942.4,31,True
48.500_-67.500,2018-01,-14.04,993.3,31,True
48.500_-67.500,2018-02,-10.18,789.0,28,True
48.500_-67.500,2018-03,-4.16,686.9,31,True
48.500_-67.500,2018-04,-1.74,592.1,30,True
48.500_-67.500,2018-05,7.15,336.5,31,True
48.500_-67.500,2018-06,12.38,174.7,30,True
48.500_-67.500,2018-07,19.95,17.1,31,True
48.500_-67.500,2018-08,18.29,30.9,31,True
48.500_-67.500,2018-09,11.77,192.6,30,True
48.500_-67.500,2018-10,1.95,497.6,31,True
48.500_-67.500,2018-11,-4.44,673.3,30,True
48.500_-67.500,2018-12,-10.78,892.1,31,True
48.500_-67.500,2019-01,-14.76,1015.5,31,True
48.500_-67.500,2019-02,-14.21,901.9,28,True
48.500_-67.500,2019-03,-6.67,764.8,31,True
48.500_-67.500,2019-04,-0.49,554.8,30,True
48.500_-67.500,2019-05,5.96,373.1,31,True
48.500_-67.500,2019-06,12.67,159.8,30,True
48.500_-67.500,2019-07,17.91,37.0,31,True
48.500_-67.500,2019-08,16.38,57.5,31,True
48.500_-67.500,2019-09,10.21,233.7,30,True
48.500_-67.500,2019-10,5.32,393.2,31,True
48.500_-67.500,2019-11,-4.63,679.0,30,True
48.500_-67.500,2019-12,-9.32,846.8,31,True
48.500_-67.500,2020-01,-11.62,918.2,31,True
48.500_-67.500,2020-02,-10.54,827.6,29,True
48.500_-67.500,2020-03,-6.76,767.7,31,True
48.500_-67.500,2020-04,-0.82,564.7,30,True
48.500_-67.500,2020-05,7.56,336.0,31,True
48.500_-67.500,2020-06,15.48,114.0,30,True
48.500_-67.500,2020-07,18.09,29.2,31,True
48.500_-67.500,2020-08,16.36,76.2,31,True
48.500_-67.500,2020-09,11.54,196.1,30,True
48.500_-67.500,2020-10,4.01,433.6,31,True
48.500_-67.500,2020-11,-0.86,565.8,30,True
48.500_-67.500,2020-12,-4.89,709.7,31,True
48.500_-67.500,2021-01,-9.68,858.0,31,True
48.500_-67.500,2021-02,-10.7,803.5,28,True
48.500_-67.500,2021-03,-5.21,719.4,31,True
48.500_-67.500,2021-04,1.75,487.4,30,True
48.500_-67.500,2021-05,7.64,322.7,31,True
48.500_-67.500,2021-06,15.6,87.9,30,True
48.500_-67.500,2021-07,16.32,66.8,31,True
48.500_-67.500,2021-08,18.87,31.5,31,True
48.500_-67.500,2021-09,12.49,165.3,30,True
48.500_-67.500,2021-10,7.35,330.1,31,True
48.500_-67.500,2021-11,-1.21,576.4,30,True
48.500_-67.500,2021-12,-8.99,836.8,31,True
48.500_-67.500,2022-01,-16.75,1077.2,31,True
48.500_-67.500,2022-02,-12.52,854.7,28,True
48.500_-67.500,2022-03,-6.41,756.7,31,True
48.500_-67.500,2022-04,0.4,528.0,30,True
48.500_-67.500,2022-05,8.65,289.8,31,True
48.500_-67.500,2022-06,13.5,136.2,30,True
48.500_-67.500,2022-07,17.46,41.3,31,True
48.500_-67.500,2022-08,17.4,41.1,31,True
48.500_-67.500,2022-09,12.0,180.4,30,True
48.500_-67.500,2022-10,8.48,295.2,31,True
48.500_-67.500,2022-11,-0.96,568.9,30,True
48.500_-67.500,2022-12,-6.09,746.9,31,True
48.500_-68.000,2016-01,-9.87,863.9,31,True
48.500_-68.000,2016-02,-9.77,805.3,29,True
48.500_-68.000,2016-03,-7.23,782.1,31,True
48.500_-68.000,2016-04,-1.1,573.1,30,True
48.500_-68.000,2016-05,9.34,268.5,31,True
48.500_-68.000,2016-06,14.01,139.5,30,True
48.500_-68.000,2016-07,16.98,52.9,31,True
48.500_-68.000,2016-08,17.59,35.2,31,True
48.500_-68.000,2016-09,13.2,149.6,30,True
48.500_-68.000,2016-10,7.11,337.7,31,True
48.500_-68.000,2016-11,1.67,489.8,30,True
48.500_-68.000,2016-12,-8.81,831.1,31,True
48.500_-68.000,2017-01,-9.67,857.7,31,True
48.500_-68.000,2017-02,-10.06,785.8,28,True
48.500_-68.000,2017-03,-8.18,811.5,31,True
48.500_-68.000,2017-04,1.91,482.8,30,True
48.500_-68.000,2017-05,9.35,268.2,31,True
48.500_-68.000,2017-06,15.47,91.3,30,True
48.500_-68.000,2017-07,17.88,34.6,31,True
48.500_-68.000,2017-08,16.99,52.5,31,True
48.500_-68.000,2017-09,14.33,115.8,30,True
48.500_-68.000,2017-10,10.09,245.2,31,True
48.500_-68.000,2017-11,-1.83,594.8,30,True
48.500_-68.000,2017-12,-11.03,900.0,31,True
48.500_-68.000,2018-01,-12.63,949.4,31,True
48.500_-68.000,2018-02,-8.62,745.5,28,True
48.500_-68.000,2018-03,-3.46,665.4,31,True
48.500_-68.000,2018-04,-0.58,557.3,30,True
48.500_-68.000,2018-05,8.34,302.0,31,True
48.500_-68.000,2018-06,13.58,146.6,30,True
48.500_-68.000,2018-07,21.01,12.2,31,True
48.500_-68.000,2018-08,19.6,21.0,31,True
48.500_-68.000,2018-09,13.21,157.3,30,True
48.500_-68.000,2018-10,3.01,464.7,31,True
48.500_-68.000,2018-11,-3.18,635.5,30,True
48.500_-68.000,2018-12,-9.03,837.8,31,True
48.500_-68.000,2019-01,-13.4,973.5,31,True
48.500_-68.000,2019-02,-12.98,867.4,28,True
48.500_-68.000,2019-03,-5.53,729.5,31,True
48.500_-68.000,2019-04,0.75,517.5,30,True
48.500_-68.000,2019-05,7.35,330.2,31,True
48.500_-68.000,2019-06,13.88,123.5,30,True
48.500_-68.000,2019-07,19.11,20.2,31,True
48.500_-68.000,2019-08,17.63,35.9,31,True
48.500_-68.000,2019-09,11.24,203.3,30,True
48.500_-68.000,2019-10,6.45,358.2,31,True
48.500_-68.000,2019-11,-3.26,637.9,30,True
48.500_-68.000,2019-12,-7.85,801.3,31,True
48.500_-68.000,2020-01,-10.42,881.0,31,True
48.500_-68.000,2020-02,-9.27,790.9,29,True
48.500_-68.000,2020-03,-5.42,726.1,31,True
48.500_-68.000,2020-04,0.11,536.8,30,True
48.500_-68.000,2020-05,8.7,307.3,31,True
48.500_-68.000,2020-06,16.42,99.4,30,True
48.500_-68.000,2020-07,19.31,16.5,31,True
48.500_-68.000,2020-08,17.62,53.8,31,True
48.500_-68.000,2020-09,12.87,161.3,30,True
48.500_-68.000,2020-10,5.37,391.5,31,True
48.500_-68.000,2020-11,0.91,512.6,30,True
48.500_-68.000,2020-12,-3.84,677.0,31,True
48.500_-68.000,2021-01,-7.91,803.3,31,True
48.500_-68.000,2021-02,-9.83,779.2,28,True
48.500_-68.000,2021-03,-3.65,671.2,31,True
48.500_-68.000,2021-04,2.87,453.9,30,True
48.500_-68.000,2021-05,8.86,289.1,31,True
48.500_-68.000,2021-06,16.85,63.0,30,True
48.500_-68.000,2021-07,17.26,51.8,31,True
48.500_-68.000,2021-08,20.38,17.0,31,True
48.500_-68.000,2021-09,13.82,126.8,30,True
48.500_-68.000,2021-10,8.66,289.4,31,True
48.500_-68.000,2021-11,0.42,527.3,30,True
48.500_-68.000,2021-12,-7.67,795.9,31,True
48.500_-68.000,2022-01,-15.34,1033.6,31,True
48.500_-68.000,2022-02,-11.76,833.3,28,True
48.500_-68.000,2022-03,-5.3,722.4,31,True
48.500_-68.000,2022-04,1.53,494.1,30,True
48.500_-68.000,2022-05,10.09,245.2,31,True
48.500_-68.000,2022-06,14.75,105.3,30,True
48.500_-68.000,2022-07,18.68,25.6,31,True
48.500_-68.000,2022-08,18.58,24.6,31,True
48.500_-68.000,2022-09,13.19,151.1,30,True
48.500_-68.000,2022-10,10.01,247.7,31,True
48.500_-68.000,2022-11,0.57,522.9,30,True
48.500_-68.000,2022-12,-4.56,699.4,31,True
48.500_-68.500,2016-01,-8.01,806.3,31,True
48.500_-68.500,2016-02,-8.24,761.1,29,True
48.500_-68.500,2016-03,-5.7,734.7,31,True
48.500_-68.500,2016-04,0.37,528.8,30,True
48.500_-68.500,2016-05,10.15,243.4,31,True
48.500_-68.500,2016-06,13.76,142.0,30,True
48.500_-68.500,2016-07,17.4,41.4,31,True
48.500_-68.500,2016-08,18.28,21.3,31,True
48.500_-68.500,2016-09,14.05,123.7,30,True
48.500_-68.500,2016-10,8.36,298.7,31,True
48.500_-68.500,2016-11,2.59,462.3,30,True
48.500_-68.500,2016-12,-6.98,774.3,31,True
48.500_-68.500,2017-01,-8.09,808.8,31,True
48.500_-68.500,2017-02,-8.6,744.7,28,True
48.500_-68.500,2017-03,-6.99,774.7,31,True
48.500_-68.500,2017-04,2.52,464.3,30,True
48.500_-68.500,2017-05,8.91,281.8,31,True
48.500_-68.500,2017-06,15.77,84.1,30,True
48.500_-68.500,2017-07,18.06,28.2,31,True
48.500_-68.500,2017-08,16.95,50.4,31,True
48.500_-68.500,2017-09,14.14,118.3,30,True
48.500_-68.500,2017-10,10.45,234.4,31,True
48.500_-68.500,2017-11,-0.39,551.8,30,True
48.500_-68.500,2017-12,-8.97,836.2,31,True
48.500_-68.500,2018-01,-10.94,897.2,31,True
48.500_-68.500,2018-02,-7.19,705.2,28,True
48.500_-68.500,2018-03,-2.5,635.6,31,True
48.500_-68.500,2018-04,0.34,529.9,30,True
48.500_-68.500,2018-05,8.45,296.2,31,True
48.500_-68.500,2018-06,13.92,133.6,30,True
48.500_-68.500,2018-07,20.47,12.7,31,True
48.500_-68.500,2018-08,19.34,20.2,31,True
48.500_-68.500,2018-09,13.58,141.9,30,True
48.500_-68.500,2018-10,4.18,428.3,31,True
48.500_-68.500,2018-11,-1.81,594.4,30,True
48.500_-68.500,2018-12,-7.37,786.6,31,True
48.500_-68.500,2019-01,-12.23,937.0,31,True
48.500_-68.500,2019-02,-11.37,822.4,28,True
48.500_-68.500,2019-03,-4.38,693.9,31,True
48.500_-68.500,2019-04,2.01,479.6,30,True
48.500_-68.500,2019-05,7.68,320.0,31,True
48.500_-68.500,2019-06,13.72,128.5,30,True
48.500_-68.500,2019-07,18.78,22.7,31,True
48.500_-68.500,2019-08,17.45,36.7,31,True
48.500_-68.500,2019-09,11.64,191.3,30,True
48.500_-68.500,2019-10,7.01,340.6,31,True
48.500_-68.500,2019-11,-1.78,593.5,30,True
48.500_-68.500,2019-12,-5.88,740.4,31,True
48.500_-68.500,2020-01,-8.94,835.2,31,True
48.500_-68.500,2020-02,-8.03,754.8,29,True
48.500_-68.500,2020-03,-4.09,684.7,31,True
48.500_-68.500,2020-04,1.27,501.9,30,True
48.500_-68.500,2020-05,9.13,287.8,31,True
48.500_-68.500,2020-06,15.86,99.8,30,True
48.500_-68.500,2020-07,19.09,13.3,31,True
48.500_-68.500,2020-08,17.88,48.2,31,True
48.500_-68.500,2020-09,13.17,152.6,30,True
48.500_-68.500,2020-10,6.28,363.4,31,True
48.500_-68.500,2020-11,2.09,477.4,30,True
48.500_-68.500,2020-12,-2.45,633.8,31,True
48.500_-68.500,2021-01,-6.18,749.5,31,True
48.500_-68.500,2021-02,-8.41,739.6,28,True
48.500_-68.500,2021-03,-2.47,634.5,31,True
48.500_-68.500,2021-04,3.46,436.3,30,True
48.500_-68.500,2021-05,9.38,271.7,31,True
48.500_-68.500,2021-06,16.82,57.8,30,True
48.500_-68.500,2021-07,17.02,54.2,31,True
48.500_-68.500,2021-08,19.97,15.9,31,True
48.500_-68.500,2021-09,14.21,113.8,30,True
48.500_-68.500,2021-10,9.28,270.3,31,True
48.500_-68.500,2021-11,2.05,478.5,30,True
48.500_-68.500,2021-12,-5.85,739.4,31,True
48.500_-68.500,2022-01,-13.72,983.4,31,True
48.500_-68.500,2022-02,-10.45,796.6,28,True
48.500_-68.500,2022-03,-4.15,686.5,31,True
48.500_-68.500,2022-04,2.63,461.2,30,True
48.500_-68.500,2022-05,10.2,241.8,31,True
48.500_-68.500,2022-06,14.69,107.2,30,True
48.500_-68.500,2022-07,18.54,21.2,31,True
48.500_-68.500,2022-08,18.09,33.6,31,True
48.500_-68.500,2022-09,12.99,152.3,30,True
48.500_-68.500,2022-10,10.24,240.5,31,True
48.500_-68.500,2022-11,2.06,478.3,30,True
48.500_-68.500,2022-12,-2.87,647.1,31,True
48.500_-69.000,2016-01,-6.69,765.4,31,True
48.500_-69.000,2016-02,-7.48,738.9,29,True
48.500_-69.000,2016-03,-4.67,702.7,31,True
48.500_-69.000,2016-04,0.12,536.5,30,True
48.500_-69.000,2016-05,8.18,304.3,31,True
48.500_-69.000,2016-06,9.14,265.7,30,True
48.500_-69.000,2016-07,14.35,113.2,31,True
48.500_-69.000,2016-08,14.83,99.2,31,True
48.500_-69.000,2016-09,11.38,198.7,30,True
48.500_-69.000,2016-10,7.13,337.1,31,True
48.500_-69.000,2016-11,0.78,516.5,30,True
48.500_-69.000,2016-12,-7.04,776.1,31,True
48.500_-69.000,2017-01,-6.49,759.1,31,True
48.500_-69.000,2017-02,-8.01,728.3,28,True
48.500_-69.000,2017-03,-6.42,756.9,31,True
48.500_-69.000,2017-04,1.45,496.4,30,True
48.500_-69.000,2017-05,5.51,387.2,31,True
48.500_-69.000,2017-06,10.63,221.2,30,True
48.500_-69.000,2017-07,11.86,190.4,31,True
48.500_-69.000,2017-08,11.82,191.6,31,True
48.500_-69.000,2017-09,10.52,224.3,30,True
48.500_-69.000,2017-10,8.09,307.3,31,True
48.500_-69.000,2017-11,0.19,534.4,30,True
48.500_-69.000,2017-12,-7.55,792.0,31,True
48.500_-69.000,2018-01,-9.87,863.9,31,True
48.500_-69.000,2018-02,-6.6,688.8,28,True
48.500_-69.000,2018-03,-1.73,611.7,31,True
48.500_-69.000,2018-04,-0.33,549.9,30,True
48.500_-69.000,2018-05,5.06,401.0,31,True
48.500_-69.000,2018-06,9.78,246.7,30,True
48.500_-69.000,2018-07,13.01,154.6,31,True
48.500_-69.000,2018-08,12.77,162.2,31,True
48.500_-69.000,2018-09,9.97,240.8,30,True
48.500_-69.000,2018-10,4.19,428.1,31,True
48.500_-69.000,2018-11,-0.95,568.5,30,True
48.500_-69.000,2018-12,-5.86,739.7,31,True
48.500_-69.000,2019-01,-10.86,894.7,31,True
48.500_-69.000,2019-02,-10.19,789.4,28,True
48.500_-69.000,2019-03,-3.23,658.0,31,True
48.500_-69.000,2019-04,1.96,481.3,30,True
48.500_-69.000,2019-05,5.75,379.9,31,True
48.500_-69.000,2019-06,10.16,235.2,30,True
48.500_-69.000,2019-07,13.12,151.3,31,True
48.500_-69.000,2019-08,11.88,189.6,31,True
48.500_-69.000,2019-09,9.19,264.4,30,True
48.500_-69.000,2019-10,6.23,365.0,31,True
48.500_-69.000,2019-11,-0.41,552.2,30,True
48.500_-69.000,2019-12,-4.26,690.0,31,True
48.500_-69.000,2020-01,-7.48,789.8,31,True
48.500_-69.000,2020-02,-6.45,709.0,29,True
48.500_-69.000,2020-03,-2.79,644.4,31,True
48.500_-69.000,2020-04,1.46,496.3,30,True
48.500_-69.000,2020-05,6.08,369.6,31,True
48.500_-69.000,2020-06,10.02,239.3,30,True
48.500_-69.000,2020-07,13.97,125.5,31,True
48.500_-69.000,2020-08,12.76,162.5,31,True
48.500_-69.000,2020-09,9.34,259.8,30,True
48.500_-69.000,2020-10,5.52,386.9,31,True
48.500_-69.000,2020-11,1.92,482.5,30,True
48.500_-69.000,2020-12,-1.92,617.4,31,True
48.500_-69.000,2021-01,-4.56,699.4,31,True
48.500_-69.000,2021-02,-6.55,687.3,28,True
48.500_-69.000,2021-03,-2.26,628.2,31,True
48.500_-69.000,2021-04,3.03,449.1,30,True
48.500_-69.000,2021-05,6.89,344.5,31,True
48.500_-69.000,2021-06,10.63,221.0,30,True
48.500_-69.000,2021-07,12.09,183.1,31,True
48.500_-69.000,2021-08,12.9,158.0,31,True
48.500_-69.000,2021-09,11.43,197.0,30,True
48.500_-69.000,2021-10,8.32,300.0,31,True
48.500_-69.000,2021-11,3.09,447.2,30,True
48.500_-69.000,2021-12,-4.25,689.6,31,True
48.500_-69.000,2022-01,-11.43,912.2,31,True
48.500_-69.000,2022-02,-9.92,781.8,28,True
48.500_-69.000,2022-03,-3.11,654.3,31,True
48.500_-69.000,2022-04,2.34,469.8,30,True
48.500_-69.000,2022-05,6.84,345.9,31,True
48.500_-69.000,2022-06,10.56,223.3,30,True
48.500_-69.000,2022-07,11.93,188.2,31,True
48.500_-69.000,2022-08,12.01,185.8,31,True
48.500_-69.000,2022-09,9.85,244.6,30,True
48.500_-69.000,2022-10,7.48,326.1,31,True
48.500_-69.000,2022-11,2.09,477.4,30,True
48.500_-69.000,2022-12,-2.0,619.9,31,True
48.500_-69.500,2016-01,-10.24,875.4,31,True
48.500_-69.500,2016-02,-10.9,838.0,29,True
48.500_-69.500,2016-03,-7.11,778.3,31,True
48.500_-69.500,2016-04,-2.03,600.9,30,True
48.500_-69.500,2016-05,8.26,301.8,31,True
48.500_-69.500,2016-06,12.68,163.0,30,True
48.500_-69.500,2016-07,15.98,69.8,31,True
48.500_-69.500,2016-08,16.77,46.5,31,True
48.500_-69.500,2016-09,12.14,176.7,30,True
48.500_-69.500,2016-10,6.25,364.3,31,True
48.500_-69.500,2016-11,0.79,516.2,30,True
48.500_-69.500,2016-12,-10.06,870.0,31,True
48.500_-69.500,2017-01,-11.18,904.6,31,True
48.500_-69.500,2017-02,-11.36,822.1,28,True
48.500_-69.500,2017-03,-8.93,834.7,31,True
48.500_-69.500,2017-04,0.63,521.2,30,True
48.500_-69.500,2017-05,6.96,342.3,31,True
48.500_-69.500,2017-06,14.91,102.9,30,True
48.500_-69.500,2017-07,17.51,39.8,31,True
48.500_-69.500,2017-08,15.89,74.3,31,True
48.500_-69.500,2017-09,13.61,137.3,30,True
48.500_-69.500,2017-10,8.41,297.3,31,True
48.500_-69.500,2017-11,-3.72,651.7,30,True
48.500_-69.500,2017-12,-13.11,964.4,31,True
48.500_-69.500,2018-01,-14.42,1005.0,31,True
48.500_-69.500,2018-02,-10.68,803.1,28,True
48.500_-69.500,2018-03,-4.04,683.1,31,True
48.500_-69.500,2018-04,-1.47,584.2,30,True
48.500_-69.500,2018-05,7.0,341.4,31,True
48.500_-69.500,2018-06,13.53,147.0,30,True
48.500_-69.500,2018-07,20.4,14.7,31,True
48.500_-69.500,2018-08,19.09,26.6,31,True
48.500_-69.500,2018-09,12.39,179.9,30,True
48.500_-69.500,2018-10,1.57,509.2,31,True
48.500_-69.500,2018-11,-4.99,689.8,30,True
48.500_-69.500,2018-12,-10.7,889.7,31,True
48.500_-69.500,2019-01,-15.09,1025.9,31,True
48.500_-69.500,2019-02,-13.98,895.4,28,True
48.500_-69.500,2019-03,-6.79,768.6,31,True
48.500_-69.500,2019-04,-0.4,552.1,30,True
48.500_-69.500,2019-05,5.87,376.0,31,True
48.500_-69.500,2019-06,13.18,144.5,30,True
48.500_-69.500,2019-07,19.17,18.9,31,True
48.500_-69.500,2019-08,16.92,43.3,31,True
48.500_-69.500,2019-09,10.82,216.0,30,True
48.500_-69.500,2019-10,5.22,396.1,31,True
48.500_-69.500,2019-11,-4.84,685.1,30,True
48.500_-69.500,2019-12,-9.29,846.0,31,True
48.500_-69.500,2020-01,-11.65,919.1,31,True
48.500_-69.500,2020-02,-10.72,832.9,29,True
48.500_-69.500,2020-03,-6.1,747.0,31,True
48.500_-69.500,2020-04,-0.61,558.4,30,True
48.500_-69.500,2020-05,7.17,346.5,31,True
48.500_-69.500,2020-06,15.31,116.8,30,True
48.500_-69.500,2020-07,18.35,28.4,31,True
48.500_-69.500,2020-08,16.85,66.5,31,True
48.500_-69.500,2020-09,11.73,189.2,30,True
48.500_-69.500,2020-10,3.78,440.7,31,True
48.500_-69.500,2020-11,-0.68,560.3,30,True
48.500_-69.500,2020-12,-6.19,749.9,31,True
48.500_-69.500,2021-01,-8.77,829.9,31,True
48.500_-69.500,2021-02,-10.36,794.1,28,True
48.500_-69.500,2021-03,-4.6,700.6,31,True
48.500_-69.500,2021-04,2.82,455.5,30,True
48.500_-69.500,2021-05,8.67,292.5,31,True
48.500_-69.500,2021-06,16.24,74.3,30,True
48.500_-69.500,2021-07,16.84,59.2,31,True
48.500_-69.500,2021-08,19.69,24.1,31,True
48.500_-69.500,2021-09,12.88,153.7,30,True
48.500_-69.500,2021-10,8.34,299.4,31,True
48.500_-69.500,2021-11,-0.61,558.4,30,True
48.500_-69.500,2021-12,-9.76,860.6,31,True
48.500_-69.500,2022-01,-17.75,1108.4,31,True
48.500_-69.500,2022-02,-13.46,880.9,28,True
48.500_-69.500,2022-03,-6.6,762.5,31,True
48.500_-69.500,2022-04,1.22,503.3,30,True
48.500_-69.500,2022-05,8.51,294.3,31,True
48.500_-69.500,2022-06,13.83,128.9,30,True
48.500_-69.500,2022-07,18.1,28.5,31,True
48.500_-69.500,2022-08,18.04,30.6,31,True
48.500_-69.500,2022-09,12.71,165.1,30,True
48.500_-69.500,2022-10,8.56,292.6,31,True
48.500_-69.500,2022-11,-0.77,563.2,30,True
48.500_-69.500,2022-12,-6.65,764.3,31,True
48.500_-70.500,2016-01,-13.72,983.2,31,True
48.500_-70.500,2016-02,-14.55,943.9,29,True
48.500_-70.500,2016-03,-9.29,846.1,31,True
48.500_-70.500,2016-04,-4.76,682.8,30,True
48.500_-70.500,2016-05,6.46,357.7,31,True
48.500_-70.500,2016-06,12.92,158.5,30,True
48.500_-70.500,2016-07,14.85,100.4,31,True
48.500_-70.500,2016-08,15.71,76.2,31,True
48.500_-70.500,2016-09,11.21,204.1,30,True
48.500_-70.500,2016-10,4.32,424.1,31,True
48.500_-70.500,2016-11,-0.57,557.1,30,True
48.500_-70.500,2016-12,-12.81,955.2,31,True
48.500_-70.500,2017-01,-13.05,962.6,31,True
48.500_-70.500,2017-02,-13.17,872.8,28,True
48.500_-70.500,2017-03,-11.12,902.7,31,True
48.500_-70.500,2017-04,-0.19,545.7,30,True
48.500_-70.500,2017-05,6.73,349.3,31,True
48.500_-70.500,2017-06,12.74,159.5,30,True
48.500_-70.500,2017-07,14.76,101.0,31,True
48.500_-70.500,2017-08,13.32,145.2,31,True
48.500_-70.500,2017-09,12.11,177.3,30,True
48.500_-70.500,2017-10,6.74,349.1,31,True
48.500_-70.500,2017-11,-6.05,721.4,30,True
48.500_-70.500,2017-12,-16.03,1055.0,31,True
48.500_-70.500,2018-01,-17.08,1087.6,31,True
48.500_-70.500,2018-02,-12.69,859.2,28,True
48.500_-70.500,2018-03,-5.73,735.6,31,True
48.500_-70.500,2018-04,-3.48,644.4,30,True
48.500_-70.500,2018-05,5.4,391.8,31,True
48.500_-70.500,2018-06,11.89,184.2,30,True
48.500_-70.500,2018-07,18.05,39.5,31,True
48.500_-70.500,2018-08,16.9,49.2,31,True
48.500_-70.500,2018-09,10.39,228.8,30,True
48.500_-70.500,2018-10,-0.35,568.9,31,True
48.500_-70.500,2018-11,-7.02,750.5,30,True
48.500_-70.500,2018-12,-12.95,959.6,31,True
48.500_-70.500,2019-01,-17.66,1105.4,31,True
48.500_-70.500,2019-02,-16.42,963.9,28,True
48.500_-70.500,2019-03,-9.39,849.1,31,True
48.500_-70.500,2019-04,-2.14,604.1,30,True
48.500_-70.500,2019-05,4.37,422.5,31,True
48.500_-70.500,2019-06,11.65,190.6,30,True
48.500_-70.500,2019-07,16.87,50.9,31,True
48.500_-70.500,2019-08,14.83,98.8,31,True
48.500_-70.500,2019-09,8.94,271.7,30,True
48.500_-70.500,2019-10,3.75,441.8,31,True
48.500_-70.500,2019-11,-7.06,751.7,30,True
48.500_-70.500,2019-12,-11.91,927.2,31,True
48.500_-70.500,2020-01,-13.28,969.6,31,True
48.500_-70.500,2020-02,-13.05,900.4,29,True
48.500_-70.500,2020-03,-7.85,801.2,31,True
48.500_-70.500,2020-04,-2.6,618.0,30,True
48.500_-70.500,2020-05,4.96,408.2,31,True
48.500_-70.500,2020-06,13.9,144.3,30,True
48.500_-70.500,2020-07,17.26,41.1,31,True
48.500_-70.500,2020-08,14.73,109.8,31,True
48.500_-70.500,2020-09,9.22,263.5,30,True
48.500_-70.500,2020-10,1.36,515.9,31,True
48.500_-70.500,2020-11,-2.76,622.8,30,True
48.500_-70.500,2020-12,-8.86,832.7,31,True
48.500_-70.500,2021-01,-12.33,940.1,31,True
48.500_-70.500,2021-02,-13.13,871.7,28,True
48.500_-70.500,2021-03,-7.15,779.5,31,True
48.500_-70.500,2021-04,1.58,492.5,30,True
48.500_-70.500,2021-05,7.41,328.2,31,True
48.500_-70.500,2021-06,14.05,125.9,30,True
48.500_-70.500,2021-07,14.94,98.7,31,True
48.500_-70.500,2021-08,17.44,51.9,31,True
48.500_-70.500,2021-09,10.99,210.2,30,True
48.500_-70.500,2021-10,6.9,344.2,31,True
48.500_-70.500,2021-11,-3.02,630.6,30,True
48.500_-70.500,2021-12,-12.48,945.0,31,True
48.500_-70.500,2022-01,-20.39,1190.2,31,True
48.500_-70.500,2022-02,-16.19,957.2,28,True
48.500_-70.500,2022-03,-8.76,829.5,31,True
48.500_-70.500,2022-04,-0.59,557.8,30,True
48.500_-70.500,2022-05,7.42,328.0,31,True
48.500_-70.500,2022-06,12.85,156.2,30,True
48.500_-70.500,2022-07,15.32,87.6,31,True
48.500_-70.500,2022-08,15.95,67.9,31,True
48.500_-70.500,2022-09,10.73,218.1,30,True
48.500_-70.500,2022-10,6.26,363.8,31,True
48.500_-70.500,2022-11,-2.74,622.2,30,True
48.500_-70.500,2022-12,-8.62,825.1,31,True
48.500_-71.000,2016-01,-12.15,934.6,31,True
48.500_-71.000,2016-02,-12.99,898.7,29,True
48.500_-71.000,2016-03,-7.56,792.5,31,True
48.500_-71.000,2016-04,-2.81,624.4,30,True
48.500_-71.000,2016-05,8.78,286.6,31,True
48.500_-71.000,2016-06,15.1,104.1,30,True
48.500_-71.000,2016-07,16.96,50.4,31,True
48.500_-71.000,2016-08,17.89,29.4,31,True
48.500_-71.000,2016-09,13.44,141.7,30,True
48.500_-71.000,2016-10,6.35,361.1,31,True
48.500_-71.000,2016-11,1.54,493.9,30,True
48.500_-71.000,2016-12,-10.23,875.2,31,True
48.500_-71.000,2017-01,-9.79,861.6,31,True
48.500_-71.000,2017-02,-10.06,785.6,28,True
48.500_-71.000,2017-03,-8.21,812.6,31,True
48.500_-71.000,2017-04,2.23,473.0,30,True
48.500_-71.000,2017-05,10.26,240.0,31,True
48.500_-71.000,2017-06,15.93,75.2,30,True
48.500_-71.000,2017-07,17.88,30.9,31,True
48.500_-71.000,2017-08,16.56,55.2,31,True
48.500_-71.000,2017-09,15.09,97.4,30,True
48.500_-71.000,2017-10,10.0,248.0,31,True
48.500_-71.000,2017-11,-2.01,600.2,30,True
48.500_-71.000,2017-12,-12.67,950.9,31,True
48.500_-71.000,2018-01,-14.62,1011.3,31,True
48.500_-71.000,2018-02,-9.51,770.4,28,True
48.500_-71.000,2018-03,-2.61,639.0,31,True
48.500_-71.000,2018-04,-0.99,569.6,30,True
48.500_-71.000,2018-05,8.34,303.1,31,True
48.500_-71.000,2018-06,15.33,100.8,30,True
48.500_-71.000,2018-07,21.44,9.3,31,True
48.500_-71.000,2018-08,20.03,13.9,31,True
48.500_-71.000,2018-09,13.76,141.0,30,True
48.500_-71.000,2018-10,3.3,455.7,31,True
48.500_-71.000,2018-11,-3.22,636.6,30,True
48.500_-71.000,2018-12,-10.39,880.0,31,True
48.500_-71.000,2019-01,-14.7,1013.7,31,True
48.500_-71.000,2019-02,-13.37,878.4,28,True
48.500_-71.000,2019-03,-6.39,756.0,31,True
48.500_-71.000,2019-04,0.54,523.9,30,True
48.500_-71.000,2019-05,7.62,321.8,31,True
48.500_-71.000,2019-06,14.82,103.5,30,True
48.500_-71.000,2019-07,20.04,7.3,31,True
48.500_-71.000,2019-08,18.01,28.3,31,True
48.500_-71.000,2019-09,12.17,175.4,30,True
48.500_-71.000,2019-10,6.96,342.2,31,True
48.500_-71.000,2019-11,-3.48,644.3,30,True
48.500_-71.000,2019-12,-9.1,840.2,31,True
48.500_-71.000,2020-01,-10.5,883.6,31,True
48.500_-71.000,2020-02,-10.23,818.8,29,True
48.500_-71.000,2020-03,-4.85,708.4,31,True
48.500_-71.000,2020-04,0.18,534.5,30,True
48.500_-71.000,2020-05,8.01,322.2,31,True
48.500_-71.000,2020-06,17.17,82.2,30,True
48.500_-71.000,2020-07,20.63,1.2,31,True
48.500_-71.000,2020-08,17.99,47.8,31,True
48.500_-71.000,2020-09,12.4,171.1,30,True
48.500_-71.000,2020-10,5.02,402.5,31,True
48.500_-71.000,2020-11,0.68,519.5,30,True
48.500_-71.000,2020-12,-6.06,745.8,31,True
48.500_-71.000,2021-01,-9.35,847.8,31,True
48.500_-71.000,2021-02,-10.55,799.5,28,True
48.500_-71.000,2021-03,-4.6,700.5,31,True
48.500_-71.000,2021-04,4.54,403.7,30,True
48.500_-71.000,2021-05,10.51,239.4,31,True
48.500_-71.000,2021-06,17.29,49.9,30,True
48.500_-71.000,2021-07,18.09,32.9,31,True
48.500_-71.000,2021-08,20.71,13.6,31,True
48.500_-71.000,2021-09,14.21,113.7,30,True
48.500_-71.000,2021-10,9.63,259.6,31,True
48.500_-71.000,2021-11,0.47,526.0,30,True
48.500_-71.000,2021-12,-9.63,856.6,31,True
48.500_-71.000,2022-01,-17.75,1108.1,31,True
48.500_-71.000,2022-02,-13.18,872.9,28,True
48.500_-71.000,2022-03,-5.65,733.3,31,True
48.500_-71.000,2022-04,1.87,483.8,30,True
48.500_-71.000,2022-05,10.64,229.2,31,True
48.500_-71.000,2022-06,16.1,70.9,30,True
48.500_-71.000,2022-07,18.69,19.8,31,True
48.500_-71.000,2022-08,18.92,16.3,31,True
48.500_-71.000,2022-09,13.69,142.2,30,True
48.500_-71.000,2022-10,9.17,273.6,31,True
48.500_-71.000,2022-11,0.75,517.6,30,True
48.500_-71.000,2022-12,-5.04,714.1,31,True
48.500_-71.500,2016-01,-11.56,916.4,31,True
48.500_-71.500,2016-02,-12.82,893.8,29,True
48.500_-71.500,2016-03,-7.29,783.9,31,True
48.500_-71.500,2016-04,-2.87,626.1,30,True
48.500_-71.500,2016-05,9.2,273.4,31,True
48.500_-71.500,2016-06,15.14,105.1,30,True
48.500_-71.500,2016-07,17.24,44.4,31,True
48.500_-71.500,2016-08,18.33,22.1,31,True
48.500_-71.500,2016-09,14.02,126.3,30,True
48.500_-71.500,2016-10,7.01,340.7,31,True
48.500_-71.500,2016-11,2.04,478.7,30,True
48.500_-71.500,2016-12,-9.56,854.4,31,True
48.500_-71.500,2017-01,-10.79,892.5,31,True
48.500_-71.500,2017-02,-11.25,819.1,28,True
48.500_-71.500,2017-03,-9.17,842.2,31,True
48.500_-71.500,2017-04,1.92,482.3,30,True
48.500_-71.500,2017-05,9.92,250.6,31,True
48.500_-71.500,2017-06,15.6,84.9,30,True
48.500_-71.500,2017-07,17.42,38.9,31,True
48.500_-71.500,2017-08,16.04,68.5,31,True
48.500_-71.500,2017-09,14.78,108.6,30,True
48.500_-71.500,2017-10,9.62,259.8,31,True
48.500_-71.500,2017-11,-2.65,619.6,30,True
48.500_-71.500,2017-12,-13.89,988.7,31,True
48.500_-71.500,2018-01,-15.99,1053.7,31,True
48.500_-71.500,2018-02,-10.67,802.7,28,True
48.500_-71.500,2018-03,-3.56,668.3,31,True
48.500_-71.500,2018-04,-1.51,585.2,30,True
48.500_-71.500,2018-05,8.81,287.9,31,True
48.500_-71.500,2018-06,15.29,104.2,30,True
48.500_-71.500,2018-07,21.18,9.2,31,True
48.500_-71.500,2018-08,19.49,19.2,31,True
48.500_-71.500,2018-09,13.53,151.1,30,True
48.500_-71.500,2018-10,2.98,465.7,31,True
48.500_-71.500,2018-11,-3.96,658.8,30,True
48.500_-71.500,2018-12,-11.72,921.2,31,True
48.500_-71.500,2019-01,-16.13,1057.9,31,True
48.500_-71.500,2019-02,-14.32,904.9,28,True
48.500_-71.500,2019-03,-6.93,772.8,31,True
48.500_-71.500,2019-04,0.06,538.2,30,True
48.500_-71.500,2019-05,7.48,326.1,31,True
48.500_-71.500,2019-06,14.14,120.1,30,True
48.500_-71.500,2019-07,19.66,9.6,31,True
48.500_-71.500,2019-08,17.65,32.3,31,True
48.500_-71.500,2019-09,11.97,181.9,30,True
48.500_-71.500,2019-10,6.48,357.1,31,True
48.500_-71.500,2019-11,-4.18,665.4,30,True
48.500_-71.500,2019-12,-10.02,868.6,31,True
48.500_-71.500,2020-01,-11.75,922.3,31,True
48.500_-71.500,2020-02,-10.57,828.5,29,True
48.500_-71.500,2020-03,-5.86,739.8,31,True
48.500_-71.500,2020-04,-0.34,550.2,30,True
48.500_-71.500,2020-05,8.08,322.1,31,True
48.500_-71.500,2020-06,16.95,90.5,30,True
48.500_-71.500,2020-07,20.27,2.0,31,True
48.500_-71.500,2020-08,17.57,50.3,31,True
48.500_-71.500,2020-09,12.14,179.5,30,True
48.500_-71.500,2020-10,4.29,425.1,31,True
48.500_-71.500,2020-11,0.32,530.3,30,True
48.500_-71.500,2020-12,-7.59,793.2,31,True
48.500_-71.500,2021-01,-10.52,884.2,31,True
48.500_-71.500,2021-02,-11.8,834.3,28,True
48.500_-71.500,2021-03,-4.46,696.3,31,True
48.500_-71.500,2021-04,4.41,407.8,30,True
48.500_-71.500,2021-05,10.47,241.8,31,True
48.500_-71.500,2021-06,17.18,50.8,30,True
48.500_-71.500,2021-07,17.49,40.7,31,True
48.500_-71.500,2021-08,20.37,17.8,31,True
48.500_-71.500,2021-09,13.83,125.2,30,True
48.500_-71.500,2021-10,9.22,272.2,31,True
48.500_-71.500,2021-11,0.21,533.6,30,True
48.500_-71.500,2021-12,-10.7,889.7,31,True
48.500_-71.500,2022-01,-19.62,1166.2,31,True
48.500_-71.500,2022-02,-14.49,909.8,28,True
48.500_-71.500,2022-03,-6.26,752.0,31,True
48.500_-71.500,2022-04,1.41,497.6,30,True
48.500_-71.500,2022-05,10.53,233.6,31,True
48.500_-71.500,2022-06,15.47,84.3,30,True
48.500_-71.500,2022-07,18.37,24.0,31,True
48.500_-71.500,2022-08,18.41,22.9,31,True
48.500_-71.500,2022-09,13.26,151.6,30,True
48.500_-71.500,2022-10,8.91,281.8,31,True
48.500_-71.500,2022-11,0.58,522.9,30,True
48.500_-71.500,2022-12,-5.62,732.3,31,True
48.500_-72.000,2016-01,-10.17,873.3,31,True
48.500_-72.000,2016-02,-12.3,878.8,29,True
48.500_-72.000,2016-03,-6.48,758.9,31,True
48.500_-72.000,2016-04,-2.46,613.7,30,True
48.500_-72.000,2016-05,7.39,329.0,31,True
48.500_-72.000,2016-06,14.17,124.4,30,True
48.500_-72.000,2016-07,18.48,20.6,31,True
48.500_-72.000,2016-08,20.0,5.5,31,True
48.500_-72.000,2016-09,15.87,83.2,30,True
48.500_-72.000,2016-10,8.78,285.9,31,True
48.500_-72.000,2016-11,3.48,435.6,30,True
48.500_-72.000,2016-12,-7.46,789.4,31,True
48.500_-72.000,2017-01,-9.39,849.2,31,True
48.500_-72.000,2017-02,-9.57,772.0,28,True
48.500_-72.000,2017-03,-8.35,816.8,31,True
48.500_-72.000,2017-04,3.04,448.9,30,True
48.500_-72.000,2017-05,10.31,238.3,31,True
48.500_-72.000,2017-06,16.36,69.6,30,True
48.500_-72.000,2017-07,18.58,21.5,31,True
48.500_-72.000,2017-08,17.12,46.4,31,True
48.500_-72.000,2017-09,16.22,78.4,30,True
48.500_-72.000,2017-10,11.13,213.1,31,True
48.500_-72.000,2017-11,-1.4,582.1,30,True
48.500_-72.000,2017-12,-11.87,925.9,31,True
48.500_-72.000,2018-01,-14.18,997.6,31,True
48.500_-72.000,2018-02,-8.7,747.5,28,True
48.500_-72.000,2018-03,-3.08,653.4,31,True
48.500_-72.000,2018-04,-0.17,545.2,30,True
48.500_-72.000,2018-05,10.02,253.3,31,True
48.500_-72.000,2018-06,15.78,95.2,30,True
48.500_-72.000,2018-07,22.12,4.3,31,True
48.500_-72.000,2018-08,20.6,12.5,31,True
48.500_-72.000,2018-09,14.84,121.6,30,True
48.500_-72.000,2018-10,4.05,432.4,31,True
48.500_-72.000,2018-11,-2.75,622.6,30,True
48.500_-72.000,2018-12,-9.38,848.9,31,True
48.500_-72.000,2019-01,-14.57,1009.6,31,True
48.500_-72.000,2019-02,-13.06,869.8,28,True
48.500_-72.000,2019-03,-5.92,741.5,31,True
48.500_-72.000,2019-04,1.34,499.7,30,True
48.500_-72.000,2019-05,8.28,301.2,31,True
48.500_-72.000,2019-06,15.03,100.2,30,True
48.500_-72.000,2019-07,20.92,4.5,31,True
48.500_-72.000,2019-08,18.69,19.3,31,True
48.500_-72.000,2019-09,13.22,146.2,30,True
48.500_-72.000,2019-10,7.73,318.3,31,True
48.500_-72.000,2019-11,-2.94,628.3,30,True
48.500_-72.000,2019-12,-7.61,793.8,31,True
48.500_-72.000,2020-01,-10.28,876.8,31,True
48.500_-72.000,2020-02,-9.04,784.2,29,True
48.500_-72.000,2020-03,-4.34,692.6,31,True
48.500_-72.000,2020-04,0.92,512.5,30,True
48.500_-72.000,2020-05,8.65,307.0,31,True
48.500_-72.000,2020-06,17.67,81.4,30,True
48.500_-72.000,2020-07,21.69,0.0,31,True
48.500_-72.000,2020-08,18.56,38.3,31,True
48.500_-72.000,2020-09,13.32,146.6,30,True
48.500_-72.000,2020-10,5.66,382.6,31,True
48.500_-72.000,2020-11,2.09,477.2,30,True
48.500_-72.000,2020-12,-5.11,716.3,31,True
48.500_-72.000,2021-01,-8.97,836.2,31,True
48.500_-72.000,2021-02,-10.24,790.7,28,True
48.500_-72.000,2021-03,-2.58,637.9,31,True
48.500_-72.000,2021-04,4.88,393.7,30,True
48.500_-72.000,2021-05,11.1,225.7,31,True
48.500_-72.000,2021-06,18.17,35.3,30,True
48.500_-72.000,2021-07,18.63,27.4,31,True
48.500_-72.000,2021-08,21.58,6.8,31,True
48.500_-72.000,2021-09,15.07,90.3,30,True
48.500_-72.000,2021-10,10.42,235.2,31,True
48.500_-72.000,2021-11,1.25,502.6,30,True
48.500_-72.000,2021-12,-8.05,807.7,31,True
48.500_-72.000,2022-01,-17.41,1097.7,31,True
48.500_-72.000,2022-02,-13.04,869.1,28,True
48.500_-72.000,2022-03,-5.1,716.0,31,True
48.500_-72.000,2022-04,2.55,463.5,30,True
48.500_-72.000,2022-05,12.02,191.2,31,True
48.500_-72.000,2022-06,16.43,64.2,30,True
48.500_-72.000,2022-07,19.38,15.1,31,True
48.500_-72.000,2022-08,19.43,14.7,31,True
48.500_-72.000,2022-09,14.41,124.5,30,True
48.500_-72.000,2022-10,10.06,246.6,31,True
48.500_-72.000,2022-11,1.8,486.1,30,True
48.500_-72.000,2022-12,-4.31,691.7,31,True
48.500_-72.500,2016-01,-11.48,914.0,31,True
48.500_-72.500,2016-02,-13.3,907.6,29,True
48.500_-72.500,2016-03,-7.14,779.4,31,True
48.500_-72.500,2016-04,-3.12,633.5,30,True
48.500_-72.500,2016-05,9.33,270.7,31,True
48.500_-72.500,2016-06,15.08,110.2,30,True
48.500_-72.500,2016-07,17.32,43.0,31,True
48.500_-72.500,2016-08,18.25,23.8,31,True
48.500_-72.500,2016-09,13.99,127.4,30,True
48.500_-72.500,2016-10,6.58,354.0,31,True
48.500_-72.500,2016-11,1.38,498.7,30,True
48.500_-72.500,2016-12,-10.43,881.2,31,True
48.500_-72.500,2017-01,-11.39,911.1,31,True
48.500_-72.500,2017-02,-11.32,820.9,28,True
48.500_-72.500,2017-03,-9.69,858.4,31,True
48.500_-72.500,2017-04,1.59,492.2,30,True
48.500_-72.500,2017-05,9.04,277.9,31,True
48.500_-72.500,2017-06,14.83,105.5,30,True
48.500_-72.500,2017-07,16.82,50.7,31,True
48.500_-72.500,2017-08,15.27,89.4,31,True
48.500_-72.500,2017-09,14.53,117.5,30,True
48.500_-72.500,2017-10,9.06,277.2,31,True
48.500_-72.500,2017-11,-3.86,655.9,30,True
48.500_-72.500,2017-12,-14.5,1007.6,31,True
48.500_-72.500,2018-01,-15.8,1047.9,31,True
48.500_-72.500,2018-02,-10.48,797.4,28,True
48.500_-72.500,2018-03,-4.62,701.2,31,True
48.500_-72.500,2018-04,-1.92,597.5,30,True
48.500_-72.500,2018-05,9.13,279.5,31,True
48.500_-72.500,2018-06,14.49,123.7,30,True
48.500_-72.500,2018-07,20.49,14.6,31,True
48.500_-72.500,2018-08,18.6,30.1,31,True
48.500_-72.500,2018-09,12.83,168.7,30,True
48.500_-72.500,2018-10,1.82,501.6,31,True
48.500_-72.500,2018-11,-5.43,702.8,30,True
48.500_-72.500,2018-12,-11.28,907.7,31,True
48.500_-72.500,2019-01,-16.56,1071.3,31,True
48.500_-72.500,2019-02,-14.43,908.1,28,True
48.500_-72.500,2019-03,-7.52,791.1,31,True
48.500_-72.500,2019-04,-0.22,546.6,30,True
48.500_-72.500,2019-05,7.3,331.8,31,True
48.500_-72.500,2019-06,13.67,134.0,30,True
48.500_-72.500,2019-07,19.37,15.7,31,True
48.500_-72.500,2019-08,16.81,49.7,31,True
48.500_-72.500,2019-09,11.28,202.4,30,True
48.500_-72.500,2019-10,5.77,379.0,31,True
48.500_-72.500,2019-11,-5.62,708.6,30,True
48.500_-72.500,2019-12,-10.11,871.5,31,True
48.500_-72.500,2020-01,-12.01,930.2,31,True
48.500_-72.500,2020-02,-10.78,834.6,29,True
48.500_-72.500,2020-03,-5.82,738.3,31,True
48.500_-72.500,2020-04,-0.88,566.5,30,True
48.500_-72.500,2020-05,7.82,327.3,31,True
48.500_-72.500,2020-06,16.38,106.3,30,True
48.500_-72.500,2020-07,20.15,2.3,31,True
48.500_-72.500,2020-08,16.62,67.3,31,True
48.500_-72.500,2020-09,11.29,202.3,30,True
48.500_-72.500,2020-10,3.29,456.0,31,True
48.500_-72.500,2020-11,-0.17,545.2,30,True
48.500_-72.500,2020-12,-7.71,797.0,31,True
48.500_-72.500,2021-01,-10.89,895.5,31,True
48.500_-72.500,2021-02,-11.63,829.7,28,True
48.500_-72.500,2021-03,-4.25,689.8,31,True
48.500_-72.500,2021-04,4.25,412.5,30,True
48.500_-72.500,2021-05,10.08,254.1,31,True
48.500_-72.500,2021-06,16.8,58.8,30,True
48.500_-72.500,2021-07,16.89,54.9,31,True
48.500_-72.500,2021-08,19.83,23.5,31,True
48.500_-72.500,2021-09,12.97,150.8,30,True
48.500_-72.500,2021-10,8.46,295.7,31,True
48.500_-72.500,2021-11,-1.13,573.8,30,True
48.500_-72.500,2021-12,-10.81,893.0,31,True
48.500_-72.500,2022-01,-19.72,1169.2,31,True
48.500_-72.500,2022-02,-14.91,921.5,28,True
48.500_-72.500,2022-03,-6.64,763.8,31,True
48.500_-72.500,2022-04,0.99,510.2,30,True
48.500_-72.500,2022-05,11.25,214.9,31,True
48.500_-72.500,2022-06,15.02,97.2,30,True
48.500_-72.500,2022-07,17.59,39.7,31,True
48.500_-72.500,2022-08,17.59,37.8,31,True
48.500_-72.500,2022-09,12.64,166.7,30,True
48.500_-72.500,2022-10,8.01,309.6,31,True
48.500_-72.500,2022-11,-0.71,561.2,30,True
48.500_-72.500,2022-12,-6.86,770.7,31,True
48.500_-75.000,2016-01,-11.47,913.5,31,True
48.500_-75.000,2016-02,-14.53,943.3,29,True
48.500_-75.000,2016-03,-7.35,785.8,31,True
48.500_-75.000,2016-04,-4.45,673.4,30,True
48.500_-75.000,2016-05,6.86,345.3,31,True
48.500_-75.000,2016-06,13.95,136.4,30,True
48.500_-75.000,2016-07,17.16,38.4,31,True
48.500_-75.000,2016-08,17.8,30.2,31,True
48.500_-75.000,2016-09,13.72,131.5,30,True
48.500_-75.000,2016-10,6.05,370.5,31,True
48.500_-75.000,2016-11,0.28,531.5,30,True
48.500_-75.000,2016-12,-10.51,883.9,31,True
48.500_-75.000,2017-01,-10.2,874.3,31,True
48.500_-75.000,2017-02,-10.19,789.3,28,True
48.500_-75.000,2017-03,-9.97,867.0,31,True
48.500_-75.000,2017-04,0.95,511.6,30,True
48.500_-75.000,2017-05,7.22,334.1,31,True
48.500_-75.000,2017-06,14.11,118.6,30,True
48.500_-75.000,2017-07,16.6,52.3,31,True
48.500_-75.000,2017-08,14.6,106.8,31,True
48.500_-75.000,2017-09,14.2,123.4,30,True
48.500_-75.000,2017-10,8.98,279.7,31,True
48.500_-75.000,2017-11,-4.19,665.7,30,True
48.500_-75.000,2017-12,-13.77,984.8,31,True
48.500_-75.000,2018-01,-14.93,1020.8,31,True
48.500_-75.000,2018-02,-10.81,806.6,28,True
48.500_-75.000,2018-03,-6.03,745.0,31,True
48.500_-75.000,2018-04,-3.01,630.3,30,True
48.500_-75.000,2018-05,7.15,338.8,31,True
48.500_-75.000,2018-06,14.22,121.1,30,True
48.500_-75.000,2018-07,19.69,14.9,31,True
48.500_-75.000,2018-08,18.15,27.5,31,True
48.500_-75.000,2018-09,12.65,167.4,30,True
48.500_-75.000,2018-10,1.79,502.6,31,True
48.500_-75.000,2018-11,-5.25,697.4,30,True
48.500_-75.000,2018-12,-10.02,868.6,31,True
48.500_-75.000,2019-01,-16.91,1082.3,31,True
48.500_-75.000,2019-02,-14.46,908.8,28,True
48.500_-75.000,2019-03,-8.27,814.4,31,True
48.500_-75.000,2019-04,-0.98,569.5,30,True
48.500_-75.000,2019-05,5.08,400.5,31,True
48.500_-75.000,2019-06,13.45,140.9,30,True
48.500_-75.000,2019-07,18.93,19.0,31,True
48.500_-75.000,2019-08,16.47,55.8,31,True
48.500_-75.000,2019-09,11.65,190.6,30,True
48.500_-75.000,2019-10,5.98,372.5,31,True
48.500_-75.000,2019-11,-5.34,700.3,30,True
48.500_-75.000,2019-12,-9.38,848.8,31,True
48.500_-75.000,2020-01,-10.7,889.6,31,True
48.500_-75.000,2020-02,-10.98,840.4,29,True
48.500_-75.000,2020-03,-5.83,738.7,31,True
48.500_-75.000,2020-04,-1.42,582.6,30,True
48.500_-75.000,2020-05,5.0,408.5,31,True
48.500_-75.000,2020-06,15.52,111.4,30,True
48.500_-75.000,2020-07,20.13,2.4,31,True
48.500_-75.000,2020-08,16.46,69.5,31,True
48.500_-75.000,2020-09,11.0,209.9,30,True
48.500_-75.000,2020-10,2.95,466.4,31,True
48.500_-75.000,2020-11,-0.19,545.7,30,True
48.500_-75.000,2020-12,-7.9,802.9,31,True
48.500_-75.000,2021-01,-10.19,873.9,31,True
48.500_-75.000,2021-02,-12.27,847.5,28,True
48.500_-75.000,2021-03,-5.63,732.6,31,True
48.500_-75.000,2021-04,3.2,443.9,30,True
48.500_-75.000,2021-05,9.22,275.0,31,True
48.500_-75.000,2021-06,16.22,65.8,30,True
48.500_-75.000,2021-07,17.01,47.0,31,True
48.500_-75.000,2021-08,19.22,26.5,31,True
48.500_-75.000,2021-09,12.65,160.4,30,True
48.500_-75.000,2021-10,8.76,286.3,31,True
48.500_-75.000,2021-11,-1.38,581.3,30,True
48.500_-75.000,2021-12,-9.8,861.8,31,True
48.500_-75.000,2022-01,-19.11,1150.3,31,True
48.500_-75.000,2022-02,-15.08,926.1,28,True
48.500_-75.000,2022-03,-7.06,776.9,31,True
48.500_-75.000,2022-04,-0.02,540.7,30,True
48.500_-75.000,2022-05,9.39,268.2,31,True
48.500_-75.000,2022-06,14.69,105.8,30,True
48.500_-75.000,2022-07,17.07,46.8,31,True
48.500_-75.000,2022-08,17.24,41.2,31,True
48.500_-75.000,2022-09,12.32,173.1,30,True
48.500_-75.000,2022-10,7.04,339.7,31,True
48.500_-75.000,2022-11,-0.55,556.6,30,True
48.500_-75.000,2022-12,-6.89,771.7,31,True
48.500_-76.500,2016-01,-12.43,943.3,31,True
48.500_-76.500,2016-02,-15.26,964.6,29,True
48.500_-76.500,2016-03,-7.36,786.3,31,True
48.500_-76.500,2016-04,-4.67,680.1,30,True
48.500_-76.500,2016-05,7.96,311.2,31,True
48.500_-76.500,2016-06,13.54,147.9,30,True
48.500_-76.500,2016-07,16.99,43.7,31,True
48.500_-76.500,2016-08,17.49,38.4,31,True
48.500_-76.500,2016-09,13.33,143.7,30,True
48.500_-76.500,2016-10,5.6,384.5,31,True
48.500_-76.500,2016-11,0.08,537.7,30,True
48.500_-76.500,2016-12,-10.9,895.8,31,True
48.500_-76.500,2017-01,-10.82,893.4,31,True
48.500_-76.500,2017-02,-10.75,805.1,28,True
48.500_-76.500,2017-03,-10.59,886.4,31,True
48.500_-76.500,2017-04,0.93,512.2,30,True
48.500_-76.500,2017-05,6.92,343.6,31,True
48.500_-76.500,2017-06,14.05,122.1,30,True
48.500_-76.500,2017-07,16.64,54.3,31,True
48.500_-76.500,2017-08,14.08,123.6,31,True
48.500_-76.500,2017-09,13.87,136.5,30,True
48.500_-76.500,2017-10,8.56,292.7,31,True
48.500_-76.500,2017-11,-5.07,692.2,30,True
48.500_-76.500,2017-12,-15.08,1025.6,31,True
48.500_-76.500,2018-01,-16.21,1060.5,31,True
48.500_-76.500,2018-02,-11.96,839.0,28,True
48.500_-76.500,2018-03,-7.1,778.0,31,True
48.500_-76.500,2018-04,-3.45,643.4,30,True
48.500_-76.500,2018-05,7.71,321.8,31,True
48.500_-76.500,2018-06,14.52,116.6,30,True
48.500_-76.500,2018-07,19.75,16.8,31,True
48.500_-76.500,2018-08,17.64,37.3,31,True
48.500_-76.500,2018-09,12.17,182.2,30,True
48.500_-76.500,2018-10,1.19,521.2,31,True
48.500_-76.500,2018-11,-6.12,723.5,30,True
48.500_-76.500,2018-12,-10.9,895.9,31,True
48.500_-76.500,2019-01,-18.44,1129.6,31,True
48.500_-76.500,2019-02,-14.94,922.2,28,True
48.500_-76.500,2019-03,-8.53,822.5,31,True
48.500_-76.500,2019-04,-1.09,572.6,30,True
48.500_-76.500,2019-05,4.89,406.4,31,True
48.500_-76.500,2019-06,13.27,144.6,30,True
48.500_-76.500,2019-07,18.75,23.1,31,True
48.500_-76.500,2019-08,16.04,66.9,31,True
48.500_-76.500,2019-09,11.38,199.0,30,True
48.500_-76.500,2019-10,5.73,380.5,31,True
48.500_-76.500,2019-11,-6.04,721.3,30,True
48.500_-76.500,2019-12,-10.51,883.7,31,True
48.500_-76.500,2020-01,-11.68,920.0,31,True
48.500_-76.500,2020-02,-11.23,847.6,29,True
48.500_-76.500,2020-03,-5.93,741.7,31,True
48.500_-76.500,2020-04,-1.56,586.9,30,True
48.500_-76.500,2020-05,4.75,416.0,31,True
48.500_-76.500,2020-06,15.25,120.0,30,True
48.500_-76.500,2020-07,19.9,6.8,31,True
48.500_-76.500,2020-08,15.83,84.5,31,True
48.500_-76.500,2020-09,10.71,218.7,30,True
48.500_-76.500,2020-10,2.0,496.1,31,True
48.500_-76.500,2020-11,-0.52,555.5,30,True
48.500_-76.500,2020-12,-9.35,848.0,31,True
48.500_-76.500,2021-01,-11.19,904.9,31,True
48.500_-76.500,2021-02,-13.0,868.0,28,True
48.500_-76.500,2021-03,-5.83,738.7,31,True
48.500_-76.500,2021-04,3.47,435.8,30,True
48.500_-76.500,2021-05,9.31,274.7,31,True
48.500_-76.500,2021-06,15.94,73.7,30,True
48.500_-76.500,2021-07,16.58,59.4,31,True
48.500_-76.500,2021-08,18.79,35.2,31,True
48.500_-76.500,2021-09,11.99,180.4,30,True
48.500_-76.500,2021-10,8.35,299.3,31,True
48.500_-76.500,2021-11,-2.16,604.9,30,True
48.500_-76.500,2021-12,-10.63,887.4,31,True
48.500_-76.500,2022-01,-20.61,1197.0,31,True
48.500_-76.500,2022-02,-15.69,943.2,28,True
48.500_-76.500,2022-03,-7.15,779.6,31,True
48.500_-76.500,2022-04,-0.04,541.1,30,True
48.500_-76.500,2022-05,9.37,269.7,31,True
48.500_-76.500,2022-06,14.69,109.3,30,True
48.500_-76.500,2022-07,16.72,54.6,31,True
48.500_-76.500,2022-08,16.73,53.4,31,True
48.500_-76.500,2022-09,11.93,184.5,30,True
48.500_-76.500,2022-10,6.58,354.0,31,True
48.500_-76.500,2022-11,-1.21,576.4,30,True
48.500_-76.500,2022-12,-7.79,799.4,31,True
48.500_-77.500,2016-01,-12.21,936.5,31,True
48.500_-77.500,2016-02,-14.8,951.3,29,True
48.500_-77.500,2016-03,-6.66,764.4,31,True
48.500_-77.500,2016-04,-3.6,647.9,30,True
48.500_-77.500,2016-05,9.29,270.5,31,True
48.500_-77.500,2016-06,14.06,136.6,30,True
48.500_-77.500,2016-07,17.64,33.9,31,True
48.500_-77.500,2016-08,18.25,26.3,31,True
48.500_-77.500,2016-09,13.93,126.9,30,True
48.500_-77.500,2016-10,6.31,362.5,31,True
48.500_-77.500,2016-11,0.92,512.4,30,True
48.500_-77.500,2016-12,-10.25,875.9,31,True
48.500_-77.500,2017-01,-10.24,875.4,31,True
48.500_-77.500,2017-02,-10.23,790.5,28,True
48.500_-77.500,2017-03,-9.98,867.4,31,True
48.500_-77.500,2017-04,1.86,484.1,30,True
48.500_-77.500,2017-05,7.82,315.7,31,True
48.500_-77.500,2017-06,14.71,105.0,30,True
48.500_-77.500,2017-07,17.17,42.6,31,True
48.500_-77.500,2017-08,14.51,112.4,31,True
48.500_-77.500,2017-09,14.24,130.3,30,True
48.500_-77.500,2017-10,9.0,279.1,31,True
48.500_-77.500,2017-11,-4.76,682.7,30,True
48.500_-77.500,2017-12,-15.23,1030.0,31,True
48.500_-77.500,2018-01,-15.95,1052.6,31,True
48.500_-77.500,2018-02,-11.78,833.9,28,True
48.500_-77.500,2018-03,-6.9,772.0,31,True
48.500_-77.500,2018-04,-3.12,633.6,30,True
48.500_-77.500,2018-05,9.51,268.7,31,True
48.500_-77.500,2018-06,15.15,104.2,30,True
48.500_-77.500,2018-07,20.45,13.1,31,True
48.500_-77.500,2018-08,17.85,37.8,31,True
48.500_-77.500,2018-09,12.52,175.8,30,True
48.500_-77.500,2018-10,1.55,509.8,31,True
48.500_-77.500,2018-11,-6.03,720.9,30,True
48.500_-77.500,2018-12,-10.59,886.4,31,True
48.500_-77.500,2019-01,-18.45,1130.0,31,True
48.500_-77.500,2019-02,-14.62,913.3,28,True
48.500_-77.500,2019-03,-7.99,805.8,31,True
48.500_-77.500,2019-04,-0.39,551.8,30,True
48.500_-77.500,2019-05,6.67,351.2,31,True
48.500_-77.500,2019-06,13.87,129.4,30,True
48.500_-77.500,2019-07,19.28,19.0,31,True
48.500_-77.500,2019-08,16.55,58.6,31,True
48.500_-77.500,2019-09,11.81,187.4,30,True
48.500_-77.500,2019-10,6.18,366.5,31,True
48.500_-77.500,2019-11,-6.2,725.9,30,True
48.500_-77.500,2019-12,-10.31,877.7,31,True
48.500_-77.500,2020-01,-11.41,911.7,31,True
48.500_-77.500,2020-02,-10.85,836.7,29,True
48.500_-77.500,2020-03,-5.43,726.4,31,True
48.500_-77.500,2020-04,-0.73,562.0,30,True
48.500_-77.500,2020-05,6.69,360.0,31,True
48.500_-77.500,2020-06,15.78,112.3,30,True
48.500_-77.500,2020-07,20.13,5.9,31,True
48.500_-77.500,2020-08,16.13,79.4,31,True
48.500_-77.500,2020-09,11.23,203.1,30,True
48.500_-77.500,2020-10,2.52,479.8,31,True
48.500_-77.500,2020-11,0.11,536.7,30,True
48.500_-77.500,2020-12,-9.35,848.0,31,True
48.500_-77.500,2021-01,-11.12,902.7,31,True
48.500_-77.500,2021-02,-13.1,870.7,28,True
48.500_-77.500,2021-03,-4.81,707.0,31,True
48.500_-77.500,2021-04,4.99,390.3,30,True
48.500_-77.500,2021-05,9.69,266.8,31,True
48.500_-77.500,2021-06,16.49,64.6,30,True
48.500_-77.500,2021-07,16.86,53.6,31,True
48.500_-77.500,2021-08,19.19,32.5,31,True
48.500_-77.500,2021-09,12.45,166.7,30,True
48.500_-77.500,2021-10,8.8,285.7,31,True
48.500_-77.500,2021-11,-1.84,595.2,30,True
48.500_-77.500,2021-12,-10.42,880.9,31,True
48.500_-77.500,2022-01,-20.65,1198.2,31,True
48.500_-77.500,2022-02,-15.48,937.5,28,True
48.500_-77.500,2022-03,-6.45,758.0,31,True
48.500_-77.500,2022-04,0.65,520.4,30,True
48.500_-77.500,2022-05,11.84,199.1,31,True
48.500_-77.500,2022-06,15.3,94.4,30,True
48.500_-77.500,2022-07,17.15,48.9,31,True
48.500_-77.500,2022-08,16.9,49.5,31,True
48.500_-77.500,2022-09,12.17,178.6,30,True
48.500_-77.500,2022-10,7.0,341.0,31,True
48.500_-77.500,2022-11,-0.96,568.8,30,True
48.500_-77.500,2022-12,-7.67,795.7,31,True
48.500_-78.000,2016-01,-11.94,928.1,31,True
48.500_-78.000,2016-02,-14.46,941.4,29,True
48.500_-78.000,2016-03,-6.34,754.6,31,True
48.500_-78.000,2016-04,-3.36,640.7,30,True
48.500_-78.000,2016-05,9.45,265.9,31,True
48.500_-78.000,2016-06,14.2,132.5,30,True
48.500_-78.000,2016-07,17.96,30.7,31,True
48.500_-78.000,2016-08,18.69,20.6,31,True
48.500_-78.000,2016-09,14.24,118.5,30,True
48.500_-78.000,2016-10,6.59,353.6,31,True
48.500_-78.000,2016-11,1.37,498.9,30,True
48.500_-78.000,2016-12,-9.88,864.2,31,True
48.500_-78.000,2017-01,-10.24,875.3,31,True
48.500_-78.000,2017-02,-10.32,792.9,28,True
48.500_-78.000,2017-03,-9.94,866.2,31,True
48.500_-78.000,2017-04,1.71,488.7,30,True
48.500_-78.000,2017-05,7.73,318.3,31,True
48.500_-78.000,2017-06,14.61,106.4,30,True
48.500_-78.000,2017-07,17.19,41.2,31,True
48.500_-78.000,2017-08,14.64,108.7,31,True
48.500_-78.000,2017-09,14.32,127.6,30,True
48.500_-78.000,2017-10,9.0,278.9,31,True
48.500_-78.000,2017-11,-4.74,682.2,30,True
48.500_-78.000,2017-12,-15.29,1032.0,31,True
48.500_-78.000,2018-01,-15.9,1050.9,31,True
48.500_-78.000,2018-02,-12.09,842.6,28,True
48.500_-78.000,2018-03,-7.16,780.0,31,True
48.500_-78.000,2018-04,-3.27,638.0,30,True
48.500_-78.000,2018-05,9.46,269.7,31,True
48.500_-78.000,2018-06,15.09,105.5,30,True
48.500_-78.000,2018-07,20.45,12.3,31,True
48.500_-78.000,2018-08,17.98,37.3,31,True
48.500_-78.000,2018-09,12.69,170.9,30,True
48.500_-78.000,2018-10,1.47,512.3,31,True
48.500_-78.000,2018-11,-5.92,717.6,30,True
48.500_-78.000,2018-12,-10.35,878.9,31,True
48.500_-78.000,2019-01,-18.64,1135.8,31,True
48.500_-78.000,2019-02,-14.88,920.6,28,True
48.500_-78.000,2019-03,-8.04,807.1,31,True
48.500_-78.000,2019-04,-0.51,555.2,30,True
48.500_-78.000,2019-05,6.61,353.0,31,True
48.500_-78.000,2019-06,13.81,131.1,30,True
48.500_-78.000,2019-07,19.22,18.6,31,True
48.500_-78.000,2019-08,16.58,58.3,31,True
48.500_-78.000,2019-09,11.96,182.9,30,True
48.500_-78.000,2019-10,6.25,364.2,31,True
48.500_-78.000,2019-11,-6.31,729.4,30,True
48.500_-78.000,2019-12,-10.46,882.4,31,True
48.500_-78.000,2020-01,-11.4,911.4,31,True
48.500_-78.000,2020-02,-11.03,841.8,29,True
48.500_-78.000,2020-03,-5.43,726.4,31,True
48.500_-78.000,2020-04,-0.84,565.2,30,True
48.500_-78.000,2020-05,7.05,349.9,31,True
48.500_-78.000,2020-06,15.61,113.3,30,True
48.500_-78.000,2020-07,20.17,5.2,31,True
48.500_-78.000,2020-08,16.25,76.9,31,True
48.500_-78.000,2020-09,11.42,197.5,30,True
48.500_-78.000,2020-10,2.46,481.7,31,True
48.500_-78.000,2020-11,-0.02,540.5,30,True
48.500_-78.000,2020-12,-9.39,849.2,31,True
48.500_-78.000,2021-01,-11.2,905.2,31,True
48.500_-78.000,2021-02,-13.44,880.3,28,True
48.500_-78.000,2021-03,-4.82,707.5,31,True
48.500_-78.000,2021-04,4.92,392.4,30,True
48.500_-78.000,2021-05,9.84,262.6,31,True
48.500_-78.000,2021-06,16.43,65.3,30,True
48.500_-78.000,2021-07,16.93,54.1,31,True
48.500_-78.000,2021-08,19.11,31.2,31,True
48.500_-78.000,2021-09,12.57,163.0,30,True
48.500_-78.000,2021-10,9.06,277.7,31,True
48.500_-78.000,2021-11,-1.64,589.3,30,True
48.500_-78.000,2021-12,-10.54,884.7,31,True
48.500_-78.000,2022-01,-20.59,1196.4,31,True
48.500_-78.000,2022-02,-15.69,943.2,28,True
48.500_-78.000,2022-03,-6.57,761.8,31,True
48.500_-78.000,2022-04,0.85,514.4,30,True
48.500_-78.000,2022-05,11.87,197.3,31,True
48.500_-78.000,2022-06,15.33,92.5,30,True
48.500_-78.000,2022-07,17.24,45.9,31,True
48.500_-78.000,2022-08,17.05,46.2,31,True
48.500_-78.000,2022-09,12.2,178.7,30,True
48.500_-78.000,2022-10,7.13,337.1,31,True
48.500_-78.000,2022-11,-1.03,570.9,30,True
48.500_-78.000,2022-12,-7.93,803.9,31,True
48.500_-78.500,2016-01,-12.51,945.7,31,True
48.500_-78.500,2016-02,-14.82,951.7,29,True
48.500_-78.500,2016-03,-6.58,762.0,31,True
48.500_-78.500,2016-04,-3.6,648.0,30,True
48.500_-78.500,2016-05,9.17,274.0,31,True
48.500_-78.500,2016-06,13.75,142.1,30,True
48.500_-78.500,2016-07,17.59,36.2,31,True
48.500_-78.500,2016-08,18.34,27.4,31,True
48.500_-78.500,2016-09,13.8,129.8,30,True
48.500_-78.500,2016-10,6.11,368.5,31,True
48.500_-78.500,2016-11,1.01,509.8,30,True
48.500_-78.500,2016-12,-10.38,879.7,31,True
48.500_-78.500,2017-01,-10.02,868.7,31,True
48.500_-78.500,2017-02,-10.05,785.3,28,True
48.500_-78.500,2017-03,-9.76,860.6,31,True
48.500_-78.500,2017-04,1.7,488.9,30,True
48.500_-78.500,2017-05,7.5,325.6,31,True
48.500_-78.500,2017-06,14.58,107.5,30,True
48.500_-78.500,2017-07,17.32,39.1,31,True
48.500_-78.500,2017-08,14.75,105.7,31,True
48.500_-78.500,2017-09,14.34,127.7,30,True
48.500_-78.500,2017-10,8.95,280.4,31,True
48.500_-78.500,2017-11,-4.48,674.4,30,True
48.500_-78.500,2017-12,-15.03,1023.8,31,True
48.500_-78.500,2018-01,-15.55,1040.2,31,True
48.500_-78.500,2018-02,-11.92,837.9,28,True
48.500_-78.500,2018-03,-7.18,780.7,31,True
48.500_-78.500,2018-04,-3.28,638.3,30,True
48.500_-78.500,2018-05,9.71,262.1,31,True
48.500_-78.500,2018-06,15.12,104.5,30,True
48.500_-78.500,2018-07,20.44,11.0,31,True
48.500_-78.500,2018-08,18.04,35.1,31,True
48.500_-78.500,2018-09,12.72,168.9,30,True
48.500_-78.500,2018-10,1.53,510.6,31,True
48.500_-78.500,2018-11,-5.69,710.6,30,True
48.500_-78.500,2018-12,-10.13,872.1,31,True
48.500_-78.500,2019-01,-18.45,1130.0,31,True
48.500_-78.500,2019-02,-14.67,914.8,28,True
48.500_-78.500,2019-03,-7.89,802.7,31,True
48.500_-78.500,2019-04,-0.41,552.4,30,True
48.500_-78.500,2019-05,6.48,357.0,31,True
48.500_-78.500,2019-06,13.89,129.1,30,True
48.500_-78.500,2019-07,19.31,17.3,31,True
48.500_-78.500,2019-08,16.58,58.5,31,True
48.500_-78.500,2019-09,12.05,179.9,30,True
48.500_-78.500,2019-10,6.18,366.4,31,True
48.500_-78.500,2019-11,-6.2,726.1,30,True
48.500_-78.500,2019-12,-10.31,877.7,31,True
48.500_-78.500,2020-01,-11.12,902.6,31,True
48.500_-78.500,2020-02,-11.03,842.0,29,True
48.500_-78.500,2020-03,-5.25,720.7,31,True
48.500_-78.500,2020-04,-0.77,563.0,30,True
48.500_-78.500,2020-05,6.97,351.4,31,True
48.500_-78.500,2020-06,15.62,111.7,30,True
48.500_-78.500,2020-07,20.18,6.1,31,True
48.500_-78.500,2020-08,16.32,75.2,31,True
48.500_-78.500,2020-09,11.42,197.3,30,True
48.500_-78.500,2020-10,2.36,484.8,31,True
48.500_-78.500,2020-11,0.02,539.5,30,True
48.500_-78.500,2020-12,-8.99,836.8,31,True
48.500_-78.500,2021-01,-10.97,898.1,31,True
48.500_-78.500,2021-02,-13.29,876.2,28,True
48.500_-78.500,2021-03,-4.66,702.4,31,True
48.500_-78.500,2021-04,4.86,394.3,30,True
48.500_-78.500,2021-05,9.84,262.7,31,True
48.500_-78.500,2021-06,16.47,64.6,30,True
48.500_-78.500,2021-07,16.99,53.7,31,True
48.500_-78.500,2021-08,19.06,29.2,31,True
48.500_-78.500,2021-09,12.58,162.8,30,True
48.500_-78.500,2021-10,9.04,278.1,31,True
48.500_-78.500,2021-11,-1.57,587.1,30,True
48.500_-78.500,2021-12,-10.22,874.8,31,True
48.500_-78.500,2022-01,-20.21,1184.6,31,True
48.500_-78.500,2022-02,-15.55,939.4,28,True
48.500_-78.500,2022-03,-6.39,756.2,31,True
48.500_-78.500,2022-04,0.88,513.7,30,True
48.500_-78.500,2022-05,11.84,197.6,31,True
48.500_-78.500,2022-06,15.35,92.3,30,True
48.500_-78.500,2022-07,17.29,45.3,31,True
48.500_-78.500,2022-08,17.07,45.5,31,True
48.500_-78.500,2022-09,12.21,179.1,30,True
48.500_-78.500,2022-10,6.99,341.4,31,True
48.500_-78.500,2022-11,-0.9,567.1,30,True
48.500_-78.500,2022-12,-7.84,801.0,31,True
48.500_-79.000,2016-01,-12.16,935.0,31,True
48.500_-79.000,2016-02,-14.29,936.5,29,True
48.500_-79.000,2016-03,-6.11,747.5,31,True
48.500_-79.000,2016-04,-3.28,638.4,30,True
48.500_-79.000,2016-05,9.46,265.6,31,True
48.500_-79.000,2016-06,14.06,134.4,30,True
48.500_-79.000,2016-07,17.84,32.6,31,True
48.500_-79.000,2016-08,18.6,23.4,31,True
48.500_-79.000,2016-09,14.11,121.2,30,True
48.500_-79.000,2016-10,6.45,358.2,31,True
48.500_-79.000,2016-11,1.43,497.1,30,True
48.500_-79.000,2016-12,-10.01,868.4,31,True
48.500_-79.000,2017-01,-9.94,866.2,31,True
48.500_-79.000,2017-02,-9.97,783.1,28,True
48.500_-79.000,2017-03,-9.58,855.1,31,True
48.500_-79.000,2017-04,1.61,491.8,30,True
48.500_-79.000,2017-05,7.48,326.2,31,True
48.500_-79.000,2017-06,14.5,108.8,30,True
48.500_-79.000,2017-07,17.46,36.6,31,True
48.500_-79.000,2017-08,14.91,101.5,31,True
48.500_-79.000,2017-09,14.46,124.1,30,True
48.500_-79.000,2017-10,8.97,280.0,31,True
48.500_-79.000,2017-11,-4.28,668.4,30,True
48.500_-79.000,2017-12,-14.77,1016.0,31,True
48.500_-79.000,2018-01,-15.26,1031.2,31,True
48.500_-79.000,2018-02,-11.86,836.1,28,True
48.500_-79.000,2018-03,-7.36,786.2,31,True
48.500_-79.000,2018-04,-3.28,638.4,30,True
48.500_-79.000,2018-05,9.6,264.8,31,True
48.500_-79.000,2018-06,15.23,101.4,30,True
48.500_-79.000,2018-07,20.45,11.1,31,True
48.500_-79.000,2018-08,18.14,34.9,31,True
48.500_-79.000,2018-09,12.81,165.5,30,True
48.500_-79.000,2018-10,1.6,508.4,31,True
48.500_-79.000,2018-11,-5.56,706.7,30,True
48.500_-79.000,2018-12,-9.84,863.0,31,True
48.500_-79.000,2019-01,-18.22,1122.8,31,True
48.500_-79.000,2019-02,-14.74,916.8,28,True
48.500_-79.000,2019-03,-7.83,800.6,31,True
48.500_-79.000,2019-04,-0.4,552.0,30,True
48.500_-79.000,2019-05,6.47,357.4,31,True
48.500_-79.000,2019-06,13.92,128.6,30,True
48.500_-79.000,2019-07,19.4,15.4,31,True
48.500_-79.000,2019-08,16.61,56.9,31,True
48.500_-79.000,2019-09,12.17,176.8,30,True
48.500_-79.000,2019-10,6.19,366.2,31,True
48.500_-79.000,2019-11,-6.08,722.5,30,True
48.500_-79.000,2019-12,-10.15,872.7,31,True
48.500_-79.000,2020-01,-11.0,899.0,31,True
48.500_-79.000,2020-02,-11.2,846.7,29,True
48.500_-79.000,2020-03,-5.15,717.6,31,True
48.500_-79.000,2020-04,-0.83,564.9,30,True
48.500_-79.000,2020-05,7.0,350.2,31,True
48.500_-79.000,2020-06,15.64,109.5,30,True
48.500_-79.000,2020-07,20.22,6.0,31,True
48.500_-79.000,2020-08,16.41,73.2,31,True
48.500_-79.000,2020-09,11.5,195.0,30,True
48.500_-79.000,2020-10,2.52,479.8,31,True
48.500_-79.000,2020-11,0.03,539.2,30,True
48.500_-79.000,2020-12,-8.84,831.9,31,True
48.500_-79.000,2021-01,-10.87,895.1,31,True
48.500_-79.000,2021-02,-13.38,878.6,28,True
48.500_-79.000,2021-03,-4.74,704.9,31,True
48.500_-79.000,2021-04,4.86,394.2,30,True
48.500_-79.000,2021-05,9.78,263.6,31,True
48.500_-79.000,2021-06,16.46,65.1,30,True
48.500_-79.000,2021-07,17.13,51.1,31,True
48.500_-79.000,2021-08,19.07,26.8,31,True
48.500_-79.000,2021-09,12.56,163.3,30,True
48.500_-79.000,2021-10,9.28,270.7,31,True
48.500_-79.000,2021-11,-1.48,584.3,30,True
48.500_-79.000,2021-12,-9.99,867.8,31,True
48.500_-79.000,2022-01,-20.13,1181.9,31,True
48.500_-79.000,2022-02,-15.57,939.9,28,True
48.500_-79.000,2022-03,-6.45,758.1,31,True
48.500_-79.000,2022-04,0.8,516.1,30,True
48.500_-79.000,2022-05,11.81,197.9,31,True
48.500_-79.000,2022-06,15.35,93.8,30,True
48.500_-79.000,2022-07,17.32,44.5,31,True
48.500_-79.000,2022-08,17.2,43.3,31,True
48.500_-79.000,2022-09,12.35,174.9,30,True
48.500_-79.000,2022-10,7.05,339.4,31,True
48.500_-79.000,2022-11,-0.84,565.1,30,True
48.500_-79.000,2022-12,-7.84,801.1,31,True
48.500_-79.500,2016-01,-11.93,927.7,31,True
48.500_-79.500,2016-02,-13.91,925.4,29,True
48.500_-79.500,2016-03,-5.82,738.5,31,True
48.500_-79.500,2016-04,-3.1,633.1,30,True
48.500_-79.500,2016-05,9.57,262.4,31,True
48.500_-79.500,2016-06,14.37,128.6,30,True
48.500_-79.500,2016-07,18.11,30.3,31,True
48.500_-79.500,2016-08,18.89,20.8,31,True
48.500_-79.500,2016-09,14.29,116.5,30,True
48.500_-79.500,2016-10,6.64,352.3,31,True
48.500_-79.500,2016-11,1.64,490.9,30,True
48.500_-79.500,2016-12,-9.74,859.9,31,True
48.500_-79.500,2017-01,-9.63,856.5,31,True
48.500_-79.500,2017-02,-9.78,777.7,28,True
48.500_-79.500,2017-03,-8.89,833.6,31,True
48.500_-79.500,2017-04,1.66,490.3,30,True
48.500_-79.500,2017-05,7.55,324.1,31,True
48.500_-79.500,2017-06,14.65,104.4,30,True
48.500_-79.500,2017-07,17.73,31.8,31,True
48.500_-79.500,2017-08,15.21,93.8,31,True
48.500_-79.500,2017-09,14.68,120.5,30,True
48.500_-79.500,2017-10,9.11,275.7,31,True
48.500_-79.500,2017-11,-4.11,663.2,30,True
48.500_-79.500,2017-12,-14.53,1008.3,31,True
48.500_-79.500,2018-01,-14.6,1010.6,31,True
48.500_-79.500,2018-02,-11.92,837.9,28,True
48.500_-79.500,2018-03,-7.32,785.0,31,True
48.500_-79.500,2018-04,-3.09,632.8,30,True
48.500_-79.500,2018-05,10.01,253.0,31,True
48.500_-79.500,2018-06,15.48,97.5,30,True
48.500_-79.500,2018-07,20.63,10.6,31,True
48.500_-79.500,2018-08,18.27,34.8,31,True
48.500_-79.500,2018-09,13.09,158.9,30,True
48.500_-79.500,2018-10,1.9,499.2,31,True
48.500_-79.500,2018-11,-5.26,697.9,30,True
48.500_-79.500,2018-12,-9.3,846.2,31,True
48.500_-79.500,2019-01,-17.76,1108.5,31,True
48.500_-79.500,2019-02,-14.54,911.1,28,True
48.500_-79.500,2019-03,-7.44,788.6,31,True
48.500_-79.500,2019-04,-0.29,548.8,30,True
48.500_-79.500,2019-05,6.53,355.6,31,True
48.500_-79.500,2019-06,14.14,125.3,30,True
48.500_-79.500,2019-07,19.79,11.1,31,True
48.500_-79.500,2019-08,16.84,51.9,31,True
48.500_-79.500,2019-09,12.38,171.7,30,True
48.500_-79.500,2019-10,6.29,363.1,31,True
48.500_-79.500,2019-11,-5.86,715.9,30,True
48.500_-79.500,2019-12,-9.96,866.8,31,True
48.500_-79.500,2020-01,-10.5,883.4,31,True
48.500_-79.500,2020-02,-10.94,839.3,29,True
48.500_-79.500,2020-03,-4.85,708.4,31,True
48.500_-79.500,2020-04,-0.87,566.1,30,True
48.500_-79.500,2020-05,7.51,335.3,31,True
48.500_-79.500,2020-06,15.87,105.9,30,True
48.500_-79.500,2020-07,20.42,5.7,31,True
48.500_-79.500,2020-08,16.7,68.8,31,True
48.500_-79.500,2020-09,11.64,190.8,30,True
48.500_-79.500,2020-10,2.61,477.0,31,True
48.500_-79.500,2020-11,0.18,534.6,30,True
48.500_-79.500,2020-12,-8.62,825.1,31,True
48.500_-79.500,2021-01,-10.12,871.7,31,True
48.500_-79.500,2021-02,-13.18,873.1,28,True
48.500_-79.500,2021-03,-4.3,691.3,31,True
48.500_-79.500,2021-04,4.76,397.2,30,True
48.500_-79.500,2021-05,10.03,257.3,31,True
48.500_-79.500,2021-06,16.42,66.6,30,True
48.500_-79.500,2021-07,17.33,47.1,31,True
48.500_-79.500,2021-08,19.28,23.7,31,True
48.500_-79.500,2021-09,12.74,158.1,30,True
48.500_-79.500,2021-10,9.54,262.5,31,True
48.500_-79.500,2021-11,-1.43,583.0,30,True
48.500_-79.500,2021-12,-9.73,859.5,31,True
48.500_-79.500,2022-01,-19.29,1156.1,31,True
48.500_-79.500,2022-02,-15.62,941.3,28,True
48.500_-79.500,2022-03,-6.46,758.4,31,True
48.500_-79.500,2022-04,0.93,512.0,30,True
48.500_-79.500,2022-05,11.91,196.2,31,True
48.500_-79.500,2022-06,15.72,86.5,30,True
48.500_-79.500,2022-07,17.57,40.0,31,True
48.500_-79.500,2022-08,17.43,37.8,31,True
48.500_-79.500,2022-09,12.66,166.7,30,True
48.500_-79.500,2022-10,7.25,333.4,31,True
48.500_-79.500,2022-11,-0.65,559.5,30,True
48.500_-79.500,2022-12,-7.86,801.7,31,True
49.000_-64.500,2016-01,-9.39,849.2,31,True
49.000_-64.500,2016-02,-9.4,794.7,29,True
49.000_-64.500,2016-03,-8.39,818.0,31,True
49.000_-64.500,2016-04,-1.75,592.6,30,True
49.000_-64.500,2016-05,6.55,355.1,31,True
49.000_-64.500,2016-06,11.4,206.6,30,True
49.000_-64.500,2016-07,15.18,93.2,31,True
49.000_-64.500,2016-08,16.03,67.4,31,True
49.000_-64.500,2016-09,11.57,195.8,30,True
49.000_-64.500,2016-10,6.8,347.3,31,True
49.000_-64.500,2016-11,1.26,502.3,30,True
49.000_-64.500,2016-12,-7.59,793.3,31,True
49.000_-64.500,2017-01,-9.4,849.5,31,True
49.000_-64.500,2017-02,-10.18,789.0,28,True
49.000_-64.500,2017-03,-7.99,805.6,31,True
49.000_-64.500,2017-04,-0.69,560.8,30,True
49.000_-64.500,2017-05,6.01,371.7,31,True
49.000_-64.500,2017-06,13.24,148.6,30,True
49.000_-64.500,2017-07,16.24,65.7,31,True
49.000_-64.500,2017-08,15.42,84.9,31,True
49.000_-64.500,2017-09,11.91,182.7,30,True
49.000_-64.500,2017-10,8.3,300.6,31,True
49.000_-64.500,2017-11,-1.85,595.6,30,True
49.000_-64.500,2017-12,-8.8,830.9,31,True
49.000_-64.500,2018-01,-11.26,907.0,31,True
49.000_-64.500,2018-02,-10.3,792.5,28,True
49.000_-64.500,2018-03,-4.08,684.5,31,True
49.000_-64.500,2018-04,-1.55,586.4,30,True
49.000_-64.500,2018-05,4.81,409.0,31,True
49.000_-64.500,2018-06,10.51,225.9,30,True
49.000_-64.500,2018-07,18.75,28.9,31,True
49.000_-64.500,2018-08,17.61,38.8,31,True
49.000_-64.500,2018-09,11.2,208.7,30,True
49.000_-64.500,2018-10,2.29,487.0,31,True
49.000_-64.500,2018-11,-2.97,629.1,30,True
49.000_-64.500,2018-12,-7.86,801.6,31,True
49.000_-64.500,2019-01,-12.01,930.3,31,True
49.000_-64.500,2019-02,-13.46,881.0,28,True
49.000_-64.500,2019-03,-6.75,767.2,31,True
49.000_-64.500,2019-04,-1.23,577.0,30,True
49.000_-64.500,2019-05,4.76,410.3,31,True
49.000_-64.500,2019-06,10.9,213.1,30,True
49.000_-64.500,2019-07,16.81,61.3,31,True
49.000_-64.500,2019-08,16.17,62.9,31,True
49.000_-64.500,2019-09,10.08,237.7,30,True
49.000_-64.500,2019-10,5.5,387.4,31,True
49.000_-64.500,2019-11,-2.49,614.6,30,True
49.000_-64.500,2019-12,-6.43,757.4,31,True
49.000_-64.500,2020-01,-10.83,893.8,31,True
49.000_-64.500,2020-02,-10.34,822.0,29,True
49.000_-64.500,2020-03,-6.91,772.1,31,True
49.000_-64.500,2020-04,-1.13,573.9,30,True
49.000_-64.500,2020-05,6.83,353.8,31,True
49.000_-64.500,2020-06,13.67,146.9,30,True
49.000_-64.500,2020-07,16.61,61.3,31,True
49.000_-64.500,2020-08,15.9,86.5,31,True
49.000_-64.500,2020-09,11.53,196.8,30,True
49.000_-64.500,2020-10,4.79,409.4,31,True
49.000_-64.500,2020-11,-0.39,551.6,30,True
49.000_-64.500,2020-12,-3.55,668.2,31,True
49.000_-64.500,2021-01,-6.61,762.9,31,True
49.000_-64.500,2021-02,-8.63,745.7,28,True
49.000_-64.500,2021-03,-4.81,707.1,31,True
49.000_-64.500,2021-04,1.67,490.0,30,True
49.000_-64.500,2021-05,6.06,370.0,31,True
49.000_-64.500,2021-06,14.27,119.2,30,True
49.000_-64.500,2021-07,15.21,94.9,31,True
49.000_-64.500,2021-08,18.12,37.5,31,True
49.000_-64.500,2021-09,12.2,174.0,30,True
49.000_-64.500,2021-10,7.6,322.3,31,True
49.000_-64.500,2021-11,0.8,515.9,30,True
49.000_-64.500,2021-12,-5.53,729.4,31,True
49.000_-64.500,2022-01,-13.69,982.5,31,True
49.000_-64.500,2022-02,-11.97,839.1,28,True
49.000_-64.500,2022-03,-6.69,765.3,31,True
49.000_-64.500,2022-04,0.06,538.2,30,True
49.000_-64.500,2022-05,6.93,343.3,31,True
49.000_-64.500,2022-06,12.66,163.5,30,True
49.000_-64.500,2022-07,16.58,54.7,31,True
49.000_-64.500,2022-08,17.25,43.3,31,True
49.000_-64.500,2022-09,11.36,199.1,30,True
49.000_-64.500,2022-10,8.31,300.4,31,True
49.000_-64.500,2022-11,-0.48,554.5,30,True
49.000_-64.500,2022-12,-4.68,703.2,31,True
49.000_-65.000,2016-01,-10.98,898.3,31,True
49.000_-65.000,2016-02,-10.73,833.3,29,True
49.000_-65.000,2016-03,-9.22,843.9,31,True
49.000_-65.000,2016-04,-2.2,606.1,30,True
49.000_-65.000,2016-05,7.05,339.3,31,True
49.000_-65.000,2016-06,11.94,195.6,30,True
49.000_-65.000,2016-07,15.22,92.4,31,True
49.000_-65.000,2016-08,15.47,83.7,31,True
49.000_-65.000,2016-09,10.73,220.9,30,True
49.000_-65.000,2016-10,5.57,385.2,31,True
49.000_-65.000,2016-11,0.22,533.5,30,True
49.000_-65.000,2016-12,-9.82,862.3,31,True
49.000_-65.000,2017-01,-11.13,903.1,31,True
49.000_-65.000,2017-02,-11.41,823.6,28,True
49.000_-65.000,2017-03,-9.2,843.2,31,True
49.000_-65.000,2017-04,-0.52,555.5,30,True
49.000_-65.000,2017-05,6.3,362.7,31,True
49.000_-65.000,2017-06,13.23,147.9,30,True
49.000_-65.000,2017-07,15.99,71.4,31,True
49.000_-65.000,2017-08,15.12,94.0,31,True
49.000_-65.000,2017-09,11.4,197.9,30,True
49.000_-65.000,2017-10,7.47,326.4,31,True
49.000_-65.000,2017-11,-3.4,642.1,30,True
49.000_-65.000,2017-12,-11.04,900.2,31,True
49.000_-65.000,2018-01,-13.02,961.7,31,True
49.000_-65.000,2018-02,-11.34,821.4,28,True
49.000_-65.000,2018-03,-5.03,713.8,31,True
49.000_-65.000,2018-04,-2.16,604.8,30,True
49.000_-65.000,2018-05,5.07,400.8,31,True
49.000_-65.000,2018-06,10.78,218.3,30,True
49.000_-65.000,2018-07,19.01,25.7,31,True
49.000_-65.000,2018-08,17.44,44.8,31,True
49.000_-65.000,2018-09,10.39,232.5,30,True
49.000_-65.000,2018-10,0.81,533.0,31,True
49.000_-65.000,2018-11,-4.77,683.2,30,True
49.000_-65.000,2018-12,-9.78,861.3,31,True
49.000_-65.000,2019-01,-13.61,979.8,31,True
49.000_-65.000,2019-02,-14.73,916.4,28,True
49.000_-65.000,2019-03,-7.64,794.7,31,True
49.000_-65.000,2019-04,-1.85,595.6,30,True
49.000_-65.000,2019-05,4.17,428.6,31,True
49.000_-65.000,2019-06,11.34,199.7,30,True
49.000_-65.000,2019-07,17.05,57.8,31,True
49.000_-65.000,2019-08,15.92,70.1,31,True
49.000_-65.000,2019-09,9.34,259.9,30,True
49.000_-65.000,2019-10,4.52,418.0,31,True
49.000_-65.000,2019-11,-4.34,670.2,30,True
49.000_-65.000,2019-12,-8.58,824.0,31,True
49.000_-65.000,2020-01,-11.64,918.9,31,True
49.000_-65.000,2020-02,-11.2,846.7,29,True
49.000_-65.000,2020-03,-7.73,797.6,31,True
49.000_-65.000,2020-04,-1.81,594.3,30,True
49.000_-65.000,2020-05,6.71,359.9,31,True
49.000_-65.000,2020-06,14.36,141.7,30,True
49.000_-65.000,2020-07,16.81,60.3,31,True
49.000_-65.000,2020-08,15.32,102.2,31,True
49.000_-65.000,2020-09,10.72,219.6,30,True
49.000_-65.000,2020-10,3.68,443.9,31,True
49.000_-65.000,2020-11,-1.62,588.6,30,True
49.000_-65.000,2020-12,-4.98,712.5,31,True
49.000_-65.000,2021-01,-8.28,814.7,31,True
49.000_-65.000,2021-02,-10.01,784.3,28,True
49.000_-65.000,2021-03,-5.45,727.1,31,True
49.000_-65.000,2021-04,1.47,496.0,30,True
49.000_-65.000,2021-05,5.83,377.7,31,True
49.000_-65.000,2021-06,14.38,118.4,30,True
49.000_-65.000,2021-07,15.11,99.1,31,True
49.000_-65.000,2021-08,18.08,45.0,31,True
49.000_-65.000,2021-09,11.53,194.2,30,True
49.000_-65.000,2021-10,6.78,347.9,31,True
49.000_-65.000,2021-11,-1.04,571.3,30,True
49.000_-65.000,2021-12,-7.77,799.0,31,True
49.000_-65.000,2022-01,-15.6,1041.6,31,True
49.000_-65.000,2022-02,-13.12,871.3,28,True
49.000_-65.000,2022-03,-7.25,782.8,31,True
49.000_-65.000,2022-04,-0.33,549.9,30,True
49.000_-65.000,2022-05,6.83,346.3,31,True
49.000_-65.000,2022-06,12.94,154.8,30,True
49.000_-65.000,2022-07,16.55,58.5,31,True
49.000_-65.000,2022-08,17.01,47.8,31,True
49.000_-65.000,2022-09,11.2,204.3,30,True
49.000_-65.000,2022-10,8.22,303.2,31,True
49.000_-65.000,2022-11,-2.01,600.4,30,True
49.000_-65.000,2022-12,-6.24,751.5,31,True
49.000_-65.500,2016-01,-12.87,956.9,31,True
49.000_-65.500,2016-02,-12.64,888.5,29,True
49.000_-65.500,2016-03,-10.68,889.0,31,True
49.000_-65.500,2016-04,-3.89,656.6,30,True
49.000_-65.500,2016-05,6.1,369.0,31,True
49.000_-65.500,2016-06,11.33,210.6,30,True
49.000_-65.500,2016-07,14.46,112.7,31,True
49.000_-65.500,2016-08,14.52,109.7,31,True
49.000_-65.500,2016-09,9.63,252.1,30,True
49.000_-65.500,2016-10,3.89,437.3,31,True
49.000_-65.500,2016-11,-1.48,584.4,30,True
49.000_-65.500,2016-12,-11.73,921.6,31,True
49.000_-65.500,2017-01,-12.58,948.0,31,True
49.000_-65.500,2017-02,-12.87,864.4,28,True
49.000_-65.500,2017-03,-10.74,890.8,31,True
49.000_-65.500,2017-04,-1.48,584.4,30,True
49.000_-65.500,2017-05,5.18,397.4,31,True
49.000_-65.500,2017-06,11.69,190.1,30,True
49.000_-65.500,2017-07,14.48,111.0,31,True
49.000_-65.500,2017-08,13.61,136.5,31,True
49.000_-65.500,2017-09,10.13,236.0,30,True
49.000_-65.500,2017-10,5.95,373.5,31,True
49.000_-65.500,2017-11,-5.21,696.4,30,True
49.000_-65.500,2017-12,-12.75,953.1,31,True
49.000_-65.500,2018-01,-14.72,1014.4,31,True
49.000_-65.500,2018-02,-12.57,856.0,28,True
49.000_-65.500,2018-03,-6.34,754.5,31,True
49.000_-65.500,2018-04,-3.45,643.4,30,True
49.000_-65.500,2018-05,4.03,433.0,31,True
49.000_-65.500,2018-06,9.44,256.9,30,True
49.000_-65.500,2018-07,17.42,45.6,31,True
49.000_-65.500,2018-08,16.02,70.8,31,True
49.000_-65.500,2018-09,9.0,270.3,30,True
49.000_-65.500,2018-10,-0.64,577.8,31,True
49.000_-65.500,2018-11,-6.3,729.1,30,True
49.000_-65.500,2018-12,-11.49,914.1,31,True
49.000_-65.500,2019-01,-15.33,1033.2,31,True
49.000_-65.500,2019-02,-16.12,955.5,28,True
49.000_-65.500,2019-03,-9.06,839.0,31,True
49.000_-65.500,2019-04,-3.07,632.2,30,True
49.000_-65.500,2019-05,2.88,468.7,31,True
49.000_-65.500,2019-06,10.12,236.3,30,True
49.000_-65.500,2019-07,15.6,87.2,31,True
49.000_-65.500,2019-08,14.29,114.9,31,True
49.000_-65.500,2019-09,7.88,303.5,30,True
49.000_-65.500,2019-10,3.23,457.9,31,True
49.000_-65.500,2019-11,-5.88,716.5,30,True
49.000_-65.500,2019-12,-10.54,884.8,31,True
49.000_-65.500,2020-01,-13.03,961.8,31,True
49.000_-65.500,2020-02,-12.8,893.2,29,True
49.000_-65.500,2020-03,-9.14,841.4,31,True
49.000_-65.500,2020-04,-3.34,640.1,30,True
49.000_-65.500,2020-05,5.21,401.8,31,True
49.000_-65.500,2020-06,12.7,176.9,30,True
49.000_-65.500,2020-07,15.45,88.3,31,True
49.000_-65.500,2020-08,13.85,135.5,31,True
49.000_-65.500,2020-09,9.21,263.8,30,True
49.000_-65.500,2020-10,2.05,494.3,31,True
49.000_-65.500,2020-11,-3.11,633.3,30,True
49.000_-65.500,2020-12,-6.56,761.4,31,True
49.000_-65.500,2021-01,-10.36,879.2,31,True
49.000_-65.500,2021-02,-11.62,829.4,28,True
49.000_-65.500,2021-03,-6.95,773.5,31,True
49.000_-65.500,2021-04,0.08,537.5,30,True
49.000_-65.500,2021-05,4.47,419.3,31,True
49.000_-65.500,2021-06,12.94,153.5,30,True
49.000_-65.500,2021-07,13.73,134.8,31,True
49.000_-65.500,2021-08,16.52,69.2,31,True
49.000_-65.500,2021-09,10.09,237.2,30,True
49.000_-65.500,2021-10,5.63,383.6,31,True
49.000_-65.500,2021-11,-2.51,615.4,30,True
49.000_-65.500,2021-12,-9.68,858.0,31,True
49.000_-65.500,2022-01,-17.51,1100.9,31,True
49.000_-65.500,2022-02,-14.59,912.6,28,True
49.000_-65.500,2022-03,-8.66,826.4,31,True
49.000_-65.500,2022-04,-1.59,587.6,30,True
49.000_-65.500,2022-05,5.6,384.5,31,True
49.000_-65.500,2022-06,11.38,198.5,30,True
49.000_-65.500,2022-07,14.85,100.2,31,True
49.000_-65.500,2022-08,15.44,83.4,31,True
49.000_-65.500,2022-09,9.78,246.7,30,True
49.000_-65.500,2022-10,6.75,348.7,31,True
49.000_-65.500,2022-11,-3.49,644.8,30,True
49.000_-65.500,2022-12,-7.76,798.7,31,True
49.000_-66.000,2016-01,-14.19,997.8,31,True
49.000_-66.000,2016-02,-14.11,931.3,29,True
49.000_-66.000,2016-03,-12.09,932.8,31,True
49.000_-66.000,2016-04,-5.86,715.9,30,True
49.000_-66.000,2016-05,4.11,430.6,31,True
49.000_-66.000,2016-06,9.65,252.6,30,True
49.000_-66.000,2016-07,12.68,165.2,31,True
49.000_-66.000,2016-08,12.77,162.2,31,True
49.000_-66.000,2016-09,8.15,295.6,30,True
49.000_-66.000,2016-10,2.49,480.9,31,True
49.000_-66.000,2016-11,-2.52,615.6,30,True
49.000_-66.000,2016-12,-13.27,969.4,31,True
49.000_-66.000,2017-01,-14.85,1018.4,31,True
49.000_-66.000,2017-02,-15.28,931.8,28,True
49.000_-66.000,2017-03,-13.15,965.6,31,True
49.000_-66.000,2017-04,-3.31,639.4,30,True
49.000_-66.000,2017-05,3.04,463.9,31,True
49.000_-66.000,2017-06,9.41,257.8,30,True
49.000_-66.000,2017-07,12.04,184.7,31,True
49.000_-66.000,2017-08,11.21,210.5,31,True
49.000_-66.000,2017-09,8.15,295.4,30,True
49.000_-66.000,2017-10,3.55,448.1,31,True
49.000_-66.000,2017-11,-8.08,782.4,30,True
49.000_-66.000,2017-12,-15.49,1038.2,31,True
49.000_-66.000,2018-01,-17.54,1101.8,31,True
49.000_-66.000,2018-02,-15.49,937.6,28,True
49.000_-66.000,2018-03,-8.55,823.1,31,True
49.000_-66.000,2018-04,-5.84,715.2,30,True
49.000_-66.000,2018-05,1.05,525.6,31,True
49.000_-66.000,2018-06,7.25,322.4,30,True
49.000_-66.000,2018-07,14.92,98.9,31,True
49.000_-66.000,2018-08,13.85,128.8,31,True
49.000_-66.000,2018-09,6.84,334.9,30,True
49.000_-66.000,2018-10,-3.08,653.6,31,True
49.000_-66.000,2018-11,-8.87,806.2,30,True
49.000_-66.000,2018-12,-14.05,993.6,31,True
49.000_-66.000,2019-01,-18.14,1120.4,31,True
49.000_-66.000,2019-02,-18.92,1033.7,28,True
49.000_-66.000,2019-03,-11.58,917.0,31,True
49.000_-66.000,2019-04,-5.19,695.6,30,True
49.000_-66.000,2019-05,0.61,539.0,31,True
49.000_-66.000,2019-06,7.8,306.0,30,True
49.000_-66.000,2019-07,13.32,146.1,31,True
49.000_-66.000,2019-08,12.07,183.9,31,True
49.000_-66.000,2019-09,5.68,369.6,30,True
49.000_-66.000,2019-10,1.18,521.5,31,True
49.000_-66.000,2019-11,-8.32,789.5,30,True
49.000_-66.000,2019-12,-12.89,957.5,31,True
49.000_-66.000,2020-01,-15.71,1044.9,31,True
49.000_-66.000,2020-02,-15.31,966.1,29,True
49.000_-66.000,2020-03,-11.51,914.7,31,True
49.000_-66.000,2020-04,-5.35,700.4,30,True
49.000_-66.000,2020-05,1.57,509.3,31,True
49.000_-66.000,2020-06,10.37,233.1,30,True
49.000_-66.000,2020-07,13.61,136.4,31,True
49.000_-66.000,2020-08,11.55,199.9,31,True
49.000_-66.000,2020-09,6.83,335.1,30,True
49.000_-66.000,2020-10,-0.71,579.9,31,True
49.000_-66.000,2020-11,-5.77,713.1,30,True
49.000_-66.000,2020-12,-9.01,837.3,31,True
49.000_-66.000,2021-01,-12.5,945.4,31,True
49.000_-66.000,2021-02,-14.07,898.0,28,True
49.000_-66.000,2021-03,-9.55,854.2,31,True
49.000_-66.000,2021-04,-1.64,589.3,30,True
49.000_-66.000,2021-05,2.08,493.6,31,True
49.000_-66.000,2021-06,10.74,217.8,30,True
49.000_-66.000,2021-07,11.79,192.6,31,True
49.000_-66.000,2021-08,14.29,116.5,31,True
49.000_-66.000,2021-09,7.98,300.5,30,True
49.000_-66.000,2021-10,4.28,425.4,31,True
49.000_-66.000,2021-11,-4.49,674.7,30,True
49.000_-66.000,2021-12,-12.3,939.3,31,True
49.000_-66.000,2022-01,-20.39,1190.0,31,True
49.000_-66.000,2022-02,-17.35,989.7,28,True
49.000_-66.000,2022-03,-11.13,902.9,31,True
49.000_-66.000,2022-04,-3.56,646.9,30,True
49.000_-66.000,2022-05,2.8,471.3,31,True
49.000_-66.000,2022-06,9.24,262.7,30,True
49.000_-66.000,2022-07,12.5,170.4,31,True
49.000_-66.000,2022-08,13.33,144.7,31,True
49.000_-66.000,2022-09,7.95,301.4,30,True
49.000_-66.000,2022-10,4.51,418.1,31,True
49.000_-66.000,2022-11,-5.84,715.2,30,True
49.000_-66.000,2022-12,-10.15,872.5,31,True
49.000_-66.500,2016-01,-9.6,855.5,31,True
49.000_-66.500,2016-02,-9.78,805.6,29,True
49.000_-66.500,2016-03,-7.59,793.3,31,True
49.000_-66.500,2016-04,-1.64,589.1,30,True
49.000_-66.500,2016-05,8.71,287.9,31,True
49.000_-66.500,2016-06,14.0,139.7,30,True
49.000_-66.500,2016-07,17.11,47.6,31,True
49.000_-66.500,2016-08,17.46,36.2,31,True
49.000_-66.500,2016-09,12.91,158.7,30,True
49.000_-66.500,2016-10,7.11,337.7,31,True
49.000_-66.500,2016-11,1.87,484.0,30,True
49.000_-66.500,2016-12,-8.56,823.3,31,True
49.000_-66.500,2017-01,-9.99,867.8,31,True
49.000_-66.500,2017-02,-10.73,804.4,28,True
49.000_-66.500,2017-03,-8.65,826.2,31,True
49.000_-66.500,2017-04,0.91,512.6,30,True
49.000_-66.500,2017-05,8.14,305.6,31,True
49.000_-66.500,2017-06,14.35,118.7,30,True
49.000_-66.500,2017-07,17.03,47.3,31,True
49.000_-66.500,2017-08,16.14,70.6,31,True
49.000_-66.500,2017-09,12.8,156.0,30,True
49.000_-66.500,2017-10,8.85,283.7,31,True
49.000_-66.500,2017-11,-2.56,616.7,30,True
49.000_-66.500,2017-12,-10.76,891.6,31,True
49.000_-66.500,2018-01,-12.71,952.1,31,True
49.000_-66.500,2018-02,-9.94,782.4,28,True
49.000_-66.500,2018-03,-3.98,681.4,31,True
49.000_-66.500,2018-04,-1.41,582.2,30,True
49.000_-66.500,2018-05,6.53,355.6,31,True
49.000_-66.500,2018-06,12.28,179.4,30,True
49.000_-66.500,2018-07,20.13,17.1,31,True
49.000_-66.500,2018-08,18.59,30.5,31,True
49.000_-66.500,2018-09,12.01,187.4,30,True
49.000_-66.500,2018-10,1.84,501.0,31,True
49.000_-66.500,2018-11,-3.89,656.6,30,True
49.000_-66.500,2018-12,-9.14,841.2,31,True
49.000_-66.500,2019-01,-13.49,976.2,31,True
49.000_-66.500,2019-02,-13.87,892.4,28,True
49.000_-66.500,2019-03,-6.34,754.6,31,True
49.000_-66.500,2019-04,-0.58,557.3,30,True
49.000_-66.500,2019-05,5.76,379.3,31,True
49.000_-66.500,2019-06,12.79,156.8,30,True
49.000_-66.500,2019-07,18.06,37.1,31,True
49.000_-66.500,2019-08,16.77,52.0,31,True
49.000_-66.500,2019-09,10.5,225.0,30,True
49.000_-66.500,2019-10,5.78,378.8,31,True
49.000_-66.500,2019-11,-3.69,650.7,30,True
49.000_-66.500,2019-12,-8.04,807.1,31,True
49.000_-66.500,2020-01,-11.02,899.5,31,True
49.000_-66.500,2020-02,-9.8,806.1,29,True
49.000_-66.500,2020-03,-6.46,758.4,31,True
49.000_-66.500,2020-04,-0.58,557.5,30,True
49.000_-66.500,2020-05,7.9,326.4,31,True
49.000_-66.500,2020-06,15.23,121.7,30,True
49.000_-66.500,2020-07,18.18,30.2,31,True
49.000_-66.500,2020-08,16.5,75.8,31,True
49.000_-66.500,2020-09,12.04,184.4,30,True
49.000_-66.500,2020-10,4.55,416.9,31,True
49.000_-66.500,2020-11,-0.21,546.4,30,True
49.000_-66.500,2020-12,-4.29,690.9,31,True
49.000_-66.500,2021-01,-8.24,813.5,31,True
49.000_-66.500,2021-02,-9.92,781.7,28,True
49.000_-66.500,2021-03,-4.5,697.4,31,True
49.000_-66.500,2021-04,1.96,481.1,30,True
49.000_-66.500,2021-05,7.34,331.5,31,True
49.000_-66.500,2021-06,15.9,83.6,30,True
49.000_-66.500,2021-07,16.45,67.5,31,True
49.000_-66.500,2021-08,19.31,26.9,31,True
49.000_-66.500,2021-09,12.87,153.9,30,True
49.000_-66.500,2021-10,7.72,318.7,31,True
49.000_-66.500,2021-11,-0.13,544.0,30,True
49.000_-66.500,2021-12,-7.5,790.4,31,True
49.000_-66.500,2022-01,-15.27,1031.3,31,True
49.000_-66.500,2022-02,-12.29,848.0,28,True
49.000_-66.500,2022-03,-6.2,750.2,31,True
49.000_-66.500,2022-04,0.83,515.2,30,True
49.000_-66.500,2022-05,8.2,303.7,31,True
49.000_-66.500,2022-06,14.11,122.5,30,True
49.000_-66.500,2022-07,17.66,39.2,31,True
49.000_-66.500,2022-08,17.98,33.2,31,True
49.000_-66.500,2022-09,12.18,175.9,30,True
49.000_-66.500,2022-10,9.37,267.4,31,True
49.000_-66.500,2022-11,-0.33,549.8,30,True
49.000_-66.500,2022-12,-5.18,718.6,31,True
49.000_-67.000,2016-01,-7.93,803.9,31,True
49.000_-67.000,2016-02,-8.33,763.6,29,True
49.000_-67.000,2016-03,-6.19,749.8,31,True
49.000_-67.000,2016-04,-0.56,556.8,30,True
49.000_-67.000,2016-05,9.22,272.2,31,True
49.000_-67.000,2016-06,13.25,155.7,30,True
49.000_-67.000,2016-07,17.09,44.0,31,True
49.000_-67.000,2016-08,17.77,28.3,31,True
49.000_-67.000,2016-09,13.41,142.8,30,True
49.000_-67.000,2016-10,8.02,309.4,31,True
49.000_-67.000,2016-11,2.13,476.2,30,True
49.000_-67.000,2016-12,-7.14,779.2,31,True
49.000_-67.000,2017-01,-7.68,796.2,31,True
49.000_-67.000,2017-02,-8.44,740.3,28,True
49.000_-67.000,2017-03,-6.63,763.5,31,True
49.000_-67.000,2017-04,1.97,480.8,30,True
49.000_-67.000,2017-05,8.74,287.2,31,True
49.000_-67.000,2017-06,15.64,86.5,30,True
49.000_-67.000,2017-07,18.21,26.5,31,True
49.000_-67.000,2017-08,17.36,39.5,31,True
49.000_-67.000,2017-09,14.48,108.1,30,True
49.000_-67.000,2017-10,10.89,220.5,31,True
49.000_-67.000,2017-11,-0.27,548.0,30,True
49.000_-67.000,2017-12,-8.4,818.5,31,True
49.000_-67.000,2018-01,-10.28,876.8,31,True
49.000_-67.000,2018-02,-7.7,719.6,28,True
49.000_-67.000,2018-03,-2.18,625.6,31,True
49.000_-67.000,2018-04,-0.02,540.5,30,True
49.000_-67.000,2018-05,7.65,321.5,31,True
49.000_-67.000,2018-06,13.51,145.0,30,True
49.000_-67.000,2018-07,20.81,10.1,31,True
49.000_-67.000,2018-08,19.76,15.3,31,True
49.000_-67.000,2018-09,13.75,140.7,30,True
49.000_-67.000,2018-10,4.09,431.3,31,True
49.000_-67.000,2018-11,-1.37,581.2,30,True
49.000_-67.000,2018-12,-6.83,769.7,31,True
49.000_-67.000,2019-01,-11.48,914.0,31,True
49.000_-67.000,2019-02,-11.71,831.9,28,True
49.000_-67.000,2019-03,-4.49,697.3,31,True
49.000_-67.000,2019-04,1.01,509.8,30,True
49.000_-67.000,2019-05,7.29,331.9,31,True
49.000_-67.000,2019-06,13.89,123.9,30,True
49.000_-67.000,2019-07,19.24,15.4,31,True
49.000_-67.000,2019-08,18.17,24.5,31,True
49.000_-67.000,2019-09,12.15,176.6,30,True
49.000_-67.000,2019-10,7.62,321.7,31,True
49.000_-67.000,2019-11,-1.23,576.8,30,True
49.000_-67.000,2019-12,-5.57,730.8,31,True
49.000_-67.000,2020-01,-8.73,828.5,31,True
49.000_-67.000,2020-02,-7.86,750.0,29,True
49.000_-67.000,2020-03,-4.41,694.7,31,True
49.000_-67.000,2020-04,1.09,507.2,30,True
49.000_-67.000,2020-05,9.06,291.1,31,True
49.000_-67.000,2020-06,16.09,98.2,30,True
49.000_-67.000,2020-07,19.38,12.3,31,True
49.000_-67.000,2020-08,18.05,43.9,31,True
49.000_-67.000,2020-09,13.75,137.9,30,True
49.000_-67.000,2020-10,6.6,353.5,31,True
49.000_-67.000,2020-11,2.13,476.2,30,True
49.000_-67.000,2020-12,-1.76,612.7,31,True
49.000_-67.000,2021-01,-5.64,732.8,31,True
49.000_-67.000,2021-02,-7.78,721.8,28,True
49.000_-67.000,2021-03,-2.9,648.0,31,True
49.000_-67.000,2021-04,3.42,437.4,30,True
49.000_-67.000,2021-05,8.84,286.5,31,True
49.000_-67.000,2021-06,17.04,59.9,30,True
49.000_-67.000,2021-07,17.71,42.9,31,True
49.000_-67.000,2021-08,20.54,9.3,31,True
49.000_-67.000,2021-09,14.54,106.9,30,True
49.000_-67.000,2021-10,9.71,257.0,31,True
49.000_-67.000,2021-11,2.42,467.3,30,True
49.000_-67.000,2021-12,-5.04,714.1,31,True
49.000_-67.000,2022-01,-12.97,960.1,31,True
49.000_-67.000,2022-02,-10.38,794.6,28,True
49.000_-67.000,2022-03,-4.52,698.1,31,True
49.000_-67.000,2022-04,2.2,473.9,30,True
49.000_-67.000,2022-05,9.57,261.4,31,True
49.000_-67.000,2022-06,15.03,99.8,30,True
49.000_-67.000,2022-07,18.88,17.3,31,True
49.000_-67.000,2022-08,19.14,13.3,31,True
49.000_-67.000,2022-09,13.73,131.6,30,True
49.000_-67.000,2022-10,11.01,216.8,31,True
49.000_-67.000,2022-11,1.93,482.5,30,True
49.000_-67.000,2022-12,-2.87,646.9,31,True
49.000_-67.500,2016-01,-8.05,807.4,31,True
49.000_-67.500,2016-02,-8.37,764.7,29,True
49.000_-67.500,2016-03,-6.11,747.3,31,True
49.000_-67.500,2016-04,-0.3,548.9,30,True
49.000_-67.500,2016-05,9.38,267.1,31,True
49.000_-67.500,2016-06,12.9,164.3,30,True
49.000_-67.500,2016-07,16.94,45.9,31,True
49.000_-67.500,2016-08,17.77,26.9,31,True
49.000_-67.500,2016-09,13.4,142.4,30,True
49.000_-67.500,2016-10,8.05,308.6,31,True
49.000_-67.500,2016-11,1.73,488.2,30,True
49.000_-67.500,2016-12,-7.27,783.3,31,True
49.000_-67.500,2017-01,-6.56,761.5,31,True
49.000_-67.500,2017-02,-8.27,735.5,28,True
49.000_-67.500,2017-03,-6.6,762.6,31,True
49.000_-67.500,2017-04,0.92,512.3,30,True
49.000_-67.500,2017-05,5.79,378.4,31,True
49.000_-67.500,2017-06,12.43,167.1,30,True
49.000_-67.500,2017-07,14.48,109.1,31,True
49.000_-67.500,2017-08,13.95,127.1,31,True
49.000_-67.500,2017-09,12.15,175.6,30,True
49.000_-67.500,2017-10,9.44,265.5,31,True
49.000_-67.500,2017-11,0.24,532.9,30,True
49.000_-67.500,2017-12,-7.12,778.8,31,True
49.000_-67.500,2018-01,-9.76,860.7,31,True
49.000_-67.500,2018-02,-7.4,711.2,28,True
49.000_-67.500,2018-03,-2.03,620.8,31,True
49.000_-67.500,2018-04,-0.69,560.6,30,True
49.000_-67.500,2018-05,5.38,391.1,31,True
49.000_-67.500,2018-06,10.82,215.4,30,True
49.000_-67.500,2018-07,15.67,73.9,31,True
49.000_-67.500,2018-08,16.34,52.9,31,True
49.000_-67.500,2018-09,11.79,186.3,30,True
49.000_-67.500,2018-10,4.64,414.1,31,True
49.000_-67.500,2018-11,-0.63,558.8,30,True
49.000_-67.500,2018-12,-6.16,749.0,31,True
49.000_-67.500,2019-01,-11.53,915.4,31,True
49.000_-67.500,2019-02,-11.44,824.3,28,True
49.000_-67.500,2019-03,-4.63,701.4,31,True
49.000_-67.500,2019-04,1.15,505.5,30,True
49.000_-67.500,2019-05,6.01,371.7,31,True
49.000_-67.500,2019-06,11.06,208.2,30,True
49.000_-67.500,2019-07,15.47,79.2,31,True
49.000_-67.500,2019-08,14.84,97.9,31,True
49.000_-67.500,2019-09,10.6,222.1,30,True
49.000_-67.500,2019-10,6.91,343.8,31,True
49.000_-67.500,2019-11,-0.15,544.6,30,True
49.000_-67.500,2019-12,-4.57,699.6,31,True
49.000_-67.500,2020-01,-8.68,827.0,31,True
49.000_-67.500,2020-02,-8.1,756.9,29,True
49.000_-67.500,2020-03,-4.6,700.6,31,True
49.000_-67.500,2020-04,1.13,506.0,30,True
49.000_-67.500,2020-05,6.75,348.6,31,True
49.000_-67.500,2020-06,11.98,180.7,30,True
49.000_-67.500,2020-07,16.79,50.3,31,True
49.000_-67.500,2020-08,15.52,79.9,31,True
49.000_-67.500,2020-09,11.39,198.2,30,True
49.000_-67.500,2020-10,5.94,373.9,31,True
49.000_-67.500,2020-11,1.72,488.5,30,True
49.000_-67.500,2020-12,-1.55,606.0,31,True
49.000_-67.500,2021-01,-4.94,711.0,31,True
49.000_-67.500,2021-02,-8.13,731.7,28,True
49.000_-67.500,2021-03,-3.34,661.4,31,True
49.000_-67.500,2021-04,2.75,457.4,30,True
49.000_-67.500,2021-05,7.14,336.8,31,True
49.000_-67.500,2021-06,13.08,147.6,30,True
49.000_-67.500,2021-07,14.65,104.6,31,True
49.000_-67.500,2021-08,16.47,48.1,31,True
49.000_-67.500,2021-09,13.07,147.9,30,True
49.000_-67.500,2021-10,8.98,279.7,31,True
49.000_-67.500,2021-11,3.58,432.7,30,True
49.000_-67.500,2021-12,-3.84,677.1,31,True
49.000_-67.500,2022-01,-12.61,949.0,31,True
49.000_-67.500,2022-02,-10.58,800.1,28,True
49.000_-67.500,2022-03,-4.96,711.7,31,True
49.000_-67.500,2022-04,1.9,483.0,30,True
49.000_-67.500,2022-05,6.93,343.2,31,True
49.000_-67.500,2022-06,11.35,199.5,30,True
49.000_-67.500,2022-07,14.88,96.6,31,True
49.000_-67.500,2022-08,15.88,66.5,31,True
49.000_-67.500,2022-09,12.09,177.4,30,True
49.000_-67.500,2022-10,8.58,292.0,31,True
49.000_-67.500,2022-11,2.15,475.6,30,True
49.000_-67.500,2022-12,-1.92,617.4,31,True
49.000_-68.000,2016-01,-8.85,832.3,31,True
49.000_-68.000,2016-02,-9.76,804.9,29,True
49.000_-68.000,2016-03,-6.62,763.1,31,True
49.000_-68.000,2016-04,-0.38,551.4,30,True
49.000_-68.000,2016-05,9.31,269.5,31,True
49.000_-68.000,2016-06,14.36,116.2,30,True
49.000_-68.000,2016-07,17.12,40.3,31,True
49.000_-68.000,2016-08,17.41,29.6,31,True
49.000_-68.000,2016-09,12.79,157.5,30,True
49.000_-68.000,2016-10,7.94,311.8,31,True
49.000_-68.000,2016-11,2.56,463.2,30,True
49.000_-68.000,2016-12,-7.46,789.3,31,True
49.000_-68.000,2017-01,-6.67,764.9,31,True
49.000_-68.000,2017-02,-8.38,738.6,28,True
49.000_-68.000,2017-03,-6.66,764.6,31,True
49.000_-68.000,2017-04,1.06,508.3,30,True
49.000_-68.000,2017-05,5.84,377.0,31,True
49.000_-68.000,2017-06,11.62,191.4,30,True
49.000_-68.000,2017-07,13.66,134.4,31,True
49.000_-68.000,2017-08,13.24,147.5,31,True
49.000_-68.000,2017-09,11.78,186.5,30,True
49.000_-68.000,2017-10,8.76,286.3,31,True
49.000_-68.000,2017-11,0.05,538.6,30,True
49.000_-68.000,2017-12,-7.53,791.3,31,True
49.000_-68.000,2018-01,-10.28,876.6,31,True
49.000_-68.000,2018-02,-7.53,714.9,28,True
49.000_-68.000,2018-03,-1.97,619.2,31,True
49.000_-68.000,2018-04,-0.67,560.2,30,True
49.000_-68.000,2018-05,5.18,397.4,31,True
49.000_-68.000,2018-06,10.58,222.6,30,True
49.000_-68.000,2018-07,14.5,108.7,31,True
49.000_-68.000,2018-08,15.23,85.9,31,True
49.000_-68.000,2018-09,11.27,201.9,30,True
49.000_-68.000,2018-10,4.42,421.0,31,True
49.000_-68.000,2018-11,-0.68,560.5,30,True
49.000_-68.000,2018-12,-6.23,751.0,31,True
49.000_-68.000,2019-01,-11.28,907.6,31,True
49.000_-68.000,2019-02,-10.82,807.0,28,True
49.000_-68.000,2019-03,-4.4,694.4,31,True
49.000_-68.000,2019-04,1.12,506.5,30,True
49.000_-68.000,2019-05,5.92,374.6,31,True
49.000_-68.000,2019-06,10.93,212.1,30,True
49.000_-68.000,2019-07,14.75,100.6,31,True
49.000_-68.000,2019-08,13.76,131.3,31,True
49.000_-68.000,2019-09,9.96,241.1,30,True
49.000_-68.000,2019-10,6.65,351.8,31,True
49.000_-68.000,2019-11,-0.39,551.7,30,True
49.000_-68.000,2019-12,-4.95,711.5,31,True
49.000_-68.000,2020-01,-8.39,818.2,31,True
49.000_-68.000,2020-02,-7.47,738.7,29,True
49.000_-68.000,2020-03,-4.06,683.9,31,True
49.000_-68.000,2020-04,1.16,505.1,30,True
49.000_-68.000,2020-05,6.37,360.4,31,True
49.000_-68.000,2020-06,11.43,197.2,30,True
49.000_-68.000,2020-07,16.46,54.0,31,True
49.000_-68.000,2020-08,14.42,111.9,31,True
49.000_-68.000,2020-09,10.37,228.8,30,True
49.000_-68.000,2020-10,5.58,384.9,31,True
49.000_-68.000,2020-11,1.48,495.7,30,True
49.000_-68.000,2020-12,-2.15,624.8,31,True
49.000_-68.000,2021-01,-4.87,709.1,31,True
49.000_-68.000,2021-02,-7.3,708.5,28,True
49.000_-68.000,2021-03,-3.06,653.0,31,True
49.000_-68.000,2021-04,2.93,452.0,30,True
49.000_-68.000,2021-05,6.94,342.9,31,True
49.000_-68.000,2021-06,12.19,174.4,30,True
49.000_-68.000,2021-07,14.36,112.8,31,True
49.000_-68.000,2021-08,15.15,88.2,31,True
49.000_-68.000,2021-09,12.57,162.8,30,True
49.000_-68.000,2021-10,9.16,274.0,31,True
49.000_-68.000,2021-11,3.39,438.2,30,True
49.000_-68.000,2021-12,-4.2,688.2,31,True
49.000_-68.000,2022-01,-12.66,950.4,31,True
49.000_-68.000,2022-02,-10.8,806.3,28,True
49.000_-68.000,2022-03,-4.27,690.3,31,True
49.000_-68.000,2022-04,1.96,481.3,30,True
49.000_-68.000,2022-05,6.92,343.5,31,True
49.000_-68.000,2022-06,11.15,205.4,30,True
49.000_-68.000,2022-07,13.53,138.5,31,True
49.000_-68.000,2022-08,14.72,101.7,31,True
49.000_-68.000,2022-09,11.65,190.6,30,True
49.000_-68.000,2022-10,8.12,306.3,31,True
49.000_-68.000,2022-11,1.9,482.9,30,True
49.000_-68.000,2022-12,-2.23,627.0,31,True
49.000_-68.500,2016-01,-9.3,846.4,31,True
49.000_-68.500,2016-02,-9.89,808.8,29,True
49.000_-68.500,2016-03,-6.74,766.8,31,True
49.000_-68.500,2016-04,-0.93,568.0,30,True
49.000_-68.500,2016-05,9.13,275.1,31,True
49.000_-68.500,2016-06,13.07,152.5,30,True
49.000_-68.500,2016-07,16.92,45.6,31,True
49.000_-68.500,2016-08,17.46,30.0,31,True
49.000_-68.500,2016-09,13.18,147.3,30,True
49.000_-68.500,2016-10,7.73,318.3,31,True
49.000_-68.500,2016-11,1.62,491.4,30,True
49.000_-68.500,2016-12,-8.33,816.1,31,True
49.000_-68.500,2017-01,-9.55,854.2,31,True
49.000_-68.500,2017-02,-10.09,786.4,28,True
49.000_-68.500,2017-03,-7.64,794.9,31,True
49.000_-68.500,2017-04,1.03,509.0,30,True
49.000_-68.500,2017-05,7.83,315.2,31,True
49.000_-68.500,2017-06,14.6,103.6,30,True
49.000_-68.500,2017-07,17.38,29.7,31,True
49.000_-68.500,2017-08,16.27,57.4,31,True
49.000_-68.500,2017-09,13.59,132.5,30,True
49.000_-68.500,2017-10,8.86,283.4,31,True
49.000_-68.500,2017-11,-1.61,588.2,30,True
49.000_-68.500,2017-12,-10.87,894.9,31,True
49.000_-68.500,2018-01,-12.95,959.3,31,True
49.000_-68.500,2018-02,-9.49,769.6,28,True
49.000_-68.500,2018-03,-2.32,629.8,31,True
49.000_-68.500,2018-04,-0.89,566.6,30,True
49.000_-68.500,2018-05,6.58,353.9,31,True
49.000_-68.500,2018-06,13.18,147.9,30,True
49.000_-68.500,2018-07,18.82,16.0,31,True
49.000_-68.500,2018-08,18.25,19.7,31,True
49.000_-68.500,2018-09,12.36,172.4,30,True
49.000_-68.500,2018-10,3.54,448.3,31,True
49.000_-68.500,2018-11,-2.54,616.3,30,True
49.000_-68.500,2018-12,-9.64,856.8,31,True
49.000_-68.500,2019-01,-13.12,964.7,31,True
49.000_-68.500,2019-02,-12.47,853.2,28,True
49.000_-68.500,2019-03,-5.63,732.4,31,True
49.000_-68.500,2019-04,0.57,523.0,30,True
49.000_-68.500,2019-05,6.68,350.8,31,True
49.000_-68.500,2019-06,13.13,146.1,30,True
49.000_-68.500,2019-07,18.37,21.2,31,True
49.000_-68.500,2019-08,17.09,33.0,31,True
49.000_-68.500,2019-09,11.61,191.6,30,True
49.000_-68.500,2019-10,6.68,351.0,31,True
49.000_-68.500,2019-11,-2.54,616.2,30,True
49.000_-68.500,2019-12,-8.2,812.2,31,True
49.000_-68.500,2020-01,-10.48,882.8,31,True
49.000_-68.500,2020-02,-9.1,786.0,29,True
49.000_-68.500,2020-03,-5.34,723.5,31,True
49.000_-68.500,2020-04,0.54,523.7,30,True
49.000_-68.500,2020-05,7.95,314.0,31,True
49.000_-68.500,2020-06,14.93,109.9,30,True
49.000_-68.500,2020-07,18.67,13.9,31,True
49.000_-68.500,2020-08,17.44,45.8,31,True
49.000_-68.500,2020-09,11.97,181.0,30,True
49.000_-68.500,2020-10,5.36,391.7,31,True
49.000_-68.500,2020-11,0.3,531.0,30,True
49.000_-68.500,2020-12,-4.58,699.9,31,True
49.000_-68.500,2021-01,-7.49,790.2,31,True
49.000_-68.500,2021-02,-8.7,747.6,28,True
49.000_-68.500,2021-03,-4.17,687.2,31,True
49.000_-68.500,2021-04,3.67,429.8,30,True
49.000_-68.500,2021-05,8.64,291.4,31,True
49.000_-68.500,2021-06,15.58,81.3,30,True
49.000_-68.500,2021-07,17.25,39.8,31,True
49.000_-68.500,2021-08,18.85,16.8,31,True
49.000_-68.500,2021-09,13.65,130.6,30,True
49.000_-68.500,2021-10,9.32,269.0,31,True
49.000_-68.500,2021-11,1.7,488.9,30,True
49.000_-68.500,2021-12,-7.48,790.0,31,True
49.000_-68.500,2022-01,-16.03,1054.8,31,True
49.000_-68.500,2022-02,-12.01,840.2,28,True
49.000_-68.500,2022-03,-5.22,719.8,31,True
49.000_-68.500,2022-04,2.01,479.6,30,True
49.000_-68.500,2022-05,8.48,295.2,31,True
49.000_-68.500,2022-06,13.72,128.5,30,True
49.000_-68.500,2022-07,17.57,27.7,31,True
49.000_-68.500,2022-08,18.09,18.9,31,True
49.000_-68.500,2022-09,12.97,151.0,30,True
49.000_-68.500,2022-10,8.63,290.5,31,True
49.000_-68.500,2022-11,0.71,518.8,30,True
49.000_-68.500,2022-12,-4.55,698.9,31,True
49.000_-69.000,2016-01,-11.25,906.8,31,True
49.000_-69.000,2016-02,-11.82,864.8,29,True
49.000_-69.000,2016-03,-8.01,806.3,31,True
49.000_-69.000,2016-04,-2.18,605.3,30,True
49.000_-69.000,2016-05,8.84,284.0,31,True
49.000_-69.000,2016-06,14.11,131.1,30,True
49.000_-69.000,2016-07,17.11,46.1,31,True
49.000_-69.000,2016-08,17.7,31.0,31,True
49.000_-69.000,2016-09,13.0,155.4,30,True
49.000_-69.000,2016-10,6.85,345.5,31,True
49.000_-69.000,2016-11,1.25,502.6,30,True
49.000_-69.000,2016-12,-10.4,880.5,31,True
49.000_-69.000,2017-01,-11.51,914.7,31,True
49.000_-69.000,2017-02,-11.63,829.7,28,True
49.000_-69.000,2017-03,-9.01,837.3,31,True
49.000_-69.000,2017-04,0.44,526.9,30,True
49.000_-69.000,2017-05,7.11,337.6,31,True
49.000_-69.000,2017-06,14.88,102.8,30,True
49.000_-69.000,2017-07,17.55,38.4,31,True
49.000_-69.000,2017-08,16.06,68.3,31,True
49.000_-69.000,2017-09,13.38,140.5,30,True
49.000_-69.000,2017-10,8.14,305.7,31,True
49.000_-69.000,2017-11,-3.65,649.4,30,True
49.000_-69.000,2017-12,-13.16,966.0,31,True
49.000_-69.000,2018-01,-15.13,1027.0,31,True
49.000_-69.000,2018-02,-11.08,814.3,28,True
49.000_-69.000,2018-03,-3.6,669.5,31,True
49.000_-69.000,2018-04,-1.49,584.8,30,True
49.000_-69.000,2018-05,6.46,357.6,31,True
49.000_-69.000,2018-06,13.44,148.1,30,True
49.000_-69.000,2018-07,20.11,15.9,31,True
49.000_-69.000,2018-08,18.89,24.9,31,True
49.000_-69.000,2018-09,12.12,185.4,30,True
49.000_-69.000,2018-10,1.92,498.4,31,True
49.000_-69.000,2018-11,-4.61,678.3,30,True
49.000_-69.000,2018-12,-11.3,908.3,31,True
49.000_-69.000,2019-01,-15.29,1032.0,31,True
49.000_-69.000,2019-02,-14.24,902.7,28,True
49.000_-69.000,2019-03,-6.98,774.3,31,True
49.000_-69.000,2019-04,-0.37,551.0,30,True
49.000_-69.000,2019-05,5.88,375.8,31,True
49.000_-69.000,2019-06,12.98,150.7,30,True
49.000_-69.000,2019-07,18.68,23.7,31,True
49.000_-69.000,2019-08,16.96,42.0,31,True
49.000_-69.000,2019-09,10.88,213.7,30,True
49.000_-69.000,2019-10,5.42,390.0,31,True
49.000_-69.000,2019-11,-4.66,679.8,30,True
49.000_-69.000,2019-12,-9.9,865.0,31,True
49.000_-69.000,2020-01,-12.32,939.8,31,True
49.000_-69.000,2020-02,-11.0,841.1,29,True
49.000_-69.000,2020-03,-6.56,761.5,31,True
49.000_-69.000,2020-04,-0.36,550.9,30,True
49.000_-69.000,2020-05,7.69,330.6,31,True
49.000_-69.000,2020-06,15.62,113.2,30,True
49.000_-69.000,2020-07,18.67,22.7,31,True
49.000_-69.000,2020-08,17.07,62.7,31,True
49.000_-69.000,2020-09,11.71,189.6,30,True
49.000_-69.000,2020-10,3.89,437.3,31,True
49.000_-69.000,2020-11,-1.17,575.1,30,True
49.000_-69.000,2020-12,-6.5,759.4,31,True
49.000_-69.000,2021-01,-8.99,836.7,31,True
49.000_-69.000,2021-02,-10.58,800.3,28,True
49.000_-69.000,2021-03,-5.11,716.5,31,True
49.000_-69.000,2021-04,2.91,452.6,30,True
49.000_-69.000,2021-05,8.49,296.3,31,True
49.000_-69.000,2021-06,16.18,73.2,30,True
49.000_-69.000,2021-07,17.13,49.7,31,True
49.000_-69.000,2021-08,19.5,21.4,31,True
49.000_-69.000,2021-09,13.02,149.4,30,True
49.000_-69.000,2021-10,8.37,298.6,31,True
49.000_-69.000,2021-11,-0.4,552.0,30,True
49.000_-69.000,2021-12,-9.94,866.0,31,True
49.000_-69.000,2022-01,-18.47,1130.7,31,True
49.000_-69.000,2022-02,-13.75,889.0,28,True
49.000_-69.000,2022-03,-6.77,767.9,31,True
49.000_-69.000,2022-04,1.18,504.7,30,True
49.000_-69.000,2022-05,7.84,315.0,31,True
49.000_-69.000,2022-06,13.94,124.0,30,True
49.000_-69.000,2022-07,18.0,28.1,31,True
49.000_-69.000,2022-08,18.2,25.5,31,True
49.000_-69.000,2022-09,12.72,161.9,30,True
49.000_-69.000,2022-10,8.23,302.8,31,True
49.000_-69.000,2022-11,-0.72,561.7,30,True
49.000_-69.000,2022-12,-6.75,767.1,31,True
49.000_-69.500,2016-01,-12.27,938.4,31,True
49.000_-69.500,2016-02,-12.99,898.7,29,True
49.000_-69.500,2016-03,-8.54,822.7,31,True
49.000_-69.500,2016-04,-2.89,626.6,30,True
49.000_-69.500,2016-05,8.29,301.1,31,True
49.000_-69.500,2016-06,14.33,126.9,30,True
49.000_-69.500,2016-07,16.59,58.2,31,True
49.000_-69.500,2016-08,17.39,38.7,31,True
49.000_-69.500,2016-09,12.56,168.6,30,True
49.000_-69.500,2016-10,6.16,366.9,31,True
49.000_-69.500,2016-11,0.89,513.4,30,True
49.000_-69.500,2016-12,-11.6,917.6,31,True
49.000_-69.500,2017-01,-12.48,945.0,31,True
49.000_-69.500,2017-02,-12.77,861.5,28,True
49.000_-69.500,2017-03,-10.15,872.7,31,True
49.000_-69.500,2017-04,-0.08,542.3,30,True
49.000_-69.500,2017-05,6.25,364.4,31,True
49.000_-69.500,2017-06,13.88,128.1,30,True
49.000_-69.500,2017-07,16.42,60.6,31,True
49.000_-69.500,2017-08,14.84,101.9,31,True
49.000_-69.500,2017-09,12.63,163.0,30,True
49.000_-69.500,2017-10,7.38,329.1,31,True
49.000_-69.500,2017-11,-4.81,684.4,30,True
49.000_-69.500,2017-12,-14.63,1011.5,31,True
49.000_-69.500,2018-01,-16.27,1062.5,31,True
49.000_-69.500,2018-02,-12.32,848.9,28,True
49.000_-69.500,2018-03,-4.69,703.4,31,True
49.000_-69.500,2018-04,-2.54,616.2,30,True
49.000_-69.500,2018-05,5.74,380.0,31,True
49.000_-69.500,2018-06,12.48,172.2,30,True
49.000_-69.500,2018-07,19.31,27.1,31,True
49.000_-69.500,2018-08,18.23,33.5,31,True
49.000_-69.500,2018-09,11.34,205.1,30,True
49.000_-69.500,2018-10,0.71,535.9,31,True
49.000_-69.500,2018-11,-6.05,721.4,30,True
49.000_-69.500,2018-12,-12.23,937.0,31,True
49.000_-69.500,2019-01,-16.56,1071.4,31,True
49.000_-69.500,2019-02,-15.4,935.3,28,True
49.000_-69.500,2019-03,-8.11,809.4,31,True
49.000_-69.500,2019-04,-1.28,578.5,30,True
49.000_-69.500,2019-05,4.93,405.1,31,True
49.000_-69.500,2019-06,12.3,171.1,30,True
49.000_-69.500,2019-07,18.0,34.0,31,True
49.000_-69.500,2019-08,16.12,61.4,31,True
49.000_-69.500,2019-09,10.1,236.9,30,True
49.000_-69.500,2019-10,4.28,425.2,31,True
49.000_-69.500,2019-11,-5.94,718.1,30,True
49.000_-69.500,2019-12,-10.74,890.8,31,True
49.000_-69.500,2020-01,-13.04,962.1,31,True
49.000_-69.500,2020-02,-11.82,864.7,29,True
49.000_-69.500,2020-03,-7.48,789.8,31,True
49.000_-69.500,2020-04,-1.46,583.7,30,True
49.000_-69.500,2020-05,6.34,370.2,31,True
49.000_-69.500,2020-06,14.52,132.8,30,True
49.000_-69.500,2020-07,17.81,35.0,31,True
49.000_-69.500,2020-08,15.95,83.7,31,True
49.000_-69.500,2020-09,10.66,220.1,30,True
49.000_-69.500,2020-10,2.72,473.6,31,True
49.000_-69.500,2020-11,-2.06,601.7,30,True
49.000_-69.500,2020-12,-7.68,796.1,31,True
49.000_-69.500,2021-01,-10.05,869.5,31,True
49.000_-69.500,2021-02,-11.78,833.7,28,True
49.000_-69.500,2021-03,-5.83,738.8,31,True
49.000_-69.500,2021-04,2.01,479.8,30,True
49.000_-69.500,2021-05,7.71,319.6,31,True
49.000_-69.500,2021-06,15.27,95.0,30,True
49.000_-69.500,2021-07,16.1,71.6,31,True
49.000_-69.500,2021-08,18.77,33.2,31,True
49.000_-69.500,2021-09,12.04,178.9,30,True
49.000_-69.500,2021-10,7.65,320.9,31,True
49.000_-69.500,2021-11,-1.67,590.1,30,True
49.000_-69.500,2021-12,-11.34,909.6,31,True
49.000_-69.500,2022-01,-19.68,1168.0,31,True
49.000_-69.500,2022-02,-15.01,924.2,28,True
49.000_-69.500,2022-03,-7.8,799.8,31,True
49.000_-69.500,2022-04,0.32,530.5,30,True
49.000_-69.500,2022-05,7.07,338.7,31,True
49.000_-69.500,2022-06,13.28,142.2,30,True
49.000_-69.500,2022-07,16.97,48.2,31,True
49.000_-69.500,2022-08,17.29,41.1,31,True
49.000_-69.500,2022-09,11.97,183.8,30,True
49.000_-69.500,2022-10,7.68,320.0,31,True
49.000_-69.500,2022-11,-1.64,589.1,30,True
49.000_-69.500,2022-12,-7.98,805.5,31,True
49.000_-71.500,2016-01,-12.65,950.2,31,True
49.000_-71.500,2016-02,-13.92,925.7,29,True
49.000_-71.500,2016-03,-8.12,809.7,31,True
49.000_-71.500,2016-04,-3.45,643.4,30,True
49.000_-71.500,2016-05,8.81,285.6,31,True
49.000_-71.500,2016-06,14.8,109.1,30,True
49.000_-71.500,2016-07,16.72,52.1,31,True
49.000_-71.500,2016-08,17.49,36.5,31,True
49.000_-71.500,2016-09,13.12,149.5,30,True
49.000_-71.500,2016-10,6.12,368.4,31,True
49.000_-71.500,2016-11,1.32,500.5,30,True
49.000_-71.500,2016-12,-11.4,911.3,31,True
49.000_-71.500,2017-01,-11.8,923.7,31,True
49.000_-71.500,2017-02,-11.92,837.7,28,True
49.000_-71.500,2017-03,-9.82,862.3,31,True
49.000_-71.500,2017-04,1.49,495.4,30,True
49.000_-71.500,2017-05,8.79,285.6,31,True
49.000_-71.500,2017-06,14.49,111.4,30,True
49.000_-71.500,2017-07,16.43,57.7,31,True
49.000_-71.500,2017-08,14.77,101.2,31,True
49.000_-71.500,2017-09,13.76,130.9,30,True
49.000_-71.500,2017-10,8.55,293.0,31,True
49.000_-71.500,2017-11,-4.25,667.4,30,True
49.000_-71.500,2017-12,-15.15,1027.5,31,True
49.000_-71.500,2018-01,-16.6,1072.5,31,True
49.000_-71.500,2018-02,-11.69,831.3,28,True
49.000_-71.500,2018-03,-3.99,681.8,31,True
49.000_-71.500,2018-04,-2.14,604.1,30,True
49.000_-71.500,2018-05,7.03,343.3,31,True
49.000_-71.500,2018-06,14.03,130.8,30,True
49.000_-71.500,2018-07,19.82,22.0,31,True
49.000_-71.500,2018-08,18.3,29.0,31,True
49.000_-71.500,2018-09,12.2,182.0,30,True
49.000_-71.500,2018-10,1.43,513.7,31,True
49.000_-71.500,2018-11,-5.56,706.9,30,True
49.000_-71.500,2018-12,-12.09,932.7,31,True
49.000_-71.500,2019-01,-16.66,1074.4,31,True
49.000_-71.500,2019-02,-15.15,928.1,28,True
49.000_-71.500,2019-03,-8.16,811.1,31,True
49.000_-71.500,2019-04,-0.28,548.4,30,True
49.000_-71.500,2019-05,6.08,369.4,31,True
49.000_-71.500,2019-06,13.37,141.2,30,True
49.000_-71.500,2019-07,18.65,20.5,31,True
49.000_-71.500,2019-08,16.38,56.5,31,True
49.000_-71.500,2019-09,10.67,219.8,30,True
49.000_-71.500,2019-10,5.56,385.6,31,True
49.000_-71.500,2019-11,-5.76,712.9,30,True
49.000_-71.500,2019-12,-10.67,888.9,31,True
49.000_-71.500,2020-01,-12.74,952.8,31,True
49.000_-71.500,2020-02,-11.76,862.9,29,True
49.000_-71.500,2020-03,-6.21,750.4,31,True
49.000_-71.500,2020-04,-1.01,570.4,30,True
49.000_-71.500,2020-05,6.64,361.0,31,True
49.000_-71.500,2020-06,15.88,112.0,30,True
49.000_-71.500,2020-07,19.68,4.2,31,True
49.000_-71.500,2020-08,16.43,71.3,31,True
49.000_-71.500,2020-09,10.61,221.9,30,True
49.000_-71.500,2020-10,2.99,465.3,31,True
49.000_-71.500,2020-11,-1.16,574.9,30,True
49.000_-71.500,2020-12,-7.9,802.8,31,True
49.000_-71.500,2021-01,-10.97,898.1,31,True
49.000_-71.500,2021-02,-12.01,840.3,28,True
49.000_-71.500,2021-03,-5.68,734.0,31,True
49.000_-71.500,2021-04,3.84,424.9,30,True
49.000_-71.500,2021-05,9.36,268.3,31,True
49.000_-71.500,2021-06,15.96,75.7,30,True
49.000_-71.500,2021-07,16.76,53.7,31,True
49.000_-71.500,2021-08,19.14,29.9,31,True
49.000_-71.500,2021-09,12.66,160.3,30,True
49.000_-71.500,2021-10,8.93,281.1,31,True
49.000_-71.500,2021-11,-1.49,584.8,30,True
49.000_-71.500,2021-12,-11.75,922.2,31,True
49.000_-71.500,2022-01,-20.31,1187.5,31,True
49.000_-71.500,2022-02,-15.27,931.6,28,True
49.000_-71.500,2022-03,-7.28,783.7,31,True
49.000_-71.500,2022-04,1.08,507.6,30,True
49.000_-71.500,2022-05,9.21,272.6,31,True
49.000_-71.500,2022-06,14.89,98.1,30,True
49.000_-71.500,2022-07,16.85,52.4,31,True
49.000_-71.500,2022-08,17.53,35.5,31,True
49.000_-71.500,2022-09,12.42,172.1,30,True
49.000_-71.500,2022-10,7.81,315.9,31,True
49.000_-71.500,2022-11,-1.1,572.9,30,True
49.000_-71.500,2022-12,-7.27,783.3,31,True
49.000_-72.000,2016-01,-12.37,941.4,31,True
49.000_-72.000,2016-02,-14.0,927.9,29,True
49.000_-72.000,2016-03,-8.03,807.0,31,True
49.000_-72.000,2016-04,-3.53,645.8,30,True
49.000_-72.000,2016-05,9.07,276.8,31,True
49.000_-72.000,2016-06,15.09,104.0,30,True
49.000_-72.000,2016-07,17.15,43.5,31,True
49.000_-72.000,2016-08,17.89,29.1,31,True
49.000_-72.000,2016-09,13.59,137.4,30,True
49.000_-72.000,2016-10,6.51,356.3,31,True
49.000_-72.000,2016-11,1.53,494.1,30,True
49.000_-72.000,2016-12,-11.17,904.4,31,True
49.000_-72.000,2017-01,-11.6,917.5,31,True
49.000_-72.000,2017-02,-11.84,835.6,28,True
49.000_-72.000,2017-03,-9.55,854.1,31,True
49.000_-72.000,2017-04,1.58,492.6,30,True
49.000_-72.000,2017-05,9.16,274.1,31,True
49.000_-72.000,2017-06,15.08,96.7,30,True
49.000_-72.000,2017-07,17.15,43.6,31,True
49.000_-72.000,2017-08,15.44,83.1,31,True
49.000_-72.000,2017-09,14.22,120.6,30,True
49.000_-72.000,2017-10,8.89,282.3,31,True
49.000_-72.000,2017-11,-3.78,653.5,30,True
49.000_-72.000,2017-12,-14.74,1015.0,31,True
49.000_-72.000,2018-01,-16.53,1070.4,31,True
49.000_-72.000,2018-02,-11.68,831.0,28,True
49.000_-72.000,2018-03,-3.6,669.6,31,True
49.000_-72.000,2018-04,-1.9,597.0,30,True
49.000_-72.000,2018-05,7.73,321.2,31,True
49.000_-72.000,2018-06,14.94,112.2,30,True
49.000_-72.000,2018-07,20.67,14.7,31,True
49.000_-72.000,2018-08,18.83,23.6,31,True
49.000_-72.000,2018-09,12.71,170.5,30,True
49.000_-72.000,2018-10,1.91,498.8,31,True
49.000_-72.000,2018-11,-5.15,694.5,30,True
49.000_-72.000,2018-12,-11.97,929.2,31,True
49.000_-72.000,2019-01,-16.65,1074.2,31,True
49.000_-72.000,2019-02,-14.86,920.1,28,True
49.000_-72.000,2019-03,-7.81,800.2,31,True
49.000_-72.000,2019-04,-0.01,540.3,30,True
49.000_-72.000,2019-05,6.57,354.2,31,True
49.000_-72.000,2019-06,13.83,128.8,30,True
49.000_-72.000,2019-07,19.25,12.9,31,True
49.000_-72.000,2019-08,16.9,45.0,31,True
49.000_-72.000,2019-09,11.41,197.8,30,True
49.000_-72.000,2019-10,5.95,373.7,31,True
49.000_-72.000,2019-11,-5.48,704.3,30,True
49.000_-72.000,2019-12,-10.66,888.4,31,True
49.000_-72.000,2020-01,-12.44,943.7,31,True
49.000_-72.000,2020-02,-11.27,848.8,29,True
49.000_-72.000,2020-03,-6.06,746.0,31,True
49.000_-72.000,2020-04,-0.43,553.0,30,True
49.000_-72.000,2020-05,6.97,350.4,31,True
49.000_-72.000,2020-06,16.67,100.6,30,True
49.000_-72.000,2020-07,20.39,1.4,31,True
49.000_-72.000,2020-08,17.05,58.0,31,True
49.000_-72.000,2020-09,11.15,205.8,30,True
49.000_-72.000,2020-10,3.4,452.6,31,True
49.000_-72.000,2020-11,-0.82,564.5,30,True
49.000_-72.000,2020-12,-7.99,805.7,31,True
49.000_-72.000,2021-01,-10.59,886.2,31,True
49.000_-72.000,2021-02,-11.83,835.3,28,True
49.000_-72.000,2021-03,-5.27,721.3,31,True
49.000_-72.000,2021-04,4.51,404.8,30,True
49.000_-72.000,2021-05,10.03,248.9,31,True
49.000_-72.000,2021-06,16.76,58.1,30,True
49.000_-72.000,2021-07,17.38,41.8,31,True
49.000_-72.000,2021-08,19.87,22.1,31,True
49.000_-72.000,2021-09,13.11,146.6,30,True
49.000_-72.000,2021-10,9.12,275.3,31,True
49.000_-72.000,2021-11,-0.99,569.8,30,True
49.000_-72.000,2021-12,-11.8,923.9,31,True
49.000_-72.000,2022-01,-20.26,1186.1,31,True
49.000_-72.000,2022-02,-15.25,931.1,28,True
49.000_-72.000,2022-03,-6.89,771.7,31,True
49.000_-72.000,2022-04,1.34,499.8,30,True
49.000_-72.000,2022-05,10.05,247.3,31,True
49.000_-72.000,2022-06,15.41,84.1,30,True
49.000_-72.000,2022-07,17.68,35.1,31,True
49.000_-72.000,2022-08,18.06,28.2,31,True
49.000_-72.000,2022-09,12.93,158.0,30,True
49.000_-72.000,2022-10,8.08,307.5,31,True
49.000_-72.000,2022-11,-0.56,556.9,30,True
49.000_-72.000,2022-12,-7.03,775.8,31,True
49.000_-72.500,2016-01,-11.85,925.2,31,True
49.000_-72.500,2016-02,-13.89,924.7,29,True
49.000_-72.500,2016-03,-7.55,791.9,31,True
49.000_-72.500,2016-04,-3.29,638.8,30,True
49.000_-72.500,2016-05,9.26,272.4,31,True
49.000_-72.500,2016-06,15.68,95.1,30,True
49.000_-72.500,2016-07,17.72,34.7,31,True
49.000_-72.500,2016-08,18.51,20.5,31,True
49.000_-72.500,2016-09,14.27,120.6,30,True
49.000_-72.500,2016-10,6.92,343.5,31,True
49.000_-72.500,2016-11,1.79,486.2,30,True
49.000_-72.500,2016-12,-10.93,896.8,31,True
49.000_-72.500,2017-01,-11.69,920.5,31,True
49.000_-72.500,2017-02,-12.12,843.5,28,True
49.000_-72.500,2017-03,-9.8,861.7,31,True
49.000_-72.500,2017-04,1.37,498.9,30,True
49.000_-72.500,2017-05,8.69,288.6,31,True
49.000_-72.500,2017-06,15.23,94.4,30,True
49.000_-72.500,2017-07,17.39,39.0,31,True
49.000_-72.500,2017-08,15.68,77.5,31,True
49.000_-72.500,2017-09,14.39,119.5,30,True
49.000_-72.500,2017-10,9.0,279.1,31,True
49.000_-72.500,2017-11,-3.79,653.6,30,True
49.000_-72.500,2017-12,-14.72,1014.2,31,True
49.000_-72.500,2018-01,-16.76,1077.6,31,True
49.000_-72.500,2018-02,-11.71,831.9,28,True
49.000_-72.500,2018-03,-3.72,673.4,31,True
49.000_-72.500,2018-04,-1.87,596.2,30,True
49.000_-72.500,2018-05,8.06,311.4,31,True
49.000_-72.500,2018-06,15.3,106.0,30,True
49.000_-72.500,2018-07,21.15,11.3,31,True
49.000_-72.500,2018-08,19.05,22.6,31,True
49.000_-72.500,2018-09,12.87,167.2,30,True
49.000_-72.500,2018-10,1.99,496.3,31,True
49.000_-72.500,2018-11,-5.18,695.4,30,True
49.000_-72.500,2018-12,-12.15,934.5,31,True
49.000_-72.500,2019-01,-17.04,1086.1,31,True
49.000_-72.500,2019-02,-14.86,920.2,28,True
49.000_-72.500,2019-03,-7.71,797.0,31,True
49.000_-72.500,2019-04,-0.07,542.0,30,True
49.000_-72.500,2019-05,6.48,357.0,31,True
49.000_-72.500,2019-06,13.94,125.9,30,True
49.000_-72.500,2019-07,19.52,12.4,31,True
49.000_-72.500,2019-08,16.99,43.1,31,True
49.000_-72.500,2019-09,11.69,190.1,30,True
49.000_-72.500,2019-10,5.8,378.2,31,True
49.000_-72.500,2019-11,-5.78,713.4,30,True
49.000_-72.500,2019-12,-10.84,893.9,31,True
49.000_-72.500,2020-01,-12.57,947.6,31,True
49.000_-72.500,2020-02,-11.08,843.2,29,True
49.000_-72.500,2020-03,-6.35,754.9,31,True
49.000_-72.500,2020-04,-0.54,556.3,30,True
49.000_-72.500,2020-05,6.83,355.5,31,True
49.000_-72.500,2020-06,16.74,99.0,30,True
49.000_-72.500,2020-07,20.62,0.5,31,True
49.000_-72.500,2020-08,17.22,55.6,31,True
49.000_-72.500,2020-09,11.39,198.7,30,True
49.000_-72.500,2020-10,3.35,454.0,31,True
49.000_-72.500,2020-11,-0.7,560.9,30,True
49.000_-72.500,2020-12,-8.27,814.3,31,True
49.000_-72.500,2021-01,-10.6,886.6,31,True
49.000_-72.500,2021-02,-11.84,835.5,28,True
49.000_-72.500,2021-03,-5.06,715.0,31,True
49.000_-72.500,2021-04,4.45,406.6,30,True
49.000_-72.500,2021-05,10.23,243.9,31,True
49.000_-72.500,2021-06,17.21,49.1,30,True
49.000_-72.500,2021-07,17.55,39.1,31,True
49.000_-72.500,2021-08,20.22,19.9,31,True
49.000_-72.500,2021-09,13.25,142.6,30,True
49.000_-72.500,2021-10,8.91,281.8,31,True
49.000_-72.500,2021-11,-0.85,565.4,30,True
49.000_-72.500,2021-12,-11.81,924.1,31,True
49.000_-72.500,2022-01,-20.51,1193.8,31,True
49.000_-72.500,2022-02,-15.47,937.2,28,True
49.000_-72.500,2022-03,-6.87,771.1,31,True
49.000_-72.500,2022-04,1.23,503.1,30,True
49.000_-72.500,2022-05,10.11,245.2,31,True
49.000_-72.500,2022-06,15.53,81.0,30,True
49.000_-72.500,2022-07,18.1,30.0,31,True
49.000_-72.500,2022-08,18.24,27.2,31,True
49.000_-72.500,2022-09,13.14,153.5,30,True
49.000_-72.500,2022-10,8.04,308.7,31,True
49.000_-72.500,2022-11,-0.19,545.7,30,True
49.000_-72.500,2022-12,-7.06,776.8,31,True
49.000_-73.500,2016-01,-12.35,940.8,31,True
49.000_-73.500,2016-02,-14.7,948.3,29,True
49.000_-73.500,2016-03,-7.99,805.6,31,True
49.000_-73.500,2016-04,-4.35,670.6,30,True
49.000_-73.500,2016-05,7.94,313.2,31,True
49.000_-73.500,2016-06,14.17,134.4,30,True
49.000_-73.500,2016-07,16.63,57.8,31,True
49.000_-73.500,2016-08,17.47,40.6,31,True
49.000_-73.500,2016-09,13.29,146.0,30,True
49.000_-73.500,2016-10,5.8,378.1,31,True
49.000_-73.500,2016-11,0.33,530.2,30,True
49.000_-73.500,2016-12,-11.61,918.0,31,True
49.000_-73.500,2017-01,-12.31,939.6,31,True
49.000_-73.500,2017-02,-12.48,853.5,28,True
49.000_-73.500,2017-03,-11.25,906.6,31,True
49.000_-73.500,2017-04,0.61,521.6,30,True
49.000_-73.500,2017-05,6.99,341.4,31,True
49.000_-73.500,2017-06,13.64,134.6,30,True
49.000_-73.500,2017-07,15.91,72.6,31,True
49.000_-73.500,2017-08,14.06,122.5,31,True
49.000_-73.500,2017-09,13.4,146.0,30,True
49.000_-73.500,2017-10,8.12,306.4,31,True
49.000_-73.500,2017-11,-5.05,691.6,30,True
49.000_-73.500,2017-12,-15.68,1044.0,31,True
49.000_-73.500,2018-01,-17.04,1086.3,31,True
49.000_-73.500,2018-02,-12.15,844.3,28,True
49.000_-73.500,2018-03,-5.65,733.2,31,True
49.000_-73.500,2018-04,-3.37,641.0,30,True
49.000_-73.500,2018-05,6.97,345.9,31,True
49.000_-73.500,2018-06,13.51,147.6,30,True
49.000_-73.500,2018-07,19.74,22.9,31,True
49.000_-73.500,2018-08,17.71,38.7,31,True
49.000_-73.500,2018-09,11.78,194.9,30,True
49.000_-73.500,2018-10,0.48,543.1,31,True
49.000_-73.500,2018-11,-6.61,738.4,30,True
49.000_-73.500,2018-12,-11.65,919.1,31,True
49.000_-73.500,2019-01,-18.12,1119.8,31,True
49.000_-73.500,2019-02,-15.93,950.1,28,True
49.000_-73.500,2019-03,-8.82,831.3,31,True
49.000_-73.500,2019-04,-1.48,584.5,30,True
49.000_-73.500,2019-05,4.88,406.7,31,True
49.000_-73.500,2019-06,12.5,168.5,30,True
49.000_-73.500,2019-07,18.19,32.4,31,True
49.000_-73.500,2019-08,15.75,74.2,31,True
49.000_-73.500,2019-09,10.57,223.2,30,True
49.000_-73.500,2019-10,4.84,408.1,31,True
49.000_-73.500,2019-11,-6.71,741.3,30,True
49.000_-73.500,2019-12,-10.95,897.5,31,True
49.000_-73.500,2020-01,-12.81,955.0,31,True
49.000_-73.500,2020-02,-11.6,858.4,29,True
49.000_-73.500,2020-03,-7.19,781.0,31,True
49.000_-73.500,2020-04,-1.97,599.1,30,True
49.000_-73.500,2020-05,5.1,407.1,31,True
49.000_-73.500,2020-06,15.15,127.7,30,True
49.000_-73.500,2020-07,19.43,6.6,31,True
49.000_-73.500,2020-08,15.66,92.1,31,True
49.000_-73.500,2020-09,10.24,232.8,30,True
49.000_-73.500,2020-10,1.96,497.3,31,True
49.000_-73.500,2020-11,-1.12,573.6,30,True
49.000_-73.500,2020-12,-8.97,836.1,31,True
49.000_-73.500,2021-01,-11.51,914.8,31,True
49.000_-73.500,2021-02,-12.69,859.2,28,True
49.000_-73.500,2021-03,-5.72,735.4,31,True
49.000_-73.500,2021-04,2.94,451.7,30,True
49.000_-73.500,2021-05,8.78,287.5,31,True
49.000_-73.500,2021-06,15.72,80.0,30,True
49.000_-73.500,2021-07,16.11,70.9,31,True
49.000_-73.500,2021-08,18.79,38.5,31,True
49.000_-73.500,2021-09,12.01,179.6,30,True
49.000_-73.500,2021-10,7.75,317.9,31,True
49.000_-73.500,2021-11,-2.12,603.7,30,True
49.000_-73.500,2021-12,-12.18,935.6,31,True
49.000_-73.500,2022-01,-20.85,1204.4,31,True
49.000_-73.500,2022-02,-16.59,968.5,28,True
49.000_-73.500,2022-03,-8.01,806.4,31,True
49.000_-73.500,2022-04,-0.19,545.7,30,True
49.000_-73.500,2022-05,9.09,276.2,31,True
49.000_-73.500,2022-06,14.3,117.1,30,True
49.000_-73.500,2022-07,16.53,61.7,31,True
49.000_-73.500,2022-08,16.7,56.9,31,True
49.000_-73.500,2022-09,11.75,191.2,30,True
49.000_-73.500,2022-10,7.09,338.3,31,True
49.000_-73.500,2022-11,-1.55,586.6,30,True
49.000_-73.500,2022-12,-8.25,813.9,31,True
49.000_-77.000,2016-01,-12.41,942.6,31,True
49.000_-77.000,2016-02,-15.26,964.4,29,True
49.000_-77.000,2016-03,-7.3,784.3,31,True
49.000_-77.000,2016-04,-4.27,668.0,30,True
49.000_-77.000,2016-05,8.76,286.5,31,True
49.000_-77.000,2016-06,13.97,139.9,30,True
49.000_-77.000,2016-07,17.54,35.7,31,True
49.000_-77.000,2016-08,18.07,33.0,31,True
49.000_-77.000,2016-09,13.94,126.1,30,True
49.000_-77.000,2016-10,6.23,364.8,31,True
49.000_-77.000,2016-11,0.65,520.5,30,True
49.000_-77.000,2016-12,-10.66,888.4,31,True
49.000_-77.000,2017-01,-10.82,893.3,31,True
49.000_-77.000,2017-02,-10.82,807.1,28,True
49.000_-77.000,2017-03,-10.32,877.9,31,True
49.000_-77.000,2017-04,1.41,497.7,30,True
49.000_-77.000,2017-05,7.75,317.6,31,True
49.000_-77.000,2017-06,14.36,113.9,30,True
49.000_-77.000,2017-07,16.86,50.5,31,True
49.000_-77.000,2017-08,14.31,117.7,31,True
49.000_-77.000,2017-09,13.86,136.6,30,True
49.000_-77.000,2017-10,8.82,284.7,31,True
49.000_-77.000,2017-11,-5.13,693.8,30,True
49.000_-77.000,2017-12,-15.25,1030.9,31,True
49.000_-77.000,2018-01,-16.66,1074.4,31,True
49.000_-77.000,2018-02,-12.49,853.7,28,True
49.000_-77.000,2018-03,-7.12,778.7,31,True
49.000_-77.000,2018-04,-3.41,642.4,30,True
49.000_-77.000,2018-05,8.35,304.7,31,True
49.000_-77.000,2018-06,14.71,114.0,30,True
49.000_-77.000,2018-07,20.28,15.9,31,True
49.000_-77.000,2018-08,17.77,40.4,31,True
49.000_-77.000,2018-09,12.36,179.5,30,True
49.000_-77.000,2018-10,1.08,524.6,31,True
49.000_-77.000,2018-11,-6.24,727.3,30,True
49.000_-77.000,2018-12,-10.75,891.4,31,True
49.000_-77.000,2019-01,-18.73,1138.7,31,True
49.000_-77.000,2019-02,-15.16,928.4,28,True
49.000_-77.000,2019-03,-8.42,819.1,31,True
49.000_-77.000,2019-04,-0.76,562.9,30,True
49.000_-77.000,2019-05,6.04,370.7,31,True
49.000_-77.000,2019-06,13.48,141.4,30,True
49.000_-77.000,2019-07,18.95,23.6,31,True
49.000_-77.000,2019-08,16.34,63.7,31,True
49.000_-77.000,2019-09,11.6,193.6,30,True
49.000_-77.000,2019-10,6.22,365.2,31,True
49.000_-77.000,2019-11,-6.34,730.3,30,True
49.000_-77.000,2019-12,-10.8,892.8,31,True
49.000_-77.000,2020-01,-11.99,929.7,31,True
49.000_-77.000,2020-02,-11.23,847.7,29,True
49.000_-77.000,2020-03,-5.95,742.3,31,True
49.000_-77.000,2020-04,-1.17,575.0,30,True
49.000_-77.000,2020-05,5.88,385.0,31,True
49.000_-77.000,2020-06,15.61,117.8,30,True
49.000_-77.000,2020-07,20.07,6.3,31,True
49.000_-77.000,2020-08,16.07,82.5,31,True
49.000_-77.000,2020-09,11.07,207.9,30,True
49.000_-77.000,2020-10,2.04,494.8,31,True
49.000_-77.000,2020-11,-0.41,552.2,30,True
49.000_-77.000,2020-12,-9.59,855.2,31,True
49.000_-77.000,2021-01,-11.25,906.7,31,True
49.000_-77.000,2021-02,-13.39,878.8,28,True
49.000_-77.000,2021-03,-5.36,724.2,31,True
49.000_-77.000,2021-04,4.39,408.4,30,True
49.000_-77.000,2021-05,9.53,268.8,31,True
49.000_-77.000,2021-06,16.1,71.2,30,True
49.000_-77.000,2021-07,16.67,58.3,31,True
49.000_-77.000,2021-08,19.01,34.1,31,True
49.000_-77.000,2021-09,12.31,171.0,30,True
49.000_-77.000,2021-10,8.76,286.4,31,True
49.000_-77.000,2021-11,-1.83,595.0,30,True
49.000_-77.000,2021-12,-11.0,898.9,31,True
49.000_-77.000,2022-01,-21.19,1214.9,31,True
49.000_-77.000,2022-02,-16.2,957.5,28,True
49.000_-77.000,2022-03,-7.01,775.3,31,True
49.000_-77.000,2022-04,0.27,532.0,30,True
49.000_-77.000,2022-05,10.83,226.0,31,True
49.000_-77.000,2022-06,15.06,100.1,30,True
49.000_-77.000,2022-07,16.8,54.9,31,True
49.000_-77.000,2022-08,16.87,51.6,31,True
49.000_-77.000,2022-09,12.3,175.1,30,True
49.000_-77.000,2022-10,7.12,337.2,31,True
49.000_-77.000,2022-11,-1.33,580.0,30,True
49.000_-77.000,2022-12,-7.94,804.0,31,True
49.000_-77.500,2016-01,-12.65,950.0,31,True
49.000_-77.500,2016-02,-15.3,965.8,29,True
49.000_-77.500,2016-03,-7.16,779.9,31,True
49.000_-77.500,2016-04,-3.99,659.6,30,True
49.000_-77.500,2016-05,9.13,275.0,31,True
49.000_-77.500,2016-06,13.86,142.1,30,True
49.000_-77.500,2016-07,17.51,37.5,31,True
49.000_-77.500,2016-08,18.08,32.3,31,True
49.000_-77.500,2016-09,13.86,128.5,30,True
49.000_-77.500,2016-10,6.12,368.4,31,True
49.000_-77.500,2016-11,0.79,516.4,30,True
49.000_-77.500,2016-12,-10.82,893.3,31,True
49.000_-77.500,2017-01,-10.79,892.5,31,True
49.000_-77.500,2017-02,-10.9,809.3,28,True
49.000_-77.500,2017-03,-10.3,877.3,31,True
49.000_-77.500,2017-04,1.44,496.8,30,True
49.000_-77.500,2017-05,7.61,322.0,31,True
49.000_-77.500,2017-06,14.28,116.1,30,True
49.000_-77.500,2017-07,16.84,51.0,31,True
49.000_-77.500,2017-08,14.21,121.7,31,True
49.000_-77.500,2017-09,13.66,143.1,30,True
49.000_-77.500,2017-10,8.74,287.2,31,True
49.000_-77.500,2017-11,-5.2,696.0,30,True
49.000_-77.500,2017-12,-15.45,1037.0,31,True
49.000_-77.500,2018-01,-16.85,1080.2,31,True
49.000_-77.500,2018-02,-12.63,857.7,28,True
49.000_-77.500,2018-03,-7.28,783.6,31,True
49.000_-77.500,2018-04,-3.45,643.4,30,True
49.000_-77.500,2018-05,8.69,294.4,31,True
49.000_-77.500,2018-06,14.7,115.0,30,True
49.000_-77.500,2018-07,20.25,15.7,31,True
49.000_-77.500,2018-08,17.56,46.3,31,True
49.000_-77.500,2018-09,12.31,181.5,30,True
49.000_-77.500,2018-10,1.03,526.1,31,True
49.000_-77.500,2018-11,-6.33,729.8,30,True
49.000_-77.500,2018-12,-10.8,892.8,31,True
49.000_-77.500,2019-01,-18.85,1142.4,31,True
49.000_-77.500,2019-02,-15.19,929.4,28,True
49.000_-77.500,2019-03,-8.34,816.6,31,True
49.000_-77.500,2019-04,-0.73,562.0,30,True
49.000_-77.500,2019-05,6.04,370.8,31,True
49.000_-77.500,2019-06,13.52,141.0,30,True
49.000_-77.500,2019-07,18.95,23.5,31,True
49.000_-77.500,2019-08,16.31,64.4,31,True
49.000_-77.500,2019-09,11.53,196.1,30,True
49.000_-77.500,2019-10,6.1,368.9,31,True
49.000_-77.500,2019-11,-6.51,735.4,30,True
49.000_-77.500,2019-12,-11.03,899.8,31,True
49.000_-77.500,2020-01,-12.08,932.6,31,True
49.000_-77.500,2020-02,-11.19,846.5,29,True
49.000_-77.500,2020-03,-6.08,746.5,31,True
49.000_-77.500,2020-04,-1.17,575.0,30,True
49.000_-77.500,2020-05,6.14,377.8,31,True
49.000_-77.500,2020-06,15.55,120.2,30,True
49.000_-77.500,2020-07,20.01,6.7,31,True
49.000_-77.500,2020-08,15.86,87.8,31,True
49.000_-77.500,2020-09,11.12,206.3,30,True
49.000_-77.500,2020-10,1.77,503.0,31,True
49.000_-77.500,2020-11,-0.44,553.1,30,True
49.000_-77.500,2020-12,-9.83,862.7,31,True
49.000_-77.500,2021-01,-11.36,910.1,31,True
49.000_-77.500,2021-02,-13.63,885.6,28,True
49.000_-77.500,2021-03,-5.18,718.5,31,True
49.000_-77.500,2021-04,4.52,404.3,30,True
49.000_-77.500,2021-05,9.45,272.7,31,True
49.000_-77.500,2021-06,16.1,72.1,30,True
49.000_-77.500,2021-07,16.49,62.8,31,True
49.000_-77.500,2021-08,18.95,35.7,31,True
49.000_-77.500,2021-09,12.34,169.9,30,True
49.000_-77.500,2021-10,8.65,289.8,31,True
49.000_-77.500,2021-11,-1.91,597.3,30,True
49.000_-77.500,2021-12,-11.29,907.9,31,True
49.000_-77.500,2022-01,-21.24,1216.5,31,True
49.000_-77.500,2022-02,-16.43,964.0,28,True
49.000_-77.500,2022-03,-7.01,775.4,31,True
49.000_-77.500,2022-04,0.34,529.9,30,True
49.000_-77.500,2022-05,11.05,220.2,31,True
49.000_-77.500,2022-06,15.03,100.5,30,True
49.000_-77.500,2022-07,16.78,55.9,31,True
49.000_-77.500,2022-08,16.8,52.4,31,True
49.000_-77.500,2022-09,12.12,180.9,30,True
49.000_-77.500,2022-10,7.09,338.3,31,True
49.000_-77.500,2022-11,-1.31,579.3,30,True
49.000_-77.500,2022-12,-8.15,810.5,31,True
49.000_-78.000,2016-01,-12.87,957.0,31,True
49.000_-78.000,2016-02,-15.28,965.1,29,True
49.000_-78.000,2016-03,-7.13,778.9,31,True
49.000_-78.000,2016-04,-3.96,658.8,30,True
49.000_-78.000,2016-05,9.05,277.3,31,True
49.000_-78.000,2016-06,13.73,145.3,30,True
49.000_-78.000,2016-07,17.49,38.8,31,True
49.000_-78.000,2016-08,18.15,32.4,31,True
49.000_-78.000,2016-09,13.81,130.2,30,True
49.000_-78.000,2016-10,6.11,368.5,31,True
49.000_-78.000,2016-11,0.88,513.6,30,True
49.000_-78.000,2016-12,-10.85,894.4,31,True
49.000_-78.000,2017-01,-10.82,893.5,31,True
49.000_-78.000,2017-02,-11.07,814.0,28,True
49.000_-78.000,2017-03,-10.36,879.2,31,True
49.000_-78.000,2017-04,1.27,501.8,30,True
49.000_-78.000,2017-05,7.25,333.2,31,True
49.000_-78.000,2017-06,14.15,118.1,30,True
49.000_-78.000,2017-07,16.89,49.7,31,True
49.000_-78.000,2017-08,14.15,123.6,31,True
49.000_-78.000,2017-09,13.63,144.7,30,True
49.000_-78.000,2017-10,8.49,294.8,31,True
49.000_-78.000,2017-11,-5.32,699.6,30,True
49.000_-78.000,2017-12,-15.58,1040.9,31,True
49.000_-78.000,2018-01,-16.85,1080.2,31,True
49.000_-78.000,2018-02,-12.99,867.6,28,True
49.000_-78.000,2018-03,-7.64,794.7,31,True
49.000_-78.000,2018-04,-3.69,650.6,30,True
49.000_-78.000,2018-05,8.73,292.8,31,True
49.000_-78.000,2018-06,14.55,117.9,30,True
49.000_-78.000,2018-07,20.22,15.5,31,True
49.000_-78.000,2018-08,17.42,50.0,31,True
49.000_-78.000,2018-09,12.17,184.5,30,True
49.000_-78.000,2018-10,0.78,533.8,31,True
49.000_-78.000,2018-11,-6.4,732.0,30,True
49.000_-78.000,2018-12,-10.75,891.1,31,True
49.000_-78.000,2019-01,-19.08,1149.6,31,True
49.000_-78.000,2019-02,-15.45,936.6,28,True
49.000_-78.000,2019-03,-8.39,818.1,31,True
49.000_-78.000,2019-04,-0.82,564.6,30,True
49.000_-78.000,2019-05,5.86,376.2,31,True
49.000_-78.000,2019-06,13.4,144.6,30,True
49.000_-78.000,2019-07,18.83,25.0,31,True
49.000_-78.000,2019-08,16.22,66.8,31,True
49.000_-78.000,2019-09,11.53,196.3,30,True
49.000_-78.000,2019-10,5.92,374.6,31,True
49.000_-78.000,2019-11,-6.79,743.6,30,True
49.000_-78.000,2019-12,-11.16,904.1,31,True
49.000_-78.000,2020-01,-12.12,933.7,31,True
49.000_-78.000,2020-02,-11.44,853.9,29,True
49.000_-78.000,2020-03,-6.12,747.8,31,True
49.000_-78.000,2020-04,-1.25,577.6,30,True
49.000_-78.000,2020-05,6.15,376.8,31,True
49.000_-78.000,2020-06,15.33,124.4,30,True
49.000_-78.000,2020-07,20.0,8.0,31,True
49.000_-78.000,2020-08,15.81,89.8,31,True
49.000_-78.000,2020-09,11.07,208.0,30,True
49.000_-78.000,2020-10,1.55,510.1,31,True
49.000_-78.000,2020-11,-0.76,562.8,30,True
49.000_-78.000,2020-12,-9.88,864.3,31,True
49.000_-78.000,2021-01,-11.48,914.0,31,True
49.000_-78.000,2021-02,-13.95,894.5,28,True
49.000_-78.000,2021-03,-5.3,722.4,31,True
49.000_-78.000,2021-04,4.43,407.1,30,True
49.000_-78.000,2021-05,9.34,276.3,31,True
49.000_-78.000,2021-06,15.97,76.9,30,True
49.000_-78.000,2021-07,16.41,66.7,31,True
49.000_-78.000,2021-08,18.73,36.8,31,True
49.000_-78.000,2021-09,12.17,175.0,30,True
49.000_-78.000,2021-10,8.71,288.0,31,True
49.000_-78.000,2021-11,-1.95,598.4,30,True
49.000_-78.000,2021-12,-11.44,912.7,31,True
49.000_-78.000,2022-01,-21.24,1216.4,31,True
49.000_-78.000,2022-02,-16.69,971.3,28,True
49.000_-78.000,2022-03,-7.18,780.7,31,True
49.000_-78.000,2022-04,0.33,530.1,30,True
49.000_-78.000,2022-05,11.01,221.8,31,True
49.000_-78.000,2022-06,15.02,100.1,30,True
49.000_-78.000,2022-07,16.7,57.3,31,True
49.000_-78.000,2022-08,16.77,53.1,31,True
49.000_-78.000,2022-09,12.0,184.0,30,True
49.000_-78.000,2022-10,6.98,341.7,31,True
49.000_-78.000,2022-11,-1.41,582.2,30,True
49.000_-78.000,2022-12,-8.41,818.8,31,True
49.000_-78.500,2016-01,-13.05,962.5,31,True
49.000_-78.500,2016-02,-15.19,962.6,29,True
49.000_-78.500,2016-03,-7.11,778.3,31,True
49.000_-78.500,2016-04,-4.07,662.0,30,True
49.000_-78.500,2016-05,8.92,281.5,31,True
49.000_-78.500,2016-06,13.54,148.6,30,True
49.000_-78.500,2016-07,17.38,41.2,31,True
49.000_-78.500,2016-08,18.04,34.1,31,True
49.000_-78.500,2016-09,13.63,135.1,30,True
49.000_-78.500,2016-10,6.01,371.6,31,True
49.000_-78.500,2016-11,0.94,511.9,30,True
49.000_-78.500,2016-12,-10.92,896.4,31,True
49.000_-78.500,2017-01,-10.83,893.8,31,True
49.000_-78.500,2017-02,-11.1,814.9,28,True
49.000_-78.500,2017-03,-10.34,878.4,31,True
49.000_-78.500,2017-04,1.07,508.0,30,True
49.000_-78.500,2017-05,6.9,344.1,31,True
49.000_-78.500,2017-06,13.99,122.3,30,True
49.000_-78.500,2017-07,16.92,50.1,31,True
49.000_-78.500,2017-08,14.17,123.5,31,True
49.000_-78.500,2017-09,13.68,144.3,30,True
49.000_-78.500,2017-10,8.39,297.8,31,True
49.000_-78.500,2017-11,-5.3,699.0,30,True
49.000_-78.500,2017-12,-15.6,1041.6,31,True
49.000_-78.500,2018-01,-16.66,1074.4,31,True
49.000_-78.500,2018-02,-13.12,871.4,28,True
49.000_-78.500,2018-03,-7.91,803.2,31,True
49.000_-78.500,2018-04,-3.85,655.5,30,True
49.000_-78.500,2018-05,8.68,293.2,31,True
49.000_-78.500,2018-06,14.55,118.6,30,True
49.000_-78.500,2018-07,20.15,15.4,31,True
49.000_-78.500,2018-08,17.43,49.4,31,True
49.000_-78.500,2018-09,12.16,183.6,30,True
49.000_-78.500,2018-10,0.61,539.0,31,True
49.000_-78.500,2018-11,-6.47,734.0,30,True
49.000_-78.500,2018-12,-10.61,886.8,31,True
49.000_-78.500,2019-01,-19.09,1149.7,31,True
49.000_-78.500,2019-02,-15.56,939.6,28,True
49.000_-78.500,2019-03,-8.38,817.9,31,True
49.000_-78.500,2019-04,-0.84,565.2,30,True
49.000_-78.500,2019-05,5.77,379.2,31,True
49.000_-78.500,2019-06,13.34,145.6,30,True
49.000_-78.500,2019-07,18.99,22.9,31,True
49.000_-78.500,2019-08,16.32,65.9,31,True
49.000_-78.500,2019-09,11.57,195.0,30,True
49.000_-78.500,2019-10,5.77,379.2,31,True
49.000_-78.500,2019-11,-6.91,747.2,30,True
49.000_-78.500,2019-12,-11.25,906.9,31,True
49.000_-78.500,2020-01,-12.07,932.1,31,True
49.000_-78.500,2020-02,-11.61,858.8,29,True
49.000_-78.500,2020-03,-6.08,746.4,31,True
49.000_-78.500,2020-04,-1.42,582.6,30,True
49.000_-78.500,2020-05,6.03,379.0,31,True
49.000_-78.500,2020-06,15.15,126.4,30,True
49.000_-78.500,2020-07,20.02,8.2,31,True
49.000_-78.500,2020-08,15.82,89.7,31,True
49.000_-78.500,2020-09,11.02,209.3,30,True
49.000_-78.500,2020-10,1.55,510.1,31,True
49.000_-78.500,2020-11,-0.9,567.1,30,True
49.000_-78.500,2020-12,-9.89,864.5,31,True
49.000_-78.500,2021-01,-11.52,915.1,31,True
49.000_-78.500,2021-02,-14.08,898.3,28,True
49.000_-78.500,2021-03,-5.46,727.4,31,True
49.000_-78.500,2021-04,4.25,412.4,30,True
49.000_-78.500,2021-05,9.29,277.7,31,True
49.000_-78.500,2021-06,15.88,79.3,30,True
49.000_-78.500,2021-07,16.53,65.0,31,True
49.000_-78.500,2021-08,18.63,36.6,31,True
49.000_-78.500,2021-09,12.09,177.4,30,True
49.000_-78.500,2021-10,8.7,288.4,31,True
49.000_-78.500,2021-11,-2.01,600.4,30,True
49.000_-78.500,2021-12,-11.51,914.8,31,True
49.000_-78.500,2022-01,-21.05,1210.4,31,True
49.000_-78.500,2022-02,-16.76,973.3,28,True
49.000_-78.500,2022-03,-7.22,781.8,31,True
49.000_-78.500,2022-04,0.34,529.8,30,True
49.000_-78.500,2022-05,10.85,225.7,31,True
49.000_-78.500,2022-06,15.01,99.9,30,True
49.000_-78.500,2022-07,16.82,54.7,31,True
49.000_-78.500,2022-08,16.79,52.7,31,True
49.000_-78.500,2022-09,12.03,183.6,30,True
49.000_-78.500,2022-10,6.87,345.0,31,True
49.000_-78.500,2022-11,-1.48,584.5,30,True
49.000_-78.500,2022-12,-8.64,825.9,31,True
49.000_-79.000,2016-01,-12.93,958.9,31,True
49.000_-79.000,2016-02,-14.92,954.6,29,True
49.000_-79.000,2016-03,-6.93,772.7,31,True
49.000_-79.000,2016-04,-3.87,656.2,30,True
49.000_-79.000,2016-05,8.97,280.2,31,True
49.000_-79.000,2016-06,13.78,142.4,30,True
49.000_-79.000,2016-07,17.7,36.1,31,True
49.000_-79.000,2016-08,18.33,30.3,31,True
49.000_-79.000,2016-09,13.82,130.0,30,True
49.000_-79.000,2016-10,6.2,365.7,31,True
49.000_-79.000,2016-11,1.22,503.3,30,True
49.000_-79.000,2016-12,-10.66,888.4,31,True
49.000_-79.000,2017-01,-10.58,885.9,31,True
49.000_-79.000,2017-02,-10.84,807.6,28,True
49.000_-79.000,2017-03,-10.1,871.0,31,True
49.000_-79.000,2017-04,1.14,505.9,30,True
49.000_-79.000,2017-05,7.0,341.0,31,True
49.000_-79.000,2017-06,14.17,116.5,30,True
49.000_-79.000,2017-07,17.1,45.4,31,True
49.000_-79.000,2017-08,14.45,115.3,31,True
49.000_-79.000,2017-09,13.89,139.0,30,True
49.000_-79.000,2017-10,8.49,294.8,31,True
49.000_-79.000,2017-11,-5.02,690.6,30,True
49.000_-79.000,2017-12,-15.49,1038.1,31,True
49.000_-79.000,2018-01,-16.21,1060.5,31,True
49.000_-79.000,2018-02,-12.98,867.3,28,True
49.000_-79.000,2018-03,-7.89,802.7,31,True
49.000_-79.000,2018-04,-3.74,652.2,30,True
49.000_-79.000,2018-05,8.91,285.6,31,True
49.000_-79.000,2018-06,14.72,113.7,30,True
49.000_-79.000,2018-07,20.18,14.2,31,True
49.000_-79.000,2018-08,17.58,46.1,31,True
49.000_-79.000,2018-09,12.32,178.9,30,True
49.000_-79.000,2018-10,0.88,530.8,31,True
49.000_-79.000,2018-11,-6.21,726.4,30,True
49.000_-79.000,2018-12,-10.25,875.8,31,True
49.000_-79.000,2019-01,-18.85,1142.4,31,True
49.000_-79.000,2019-02,-15.43,936.1,28,True
49.000_-79.000,2019-03,-8.22,812.7,31,True
49.000_-79.000,2019-04,-0.71,561.4,30,True
49.000_-79.000,2019-05,5.85,376.8,31,True
49.000_-79.000,2019-06,13.46,142.0,30,True
49.000_-79.000,2019-07,19.15,18.5,31,True
49.000_-79.000,2019-08,16.43,62.1,31,True
49.000_-79.000,2019-09,11.84,186.7,30,True
49.000_-79.000,2019-10,5.87,376.0,31,True
49.000_-79.000,2019-11,-6.8,744.0,30,True
49.000_-79.000,2019-12,-11.0,899.0,31,True
49.000_-79.000,2020-01,-11.75,922.2,31,True
49.000_-79.000,2020-02,-11.59,858.2,29,True
49.000_-79.000,2020-03,-5.81,738.0,31,True
49.000_-79.000,2020-04,-1.32,579.5,30,True
49.000_-79.000,2020-05,6.15,373.8,31,True
49.000_-79.000,2020-06,15.17,121.9,30,True
49.000_-79.000,2020-07,20.06,7.1,31,True
49.000_-79.000,2020-08,16.09,83.4,31,True
49.000_-79.000,2020-09,11.18,204.6,30,True
49.000_-79.000,2020-10,1.98,496.5,31,True
49.000_-79.000,2020-11,-0.81,564.3,30,True
49.000_-79.000,2020-12,-9.62,856.2,31,True
49.000_-79.000,2021-01,-11.33,909.1,31,True
49.000_-79.000,2021-02,-13.98,895.3,28,True
49.000_-79.000,2021-03,-5.41,725.7,31,True
49.000_-79.000,2021-04,4.35,409.5,30,True
49.000_-79.000,2021-05,9.38,273.7,31,True
49.000_-79.000,2021-06,15.91,78.3,30,True
49.000_-79.000,2021-07,16.91,56.5,31,True
49.000_-79.000,2021-08,18.79,32.0,31,True
49.000_-79.000,2021-09,12.27,172.0,30,True
49.000_-79.000,2021-10,8.94,281.0,31,True
49.000_-79.000,2021-11,-1.82,594.7,30,True
49.000_-79.000,2021-12,-11.12,902.8,31,True
49.000_-79.000,2022-01,-20.75,1201.4,31,True
49.000_-79.000,2022-02,-16.64,969.9,28,True
49.000_-79.000,2022-03,-7.07,777.3,31,True
49.000_-79.000,2022-04,0.5,524.9,30,True
49.000_-79.000,2022-05,10.95,222.5,31,True
49.000_-79.000,2022-06,15.19,95.9,30,True
49.000_-79.000,2022-07,16.99,51.2,31,True
49.000_-79.000,2022-08,16.98,47.5,31,True
49.000_-79.000,2022-09,12.15,180.3,30,True
49.000_-79.000,2022-10,6.91,343.9,31,True
49.000_-79.000,2022-11,-1.31,579.2,30,True
49.000_-79.000,2022-12,-8.46,820.3,31,True
49.000_-79.500,2016-01,-13.02,961.5,31,True
49.000_-79.500,2016-02,-14.81,951.4,29,True
49.000_-79.500,2016-03,-6.94,773.2,31,True
49.000_-79.500,2016-04,-3.87,656.0,30,True
49.000_-79.500,2016-05,8.91,281.7,31,True
49.000_-79.500,2016-06,13.65,144.6,30,True
49.000_-79.500,2016-07,17.58,38.0,31,True
49.000_-79.500,2016-08,18.22,31.8,31,True
49.000_-79.500,2016-09,13.66,134.6,30,True
49.000_-79.500,2016-10,6.1,368.9,31,True
49.000_-79.500,2016-11,1.08,507.6,30,True
49.000_-79.500,2016-12,-10.75,891.4,31,True
49.000_-79.500,2017-01,-10.44,881.7,31,True
49.000_-79.500,2017-02,-10.83,807.3,28,True
49.000_-79.500,2017-03,-9.83,862.8,31,True
49.000_-79.500,2017-04,1.16,505.2,30,True
49.000_-79.500,2017-05,7.17,335.8,31,True
49.000_-79.500,2017-06,14.1,118.7,30,True
49.000_-79.500,2017-07,16.98,48.4,31,True
49.000_-79.500,2017-08,14.45,115.7,31,True
49.000_-79.500,2017-09,13.77,143.0,30,True
49.000_-79.500,2017-10,8.33,299.9,31,True
49.000_-79.500,2017-11,-4.98,689.5,30,True
49.000_-79.500,2017-12,-15.56,1040.5,31,True
49.000_-79.500,2018-01,-16.03,1054.9,31,True
49.000_-79.500,2018-02,-13.14,871.8,28,True
49.000_-79.500,2018-03,-7.93,803.7,31,True
49.000_-79.500,2018-04,-3.64,649.2,30,True
49.000_-79.500,2018-05,9.18,277.2,31,True
49.000_-79.500,2018-06,14.79,113.2,30,True
49.000_-79.500,2018-07,20.2,13.8,31,True
49.000_-79.500,2018-08,17.51,47.9,31,True
49.000_-79.500,2018-09,12.22,182.2,30,True
49.000_-79.500,2018-10,0.81,532.8,31,True
49.000_-79.500,2018-11,-6.23,727.0,30,True
49.000_-79.500,2018-12,-10.14,872.4,31,True
49.000_-79.500,2019-01,-18.7,1137.8,31,True
49.000_-79.500,2019-02,-15.36,934.1,28,True
49.000_-79.500,2019-03,-7.97,805.1,31,True
49.000_-79.500,2019-04,-0.63,558.8,30,True
49.000_-79.500,2019-05,5.94,373.8,31,True
49.000_-79.500,2019-06,13.53,140.3,30,True
49.000_-79.500,2019-07,19.24,18.7,31,True
49.000_-79.500,2019-08,16.32,64.4,31,True
49.000_-79.500,2019-09,11.73,190.1,30,True
49.000_-79.500,2019-10,5.77,379.0,31,True
49.000_-79.500,2019-11,-6.77,743.2,30,True
49.000_-79.500,2019-12,-11.05,900.7,31,True
49.000_-79.500,2020-01,-11.6,917.7,31,True
49.000_-79.500,2020-02,-11.61,858.7,29,True
49.000_-79.500,2020-03,-5.63,732.5,31,True
49.000_-79.500,2020-04,-1.28,578.4,30,True
49.000_-79.500,2020-05,6.48,364.1,31,True
49.000_-79.500,2020-06,15.27,118.6,30,True
49.000_-79.500,2020-07,19.95,8.2,31,True
49.000_-79.500,2020-08,16.0,85.7,31,True
49.000_-79.500,2020-09,11.12,206.4,30,True
49.000_-79.500,2020-10,1.72,504.7,31,True
49.000_-79.500,2020-11,-0.9,566.9,30,True
49.000_-79.500,2020-12,-9.57,854.6,31,True
49.000_-79.500,2021-01,-11.2,905.2,31,True
49.000_-79.500,2021-02,-14.01,896.2,28,True
49.000_-79.500,2021-03,-5.3,722.4,31,True
49.000_-79.500,2021-04,4.34,409.7,30,True
49.000_-79.500,2021-05,9.36,274.2,31,True
49.000_-79.500,2021-06,15.85,79.8,30,True
49.000_-79.500,2021-07,16.87,57.9,31,True
49.000_-79.500,2021-08,18.75,33.7,31,True
49.000_-79.500,2021-09,12.16,175.1,30,True
49.000_-79.500,2021-10,8.89,282.3,31,True
49.000_-79.500,2021-11,-1.95,598.6,30,True
49.000_-79.500,2021-12,-11.13,902.9,31,True
49.000_-79.500,2022-01,-20.47,1192.6,31,True
49.000_-79.500,2022-02,-16.67,970.8,28,True
49.000_-79.500,2022-03,-7.05,776.5,31,True
49.000_-79.500,2022-04,0.63,521.0,30,True
49.000_-79.500,2022-05,10.91,223.2,31,True
49.000_-79.500,2022-06,15.19,96.4,30,True
49.000_-79.500,2022-07,17.0,50.9,31,True
49.000_-79.500,2022-08,16.87,49.7,31,True
49.000_-79.500,2022-09,12.03,184.3,30,True
49.000_-79.500,2022-10,6.76,348.3,31,True
49.000_-79.500,2022-11,-1.36,580.7,30,True
49.000_-79.500,2022-12,-8.58,823.9,31,True
49.500_-63.000,2016-01,-8.3,815.2,31,True
49.500_-63.000,2016-02,-8.29,762.4,29,True
49.500_-63.000,2016-03,-7.69,796.3,31,True
49.500_-63.000,2016-04,-1.02,570.5,30,True
49.500_-63.000,2016-05,7.25,333.4,31,True
49.500_-63.000,2016-06,11.42,199.5,30,True
49.500_-63.000,2016-07,15.9,70.3,31,True
49.500_-63.000,2016-08,16.61,50.1,31,True
49.500_-63.000,2016-09,11.66,191.6,30,True
49.500_-63.000,2016-10,7.09,338.1,31,True
49.500_-63.000,2016-11,1.41,497.7,30,True
49.500_-63.000,2016-12,-7.51,790.7,31,True
49.500_-63.000,2017-01,-9.31,846.7,31,True
49.500_-63.000,2017-02,-9.89,780.8,28,True
49.500_-63.000,2017-03,-7.72,797.2,31,True
49.500_-63.000,2017-04,-0.61,558.2,30,True
49.500_-63.000,2017-05,6.02,371.3,31,True
49.500_-63.000,2017-06,12.58,162.5,30,True
49.500_-63.000,2017-07,16.4,57.3,31,True
49.500_-63.000,2017-08,15.52,78.3,31,True
49.500_-63.000,2017-09,12.03,179.2,30,True
49.500_-63.000,2017-10,7.75,317.9,31,True
49.500_-63.000,2017-11,-1.32,579.6,30,True
49.500_-63.000,2017-12,-7.88,802.3,31,True
49.500_-63.000,2018-01,-10.98,898.4,31,True
49.500_-63.000,2018-02,-10.2,789.6,28,True
49.500_-63.000,2018-03,-3.19,657.0,31,True
49.500_-63.000,2018-04,-1.33,579.8,30,True
49.500_-63.000,2018-05,3.71,443.1,31,True
49.500_-63.000,2018-06,9.87,243.9,30,True
49.500_-63.000,2018-07,17.86,32.3,31,True
49.500_-63.000,2018-08,17.68,33.5,31,True
49.500_-63.000,2018-09,10.88,213.8,30,True
49.500_-63.000,2018-10,2.57,478.4,31,True
49.500_-63.000,2018-11,-3.08,632.4,30,True
49.500_-63.000,2018-12,-7.87,802.0,31,True
49.500_-63.000,2019-01,-10.71,889.9,31,True
49.500_-63.000,2019-02,-12.97,867.2,28,True
49.500_-63.000,2019-03,-7.05,776.4,31,True
49.500_-63.000,2019-04,-1.12,573.5,30,True
49.500_-63.000,2019-05,4.06,432.2,31,True
49.500_-63.000,2019-06,11.11,206.7,30,True
49.500_-63.000,2019-07,16.8,60.5,31,True
49.500_-63.000,2019-08,16.52,49.4,31,True
49.500_-63.000,2019-09,10.19,234.2,30,True
49.500_-63.000,2019-10,5.71,381.1,31,True
49.500_-63.000,2019-11,-2.05,601.6,30,True
49.500_-63.000,2019-12,-7.33,785.2,31,True
49.500_-63.000,2020-01,-10.74,891.0,31,True
49.500_-63.000,2020-02,-9.98,811.5,29,True
49.500_-63.000,2020-03,-6.66,764.5,31,True
49.500_-63.000,2020-04,-1.1,573.0,30,True
49.500_-63.000,2020-05,5.83,378.1,31,True
49.500_-63.000,2020-06,13.27,151.6,30,True
49.500_-63.000,2020-07,16.38,58.8,31,True
49.500_-63.000,2020-08,16.31,74.0,31,True
49.500_-63.000,2020-09,11.08,207.7,30,True
49.500_-63.000,2020-10,4.71,411.9,31,True
49.500_-63.000,2020-11,-0.5,554.9,30,True
49.500_-63.000,2020-12,-3.13,655.0,31,True
49.500_-63.000,2021-01,-7.14,779.4,31,True
49.500_-63.000,2021-02,-8.11,731.0,28,True
49.500_-63.000,2021-03,-4.59,700.2,31,True
49.500_-63.000,2021-04,2.73,458.2,30,True
49.500_-63.000,2021-05,6.01,371.6,31,True
49.500_-63.000,2021-06,13.56,135.8,30,True
49.500_-63.000,2021-07,15.16,89.7,31,True
49.500_-63.000,2021-08,18.01,30.9,31,True
49.500_-63.000,2021-09,12.21,173.8,30,True
49.500_-63.000,2021-10,8.0,310.1,31,True
49.500_-63.000,2021-11,1.71,488.7,30,True
49.500_-63.000,2021-12,-5.2,719.3,31,True
49.500_-63.000,2022-01,-12.26,938.2,31,True
49.500_-63.000,2022-02,-11.66,830.6,28,True
49.500_-63.000,2022-03,-6.09,746.7,31,True
49.500_-63.000,2022-04,0.68,519.5,30,True
49.500_-63.000,2022-05,5.68,382.0,31,True
49.500_-63.000,2022-06,12.76,158.0,30,True
49.500_-63.000,2022-07,16.55,54.8,31,True
49.500_-63.000,2022-08,17.81,23.8,31,True
49.500_-63.000,2022-09,12.4,167.9,30,True
49.500_-63.000,2022-10,8.41,297.4,31,True
49.500_-63.000,2022-11,-1.09,572.6,30,True
49.500_-63.000,2022-12,-4.13,686.0,31,True
49.500_-67.500,2016-01,-11.05,900.4,31,True
49.500_-67.500,2016-02,-11.54,856.7,29,True
49.500_-67.500,2016-03,-8.89,833.6,31,True
49.500_-67.500,2016-04,-2.61,618.4,30,True
49.500_-67.500,2016-05,7.24,333.5,31,True
49.500_-67.500,2016-06,11.68,191.6,30,True
49.500_-67.500,2016-07,15.45,82.9,31,True
49.500_-67.500,2016-08,16.03,64.7,31,True
49.500_-67.500,2016-09,11.42,198.1,30,True
49.500_-67.500,2016-10,6.34,361.5,31,True
49.500_-67.500,2016-11,0.58,522.6,30,True
49.500_-67.500,2016-12,-9.45,850.9,31,True
49.500_-67.500,2017-01,-12.35,940.9,31,True
49.500_-67.500,2017-02,-12.29,848.2,28,True
49.500_-67.500,2017-03,-9.49,852.2,31,True
49.500_-67.500,2017-04,-0.56,556.7,30,True
49.500_-67.500,2017-05,6.04,370.8,31,True
49.500_-67.500,2017-06,13.83,127.7,30,True
49.500_-67.500,2017-07,16.93,48.1,31,True
49.500_-67.500,2017-08,15.59,78.8,31,True
49.500_-67.500,2017-09,12.32,170.4,30,True
49.500_-67.500,2017-10,7.26,333.0,31,True
49.500_-67.500,2017-11,-4.14,664.3,30,True
49.500_-67.500,2017-12,-12.72,952.3,31,True
49.500_-67.500,2018-01,-15.1,1026.2,31,True
49.500_-67.500,2018-02,-12.14,844.0,28,True
49.500_-67.500,2018-03,-4.19,688.0,31,True
49.500_-67.500,2018-04,-2.14,604.2,30,True
49.500_-67.500,2018-05,4.85,407.6,31,True
49.500_-67.500,2018-06,12.03,186.7,30,True
49.500_-67.500,2018-07,19.19,23.9,31,True
49.500_-67.500,2018-08,18.13,32.8,31,True
49.500_-67.500,2018-09,11.09,213.8,30,True
49.500_-67.500,2018-10,0.95,528.5,31,True
49.500_-67.500,2018-11,-5.06,691.9,30,True
49.500_-67.500,2018-12,-11.65,919.0,31,True
49.500_-67.500,2019-01,-15.3,1032.2,31,True
49.500_-67.500,2019-02,-15.21,929.9,28,True
49.500_-67.500,2019-03,-7.9,802.9,31,True
49.500_-67.500,2019-04,-1.13,574.0,30,True
49.500_-67.500,2019-05,4.96,404.1,31,True
49.500_-67.500,2019-06,12.1,177.0,30,True
49.500_-67.500,2019-07,17.82,38.6,31,True
49.500_-67.500,2019-08,16.48,54.4,31,True
49.500_-67.500,2019-09,10.21,233.8,30,True
49.500_-67.500,2019-10,4.93,405.3,31,True
49.500_-67.500,2019-11,-4.92,687.5,30,True
49.500_-67.500,2019-12,-10.77,891.8,31,True
49.500_-67.500,2020-01,-13.07,963.3,31,True
49.500_-67.500,2020-02,-11.29,849.4,29,True
49.500_-67.500,2020-03,-7.42,788.1,31,True
49.500_-67.500,2020-04,-0.9,566.9,30,True
49.500_-67.500,2020-05,7.09,346.3,31,True
49.500_-67.500,2020-06,14.54,135.2,30,True
49.500_-67.500,2020-07,17.69,40.5,31,True
49.500_-67.500,2020-08,16.36,76.7,31,True
49.500_-67.500,2020-09,11.12,207.1,30,True
49.500_-67.500,2020-10,3.18,459.3,31,True
49.500_-67.500,2020-11,-1.84,595.3,30,True
49.500_-67.500,2020-12,-6.72,766.2,31,True
49.500_-67.500,2021-01,-9.31,846.5,31,True
49.500_-67.500,2021-02,-10.69,803.2,28,True
49.500_-67.500,2021-03,-5.76,736.5,31,True
49.500_-67.500,2021-04,2.19,474.4,30,True
49.500_-67.500,2021-05,7.21,335.2,31,True
49.500_-67.500,2021-06,15.23,94.3,30,True
49.500_-67.500,2021-07,16.48,66.5,31,True
49.500_-67.500,2021-08,18.88,30.1,31,True
49.500_-67.500,2021-09,12.07,178.0,30,True
49.500_-67.500,2021-10,7.91,312.7,31,True
49.500_-67.500,2021-11,-0.69,560.8,30,True
49.500_-67.500,2021-12,-9.7,858.8,31,True
49.500_-67.500,2022-01,-18.43,1129.4,31,True
49.500_-67.500,2022-02,-14.49,909.8,28,True
49.500_-67.500,2022-03,-7.48,789.8,31,True
49.500_-67.500,2022-04,0.59,522.2,30,True
49.500_-67.500,2022-05,6.8,347.2,31,True
49.500_-67.500,2022-06,13.2,145.8,30,True
49.500_-67.500,2022-07,17.23,42.1,31,True
49.500_-67.500,2022-08,17.79,29.4,31,True
49.500_-67.500,2022-09,11.85,186.0,30,True
49.500_-67.500,2022-10,7.9,313.1,31,True
49.500_-67.500,2022-11,-2.0,600.0,30,True
49.500_-67.500,2022-12,-7.07,777.2,31,True
49.500_-68.000,2016-01,-13.55,978.1,31,True
49.500_-68.000,2016-02,-13.8,922.1,29,True
49.500_-68.000,2016-03,-10.65,888.0,31,True
49.500_-68.000,2016-04,-4.24,667.2,30,True
49.500_-68.000,2016-05,6.64,352.2,31,True
49.500_-68.000,2016-06,11.89,186.1,30,True
49.500_-68.000,2016-07,15.15,91.0,31,True
49.500_-68.000,2016-08,15.75,73.2,31,True
49.500_-68.000,2016-09,10.77,217.2,30,True
49.500_-68.000,2016-10,5.17,397.6,31,True
49.500_-68.000,2016-11,-0.39,551.7,30,True
49.500_-68.000,2016-12,-11.95,928.3,31,True
49.500_-68.000,2017-01,-12.78,954.3,31,True
49.500_-68.000,2017-02,-12.8,862.3,28,True
49.500_-68.000,2017-03,-10.16,872.9,31,True
49.500_-68.000,2017-04,-0.69,560.8,30,True
49.500_-68.000,2017-05,5.91,374.8,31,True
49.500_-68.000,2017-06,13.18,146.5,30,True
49.500_-68.000,2017-07,15.94,71.4,31,True
49.500_-68.000,2017-08,14.78,100.6,31,True
49.500_-68.000,2017-09,11.75,187.4,30,True
49.500_-68.000,2017-10,6.92,343.4,31,True
49.500_-68.000,2017-11,-4.74,682.3,30,True
49.500_-68.000,2017-12,-13.46,975.4,31,True
49.500_-68.000,2018-01,-15.83,1048.8,31,True
49.500_-68.000,2018-02,-12.6,856.9,28,True
49.500_-68.000,2018-03,-4.64,701.7,31,True
49.500_-68.000,2018-04,-2.58,617.5,30,True
49.500_-68.000,2018-05,4.52,417.8,31,True
49.500_-68.000,2018-06,11.44,200.5,30,True
49.500_-68.000,2018-07,18.46,30.8,31,True
49.500_-68.000,2018-08,17.48,41.2,31,True
49.500_-68.000,2018-09,10.43,229.6,30,True
49.500_-68.000,2018-10,0.36,546.7,31,True
49.500_-68.000,2018-11,-5.59,707.7,30,True
49.500_-68.000,2018-12,-12.06,932.0,31,True
49.500_-68.000,2019-01,-16.01,1054.3,31,True
49.500_-68.000,2019-02,-15.77,945.5,28,True
49.500_-68.000,2019-03,-8.4,818.5,31,True
49.500_-68.000,2019-04,-1.65,589.5,30,True
49.500_-68.000,2019-05,4.58,416.0,31,True
49.500_-68.000,2019-06,11.64,190.9,30,True
49.500_-68.000,2019-07,17.15,49.1,31,True
49.500_-68.000,2019-08,15.78,72.1,31,True
49.500_-68.000,2019-09,9.57,252.9,30,True
49.500_-68.000,2019-10,4.4,421.5,31,True
49.500_-68.000,2019-11,-5.56,706.8,30,True
49.500_-68.000,2019-12,-11.15,903.6,31,True
49.500_-68.000,2020-01,-13.48,976.0,31,True
49.500_-68.000,2020-02,-11.95,868.5,29,True
49.500_-68.000,2020-03,-7.93,803.9,31,True
49.500_-68.000,2020-04,-1.37,581.1,30,True
49.500_-68.000,2020-05,6.35,367.7,31,True
49.500_-68.000,2020-06,13.95,149.5,30,True
49.500_-68.000,2020-07,17.31,46.2,31,True
49.500_-68.000,2020-08,15.66,89.4,31,True
49.500_-68.000,2020-09,10.37,228.8,30,True
49.500_-68.000,2020-10,2.6,477.5,31,True
49.500_-68.000,2020-11,-2.26,607.7,30,True
49.500_-68.000,2020-12,-7.3,784.4,31,True
49.500_-68.000,2021-01,-10.04,869.2,31,True
49.500_-68.000,2021-02,-11.36,822.1,28,True
49.500_-68.000,2021-03,-6.23,751.0,31,True
49.500_-68.000,2021-04,1.89,483.4,30,True
49.500_-68.000,2021-05,6.75,348.6,31,True
49.500_-68.000,2021-06,14.48,113.9,30,True
49.500_-68.000,2021-07,15.8,78.7,31,True
49.500_-68.000,2021-08,18.13,40.0,31,True
49.500_-68.000,2021-09,11.51,194.8,30,True
49.500_-68.000,2021-10,7.6,322.5,31,True
49.500_-68.000,2021-11,-1.38,581.3,30,True
49.500_-68.000,2021-12,-10.43,881.4,31,True
49.500_-68.000,2022-01,-19.09,1149.8,31,True
49.500_-68.000,2022-02,-15.21,930.0,28,True
49.500_-68.000,2022-03,-8.07,808.1,31,True
49.500_-68.000,2022-04,0.1,537.0,30,True
49.500_-68.000,2022-05,6.5,356.4,31,True
49.500_-68.000,2022-06,12.72,158.9,30,True
49.500_-68.000,2022-07,16.2,63.0,31,True
49.500_-68.000,2022-08,16.97,43.5,31,True
49.500_-68.000,2022-09,11.59,195.3,30,True
49.500_-68.000,2022-10,7.27,332.5,31,True
49.500_-68.000,2022-11,-2.36,610.7,30,True
49.500_-68.000,2022-12,-7.64,794.8,31,True
49.500_-76.000,2016-01,-12.71,952.1,31,True
49.500_-76.000,2016-02,-15.75,978.8,29,True
49.500_-76.000,2016-03,-8.29,815.1,31,True
49.500_-76.000,2016-04,-5.12,693.6,30,True
49.500_-76.000,2016-05,8.0,310.0,31,True
49.500_-76.000,2016-06,13.76,143.7,30,True
49.500_-76.000,2016-07,16.88,49.2,31,True
49.500_-76.000,2016-08,17.65,40.6,31,True
49.500_-76.000,2016-09,13.74,131.6,30,True
49.500_-76.000,2016-10,6.11,368.6,31,True
49.500_-76.000,2016-11,0.4,528.1,30,True
49.500_-76.000,2016-12,-11.44,912.5,31,True
49.500_-76.000,2017-01,-11.61,917.8,31,True
49.500_-76.000,2017-02,-11.83,835.2,28,True
49.500_-76.000,2017-03,-11.0,899.0,31,True
49.500_-76.000,2017-04,0.47,525.9,30,True
49.500_-76.000,2017-05,7.05,339.4,31,True
49.500_-76.000,2017-06,13.79,129.3,30,True
49.500_-76.000,2017-07,16.61,58.6,31,True
49.500_-76.000,2017-08,14.16,120.0,31,True
49.500_-76.000,2017-09,13.3,148.6,30,True
49.500_-76.000,2017-10,8.54,293.4,31,True
49.500_-76.000,2017-11,-4.69,680.7,30,True
49.500_-76.000,2017-12,-14.95,1021.4,31,True
49.500_-76.000,2018-01,-17.58,1103.0,31,True
49.500_-76.000,2018-02,-13.38,878.6,28,True
49.500_-76.000,2018-03,-7.06,777.0,31,True
49.500_-76.000,2018-04,-3.91,657.3,30,True
49.500_-76.000,2018-05,6.26,367.6,31,True
49.500_-76.000,2018-06,13.7,142.1,30,True
49.500_-76.000,2018-07,19.95,18.5,31,True
49.500_-76.000,2018-08,17.66,42.4,31,True
49.500_-76.000,2018-09,11.96,189.0,30,True
49.500_-76.000,2018-10,1.06,525.0,31,True
49.500_-76.000,2018-11,-5.96,718.9,30,True
49.500_-76.000,2018-12,-10.92,896.4,31,True
49.500_-76.000,2019-01,-18.82,1141.3,31,True
49.500_-76.000,2019-02,-15.76,945.2,28,True
49.500_-76.000,2019-03,-9.02,837.6,31,True
49.500_-76.000,2019-04,-1.38,581.4,30,True
49.500_-76.000,2019-05,5.04,401.8,31,True
49.500_-76.000,2019-06,12.56,168.1,30,True
49.500_-76.000,2019-07,18.25,35.0,31,True
49.500_-76.000,2019-08,16.15,69.0,31,True
49.500_-76.000,2019-09,11.39,200.1,30,True
49.500_-76.000,2019-10,5.99,372.4,31,True
49.500_-76.000,2019-11,-5.49,704.7,30,True
49.500_-76.000,2019-12,-11.18,904.5,31,True
49.500_-76.000,2020-01,-12.64,949.9,31,True
49.500_-76.000,2020-02,-11.62,859.0,29,True
49.500_-76.000,2020-03,-6.79,768.5,31,True
49.500_-76.000,2020-04,-1.96,598.9,30,True
49.500_-76.000,2020-05,4.76,418.4,31,True
49.500_-76.000,2020-06,15.3,127.4,30,True
49.500_-76.000,2020-07,20.21,6.6,31,True
49.500_-76.000,2020-08,16.27,81.9,31,True
49.500_-76.000,2020-09,10.83,215.0,30,True
49.500_-76.000,2020-10,1.86,500.3,31,True
49.500_-76.000,2020-11,-0.72,561.5,30,True
49.500_-76.000,2020-12,-9.55,854.1,31,True
49.500_-76.000,2021-01,-11.12,902.6,31,True
49.500_-76.000,2021-02,-13.59,884.5,28,True
49.500_-76.000,2021-03,-6.16,749.0,31,True
49.500_-76.000,2021-04,3.22,443.5,30,True
49.500_-76.000,2021-05,8.87,285.2,31,True
49.500_-76.000,2021-06,15.7,79.5,30,True
49.500_-76.000,2021-07,16.54,63.6,31,True
49.500_-76.000,2021-08,18.8,37.2,31,True
49.500_-76.000,2021-09,12.32,170.7,30,True
49.500_-76.000,2021-10,8.75,286.6,31,True
49.500_-76.000,2021-11,-1.39,581.6,30,True
49.500_-76.000,2021-12,-11.71,921.0,31,True
49.500_-76.000,2022-01,-21.36,1220.2,31,True
49.500_-76.000,2022-02,-16.98,979.3,28,True
49.500_-76.000,2022-03,-7.81,800.0,31,True
49.500_-76.000,2022-04,-0.23,546.9,30,True
49.500_-76.000,2022-05,8.89,283.2,31,True
49.500_-76.000,2022-06,14.68,109.9,30,True
49.500_-76.000,2022-07,16.52,61.9,31,True
49.500_-76.000,2022-08,16.82,55.6,31,True
49.500_-76.000,2022-09,12.26,176.4,30,True
49.500_-76.000,2022-10,7.24,333.5,31,True
49.500_-76.000,2022-11,-1.17,575.1,30,True
49.500_-76.000,2022-12,-8.14,810.2,31,True
49.500_-77.500,2016-01,-13.49,976.1,31,True
49.500_-77.500,2016-02,-16.08,988.4,29,True
49.500_-77.500,2016-03,-8.08,808.4,31,True
49.500_-77.500,2016-04,-4.86,685.7,30,True
49.500_-77.500,2016-05,8.25,302.4,31,True
49.500_-77.500,2016-06,13.34,155.0,30,True
49.500_-77.500,2016-07,17.04,47.9,31,True
49.500_-77.500,2016-08,17.7,41.4,31,True
49.500_-77.500,2016-09,13.59,136.1,30,True
49.500_-77.500,2016-10,5.73,380.5,31,True
49.500_-77.500,2016-11,0.28,531.5,30,True
49.500_-77.500,2016-12,-11.71,920.9,31,True
49.500_-77.500,2017-01,-11.32,908.8,31,True
49.500_-77.500,2017-02,-11.51,826.4,28,True
49.500_-77.500,2017-03,-10.65,888.0,31,True
49.500_-77.500,2017-04,0.88,513.6,30,True
49.500_-77.500,2017-05,7.23,334.0,31,True
49.500_-77.500,2017-06,13.93,125.2,30,True
49.500_-77.500,2017-07,16.77,53.9,31,True
49.500_-77.500,2017-08,14.02,126.2,31,True
49.500_-77.500,2017-09,13.2,151.8,30,True
49.500_-77.500,2017-10,8.51,294.2,31,True
49.500_-77.500,2017-11,-5.56,706.8,30,True
49.500_-77.500,2017-12,-15.45,1037.1,31,True
49.500_-77.500,2018-01,-17.31,1094.5,31,True
49.500_-77.500,2018-02,-13.44,880.2,28,True
49.500_-77.500,2018-03,-7.71,797.0,31,True
49.500_-77.500,2018-04,-3.9,657.1,30,True
49.500_-77.500,2018-05,7.41,331.9,31,True
49.500_-77.500,2018-06,14.24,128.3,30,True
49.500_-77.500,2018-07,20.16,16.6,31,True
49.500_-77.500,2018-08,17.26,51.6,31,True
49.500_-77.500,2018-09,11.98,188.5,30,True
49.500_-77.500,2018-10,0.72,535.7,31,True
49.500_-77.500,2018-11,-6.39,731.7,30,True
49.500_-77.500,2018-12,-10.95,897.4,31,True
49.500_-77.500,2019-01,-19.1,1150.0,31,True
49.500_-77.500,2019-02,-15.63,941.7,28,True
49.500_-77.500,2019-03,-8.64,825.8,31,True
49.500_-77.500,2019-04,-1.04,571.3,30,True
49.500_-77.500,2019-05,5.53,386.5,31,True
49.500_-77.500,2019-06,13.09,153.8,30,True
49.500_-77.500,2019-07,18.63,28.7,31,True
49.500_-77.500,2019-08,16.11,68.3,31,True
49.500_-77.500,2019-09,11.28,203.9,30,True
49.500_-77.500,2019-10,5.96,373.1,31,True
49.500_-77.500,2019-11,-6.65,739.6,30,True
49.500_-77.500,2019-12,-11.53,915.4,31,True
49.500_-77.500,2020-01,-12.56,947.5,31,True
49.500_-77.500,2020-02,-11.68,860.7,29,True
49.500_-77.500,2020-03,-6.63,763.4,31,True
49.500_-77.500,2020-04,-1.63,588.9,30,True
49.500_-77.500,2020-05,5.35,398.8,31,True
49.500_-77.500,2020-06,15.36,126.9,30,True
49.500_-77.500,2020-07,20.15,7.1,31,True
49.500_-77.500,2020-08,15.99,87.7,31,True
49.500_-77.500,2020-09,10.98,210.5,30,True
49.500_-77.500,2020-10,1.55,509.9,31,True
49.500_-77.500,2020-11,-1.12,573.6,30,True
49.500_-77.500,2020-12,-10.15,872.7,31,True
49.500_-77.500,2021-01,-11.38,910.8,31,True
49.500_-77.500,2021-02,-13.87,892.4,28,True
49.500_-77.500,2021-03,-5.85,739.3,31,True
49.500_-77.500,2021-04,3.87,423.9,30,True
49.500_-77.500,2021-05,9.16,279.6,31,True
49.500_-77.500,2021-06,15.75,82.9,30,True
49.500_-77.500,2021-07,16.44,63.9,31,True
49.500_-77.500,2021-08,18.69,37.6,31,True
49.500_-77.500,2021-09,12.19,174.3,30,True
49.500_-77.500,2021-10,8.72,287.8,31,True
49.500_-77.500,2021-11,-2.0,600.0,30,True
49.500_-77.500,2021-12,-11.97,929.1,31,True
49.500_-77.500,2022-01,-21.45,1223.1,31,True
49.500_-77.500,2022-02,-16.97,979.1,28,True
49.500_-77.500,2022-03,-7.62,794.1,31,True
49.500_-77.500,2022-04,0.02,539.3,30,True
49.500_-77.500,2022-05,10.32,240.5,31,True
49.500_-77.500,2022-06,14.92,102.6,30,True
49.500_-77.500,2022-07,16.61,58.9,31,True
49.500_-77.500,2022-08,16.72,56.5,31,True
49.500_-77.500,2022-09,12.06,182.1,30,True
49.500_-77.500,2022-10,7.08,338.4,31,True
49.500_-77.500,2022-11,-1.6,588.0,30,True
49.500_-77.500,2022-12,-8.51,821.7,31,True
50.000_-62.000,2016-01,-6.99,774.8,31,True
50.000_-62.000,2016-02,-6.9,722.0,29,True
50.000_-62.000,2016-03,-6.23,751.1,31,True
50.000_-62.000,2016-04,-0.53,555.9,30,True
50.000_-62.000,2016-05,5.9,375.0,31,True
50.000_-62.000,2016-06,9.18,264.7,30,True
50.000_-62.000,2016-07,14.53,108.2,31,True
50.000_-62.000,2016-08,15.55,76.9,31,True
50.000_-62.000,2016-09,11.45,196.4,30,True
50.000_-62.000,2016-10,7.79,316.4,31,True
50.000_-62.000,2016-11,2.29,471.3,30,True
50.000_-62.000,2016-12,-5.72,735.4,31,True
50.000_-62.000,2017-01,-6.28,752.8,31,True
50.000_-62.000,2017-02,-7.31,708.8,28,True
50.000_-62.000,2017-03,-5.78,737.2,31,True
50.000_-62.000,2017-04,-0.43,552.9,30,True
50.000_-62.000,2017-05,3.61,446.2,31,True
50.000_-62.000,2017-06,9.03,269.2,30,True
50.000_-62.000,2017-07,14.01,123.6,31,True
50.000_-62.000,2017-08,14.11,120.6,31,True
50.000_-62.000,2017-09,13.08,147.5,30,True
50.000_-62.000,2017-10,8.87,282.9,31,True
50.000_-62.000,2017-11,1.53,494.1,30,True
50.000_-62.000,2017-12,-4.26,690.0,31,True
50.000_-62.000,2018-01,-7.68,796.0,31,True
50.000_-62.000,2018-02,-8.06,729.8,28,True
50.000_-62.000,2018-03,-1.45,602.8,31,True
50.000_-62.000,2018-04,-1.06,571.8,30,True
50.000_-62.000,2018-05,2.69,474.6,31,True
50.000_-62.000,2018-06,8.1,296.9,30,True
50.000_-62.000,2018-07,14.14,119.8,31,True
50.000_-62.000,2018-08,15.65,72.8,31,True
50.000_-62.000,2018-09,11.46,196.1,30,True
50.000_-62.000,2018-10,4.84,407.9,31,True
50.000_-62.000,2018-11,-0.19,545.8,30,True
50.000_-62.000,2018-12,-4.43,695.2,31,True
50.000_-62.000,2019-01,-7.25,782.9,31,True
50.000_-62.000,2019-02,-9.72,776.1,28,True
50.000_-62.000,2019-03,-4.68,703.1,31,True
50.000_-62.000,2019-04,-0.28,548.5,30,True
50.000_-62.000,2019-05,3.82,439.5,31,True
50.000_-62.000,2019-06,8.73,278.0,30,True
50.000_-62.000,2019-07,13.86,128.2,31,True
50.000_-62.000,2019-08,16.54,46.1,31,True
50.000_-62.000,2019-09,10.3,231.0,30,True
50.000_-62.000,2019-10,7.39,328.9,31,True
50.000_-62.000,2019-11,1.04,508.9,30,True
50.000_-62.000,2019-12,-4.08,684.5,31,True
50.000_-62.000,2020-01,-7.57,792.7,31,True
50.000_-62.000,2020-02,-7.56,741.2,29,True
50.000_-62.000,2020-03,-4.93,710.8,31,True
50.000_-62.000,2020-04,-0.07,542.1,30,True
50.000_-62.000,2020-05,3.97,435.0,31,True
50.000_-62.000,2020-06,10.33,230.2,30,True
50.000_-62.000,2020-07,15.28,84.4,31,True
50.000_-62.000,2020-08,16.54,50.0,31,True
50.000_-62.000,2020-09,9.83,245.1,30,True
50.000_-62.000,2020-10,4.95,404.6,31,True
50.000_-62.000,2020-11,1.35,499.4,30,True
50.000_-62.000,2020-12,-0.45,571.9,31,True
50.000_-62.000,2021-01,-3.8,675.8,31,True
50.000_-62.000,2021-02,-5.18,649.1,28,True
50.000_-62.000,2021-03,-2.62,639.2,31,True
50.000_-62.000,2021-04,2.47,465.9,30,True
50.000_-62.000,2021-05,4.95,404.5,31,True
50.000_-62.000,2021-06,10.03,239.2,30,True
50.000_-62.000,2021-07,14.08,121.6,31,True
50.000_-62.000,2021-08,16.88,36.3,31,True
50.000_-62.000,2021-09,13.05,148.4,30,True
50.000_-62.000,2021-10,9.13,274.9,31,True
50.000_-62.000,2021-11,4.67,399.8,30,True
50.000_-62.000,2021-12,-2.31,629.6,31,True
50.000_-62.000,2022-01,-8.65,826.1,31,True
50.000_-62.000,2022-02,-9.04,757.2,28,True
50.000_-62.000,2022-03,-4.12,685.6,31,True
50.000_-62.000,2022-04,0.9,512.9,30,True
50.000_-62.000,2022-05,4.71,412.1,31,True
50.000_-62.000,2022-06,10.64,220.9,30,True
50.000_-62.000,2022-07,13.87,128.1,31,True
50.000_-62.000,2022-08,17.61,22.2,31,True
50.000_-62.000,2022-09,13.58,133.4,30,True
50.000_-62.000,2022-10,9.27,270.5,31,True
50.000_-62.000,2022-11,1.21,503.7,30,True
50.000_-62.000,2022-12,-1.21,595.6,31,True
50.000_-66.000,2016-01,-7.17,780.3,31,True
50.000_-66.000,2016-02,-8.16,758.6,29,True
50.000_-66.000,2016-03,-6.61,763.0,31,True
50.000_-66.000,2016-04,-1.41,582.4,30,True
50.000_-66.000,2016-05,6.48,357.2,31,True
50.000_-66.000,2016-06,8.98,270.5,30,True
50.000_-66.000,2016-07,14.81,98.9,31,True
50.000_-66.000,2016-08,15.33,82.9,31,True
50.000_-66.000,2016-09,11.63,191.2,30,True
50.000_-66.000,2016-10,7.76,317.5,31,True
50.000_-66.000,2016-11,2.77,456.8,30,True
50.000_-66.000,2016-12,-5.25,720.7,31,True
50.000_-66.000,2017-01,-6.76,767.7,31,True
50.000_-66.000,2017-02,-7.84,723.6,28,True
50.000_-66.000,2017-03,-6.1,747.0,31,True
50.000_-66.000,2017-04,0.15,535.4,30,True
50.000_-66.000,2017-05,5.07,400.9,31,True
50.000_-66.000,2017-06,11.01,209.8,30,True
50.000_-66.000,2017-07,13.76,131.5,31,True
50.000_-66.000,2017-08,13.49,139.8,31,True
50.000_-66.000,2017-09,11.95,181.6,30,True
50.000_-66.000,2017-10,8.21,303.4,31,True
50.000_-66.000,2017-11,0.72,518.4,30,True
50.000_-66.000,2017-12,-5.8,737.9,31,True
50.000_-66.000,2018-01,-9.75,860.1,31,True
50.000_-66.000,2018-02,-9.54,771.2,28,True
50.000_-66.000,2018-03,-1.91,617.2,31,True
50.000_-66.000,2018-04,-1.2,576.1,30,True
50.000_-66.000,2018-05,3.48,450.0,31,True
50.000_-66.000,2018-06,8.91,272.7,30,True
50.000_-66.000,2018-07,14.02,124.1,31,True
50.000_-66.000,2018-08,16.65,42.5,31,True
50.000_-66.000,2018-09,11.35,199.5,30,True
50.000_-66.000,2018-10,3.94,436.0,31,True
50.000_-66.000,2018-11,-0.71,561.2,30,True
50.000_-66.000,2018-12,-5.49,728.2,31,True
50.000_-66.000,2019-01,-8.77,829.8,31,True
50.000_-66.000,2019-02,-10.04,785.0,28,True
50.000_-66.000,2019-03,-4.78,706.1,31,True
50.000_-66.000,2019-04,-0.24,547.3,30,True
50.000_-66.000,2019-05,4.67,413.3,31,True
50.000_-66.000,2019-06,9.96,241.2,30,True
50.000_-66.000,2019-07,15.02,92.5,31,True
50.000_-66.000,2019-08,15.82,67.6,31,True
50.000_-66.000,2019-09,11.04,208.7,30,True
50.000_-66.000,2019-10,7.13,336.9,31,True
50.000_-66.000,2019-11,-0.12,543.6,30,True
50.000_-66.000,2019-12,-4.75,705.1,31,True
50.000_-66.000,2020-01,-7.98,805.4,31,True
50.000_-66.000,2020-02,-7.02,725.5,29,True
50.000_-66.000,2020-03,-4.35,692.9,31,True
50.000_-66.000,2020-04,0.26,532.1,30,True
50.000_-66.000,2020-05,5.22,396.3,31,True
50.000_-66.000,2020-06,11.01,209.7,30,True
50.000_-66.000,2020-07,16.53,48.9,31,True
50.000_-66.000,2020-08,16.14,58.1,31,True
50.000_-66.000,2020-09,9.87,244.0,30,True
50.000_-66.000,2020-10,5.19,397.2,31,True
50.000_-66.000,2020-11,0.76,517.2,30,True
50.000_-66.000,2020-12,-2.17,625.3,31,True
50.000_-66.000,2021-01,-4.28,690.8,31,True
50.000_-66.000,2021-02,-5.59,660.5,28,True
50.000_-66.000,2021-03,-3.09,653.9,31,True
50.000_-66.000,2021-04,2.34,469.9,30,True
50.000_-66.000,2021-05,5.25,395.2,31,True
50.000_-66.000,2021-06,10.89,213.3,30,True
50.000_-66.000,2021-07,15.05,91.3,31,True
50.000_-66.000,2021-08,16.2,56.7,31,True
50.000_-66.000,2021-09,12.86,154.3,30,True
50.000_-66.000,2021-10,9.5,263.6,31,True
50.000_-66.000,2021-11,4.13,416.2,30,True
50.000_-66.000,2021-12,-3.34,661.4,31,True
50.000_-66.000,2022-01,-10.93,896.9,31,True
50.000_-66.000,2022-02,-10.02,784.5,28,True
50.000_-66.000,2022-03,-4.24,689.5,31,True
50.000_-66.000,2022-04,0.93,512.0,30,True
50.000_-66.000,2022-05,4.79,409.6,31,True
50.000_-66.000,2022-06,10.77,216.8,30,True
50.000_-66.000,2022-07,14.61,105.1,31,True
50.000_-66.000,2022-08,16.63,43.6,31,True
50.000_-66.000,2022-09,11.89,183.4,30,True
50.000_-66.000,2022-10,7.69,319.6,31,True
50.000_-66.000,2022-11,1.01,509.8,30,True
50.000_-66.000,2022-12,-2.17,625.2,31,True
50.000_-66.500,2016-01,-10.83,893.7,31,True
50.000_-66.500,2016-02,-11.61,858.7,29,True
50.000_-66.500,2016-03,-8.58,824.1,31,True
50.000_-66.500,2016-04,-0.52,555.5,30,True
50.000_-66.500,2016-05,9.75,255.6,31,True
50.000_-66.500,2016-06,14.96,110.0,30,True
50.000_-66.500,2016-07,17.13,46.8,31,True
50.000_-66.500,2016-08,17.08,38.8,31,True
50.000_-66.500,2016-09,11.97,185.7,30,True
50.000_-66.500,2016-10,7.02,340.5,31,True
50.000_-66.500,2016-11,2.11,476.7,30,True
50.000_-66.500,2016-12,-9.85,863.5,31,True
50.000_-66.500,2017-01,-10.74,891.0,31,True
50.000_-66.500,2017-02,-10.71,803.9,28,True
50.000_-66.500,2017-03,-7.91,803.2,31,True
50.000_-66.500,2017-04,0.11,536.8,30,True
50.000_-66.500,2017-05,6.18,366.3,31,True
50.000_-66.500,2017-06,13.33,140.2,30,True
50.000_-66.500,2017-07,16.85,46.1,31,True
50.000_-66.500,2017-08,15.4,81.6,31,True
50.000_-66.500,2017-09,12.42,167.3,30,True
50.000_-66.500,2017-10,7.59,322.7,31,True
50.000_-66.500,2017-11,-1.78,593.4,30,True
50.000_-66.500,2017-12,-10.15,872.7,31,True
50.000_-66.500,2018-01,-13.22,967.8,31,True
50.000_-66.500,2018-02,-11.11,815.1,28,True
50.000_-66.500,2018-03,-2.38,631.9,31,True
50.000_-66.500,2018-04,-1.5,584.9,30,True
50.000_-66.500,2018-05,4.21,427.5,31,True
50.000_-66.500,2018-06,11.37,199.6,30,True
50.000_-66.500,2018-07,17.61,38.5,31,True
50.000_-66.500,2018-08,18.05,25.0,31,True
50.000_-66.500,2018-09,11.24,205.1,30,True
50.000_-66.500,2018-10,2.72,473.7,31,True
50.000_-66.500,2018-11,-3.26,637.7,30,True
50.000_-66.500,2018-12,-9.63,856.4,31,True
50.000_-66.500,2019-01,-12.69,951.4,31,True
50.000_-66.500,2019-02,-13.01,868.2,28,True
50.000_-66.500,2019-03,-6.65,764.2,31,True
50.000_-66.500,2019-04,-0.23,546.9,30,True
50.000_-66.500,2019-05,5.32,393.1,31,True
50.000_-66.500,2019-06,11.88,183.6,30,True
50.000_-66.500,2019-07,17.53,34.8,31,True
50.000_-66.500,2019-08,16.64,46.2,31,True
50.000_-66.500,2019-09,11.16,205.1,30,True
50.000_-66.500,2019-10,6.29,363.1,31,True
50.000_-66.500,2019-11,-2.84,625.1,30,True
50.000_-66.500,2019-12,-8.27,814.3,31,True
50.000_-66.500,2020-01,-11.91,927.1,31,True
50.000_-66.500,2020-02,-9.62,801.0,29,True
50.000_-66.500,2020-03,-6.27,752.4,31,True
50.000_-66.500,2020-04,0.27,531.8,30,True
50.000_-66.500,2020-05,7.4,328.8,31,True
50.000_-66.500,2020-06,13.98,134.8,30,True
50.000_-66.500,2020-07,17.62,33.3,31,True
50.000_-66.500,2020-08,17.03,55.4,31,True
50.000_-66.500,2020-09,10.95,211.6,30,True
50.000_-66.500,2020-10,4.37,422.4,31,True
50.000_-66.500,2020-11,-1.01,570.4,30,True
50.000_-66.500,2020-12,-5.26,721.0,31,True
50.000_-66.500,2021-01,-7.65,795.3,31,True
50.000_-66.500,2021-02,-8.53,742.9,28,True
50.000_-66.500,2021-03,-4.64,701.7,31,True
50.000_-66.500,2021-04,3.36,439.3,30,True
50.000_-66.500,2021-05,7.19,335.2,31,True
50.000_-66.500,2021-06,14.08,121.9,30,True
50.000_-66.500,2021-07,16.65,49.2,31,True
50.000_-66.500,2021-08,17.93,29.8,31,True
50.000_-66.500,2021-09,12.99,150.4,30,True
50.000_-66.500,2021-10,8.65,289.7,31,True
50.000_-66.500,2021-11,1.91,482.7,30,True
50.000_-66.500,2021-12,-6.82,769.5,31,True
50.000_-66.500,2022-01,-16.45,1068.1,31,True
50.000_-66.500,2022-02,-12.72,860.1,28,True
50.000_-66.500,2022-03,-5.91,741.2,31,True
50.000_-66.500,2022-04,1.43,497.0,30,True
50.000_-66.500,2022-05,6.77,348.2,31,True
50.000_-66.500,2022-06,13.03,150.3,30,True
50.000_-66.500,2022-07,16.83,45.2,31,True
50.000_-66.500,2022-08,17.95,19.5,31,True
50.000_-66.500,2022-09,12.08,177.5,30,True
50.000_-66.500,2022-10,8.01,309.7,31,True
50.000_-66.500,2022-11,-0.82,564.7,30,True
50.000_-66.500,2022-12,-4.88,709.2,31,True
50.000_-67.000,2016-01,-12.04,931.1,31,True
50.000_-67.000,2016-02,-12.43,882.5,29,True
50.000_-67.000,2016-03,-9.87,864.1,31,True
50.000_-67.000,2016-04,-2.72,621.5,30,True
50.000_-67.000,2016-05,7.29,331.9,31,True
50.000_-67.000,2016-06,12.62,169.7,30,True
50.000_-67.000,2016-07,16.21,64.5,31,True
50.000_-67.000,2016-08,16.66,47.8,31,True
50.000_-67.000,2016-09,11.74,191.2,30,True
50.000_-67.000,2016-10,6.41,359.3,31,True
50.000_-67.000,2016-11,0.6,521.9,30,True
50.000_-67.000,2016-12,-10.44,881.7,31,True
50.000_-67.000,2017-01,-12.17,935.2,31,True
50.000_-67.000,2017-02,-12.03,840.8,28,True
50.000_-67.000,2017-03,-9.02,837.6,31,True
50.000_-67.000,2017-04,-0.51,555.4,30,True
50.000_-67.000,2017-05,5.67,382.2,31,True
50.000_-67.000,2017-06,13.55,133.9,30,True
50.000_-67.000,2017-07,17.22,45.3,31,True
50.000_-67.000,2017-08,15.39,82.7,31,True
50.000_-67.000,2017-09,12.05,178.5,30,True
50.000_-67.000,2017-10,7.06,339.2,31,True
50.000_-67.000,2017-11,-3.21,636.2,30,True
50.000_-67.000,2017-12,-11.95,928.6,31,True
50.000_-67.000,2018-01,-14.71,1013.9,31,True
50.000_-67.000,2018-02,-12.52,854.5,28,True
50.000_-67.000,2018-03,-3.33,661.2,31,True
50.000_-67.000,2018-04,-1.97,599.2,30,True
50.000_-67.000,2018-05,4.01,433.7,31,True
50.000_-67.000,2018-06,11.38,202.1,30,True
50.000_-67.000,2018-07,18.42,34.0,31,True
50.000_-67.000,2018-08,18.25,28.0,31,True
50.000_-67.000,2018-09,11.04,213.1,30,True
50.000_-67.000,2018-10,1.56,509.6,31,True
50.000_-67.000,2018-11,-4.7,681.0,30,True
50.000_-67.000,2018-12,-10.98,898.4,31,True
50.000_-67.000,2019-01,-14.82,1017.4,31,True
50.000_-67.000,2019-02,-14.49,909.6,28,True
50.000_-67.000,2019-03,-7.68,796.2,31,True
50.000_-67.000,2019-04,-0.91,567.2,30,True
50.000_-67.000,2019-05,4.7,412.3,31,True
50.000_-67.000,2019-06,11.82,185.4,30,True
50.000_-67.000,2019-07,17.8,37.2,31,True
50.000_-67.000,2019-08,16.43,52.3,31,True
50.000_-67.000,2019-09,10.83,215.1,30,True
50.000_-67.000,2019-10,5.5,387.6,31,True
50.000_-67.000,2019-11,-4.27,668.1,30,True
50.000_-67.000,2019-12,-9.93,865.8,31,True
50.000_-67.000,2020-01,-13.23,968.0,31,True
50.000_-67.000,2020-02,-11.02,841.5,29,True
50.000_-67.000,2020-03,-7.29,784.1,31,True
50.000_-67.000,2020-04,-0.39,551.7,30,True
50.000_-67.000,2020-05,7.05,342.7,31,True
50.000_-67.000,2020-06,14.09,136.6,30,True
50.000_-67.000,2020-07,17.41,41.2,31,True
50.000_-67.000,2020-08,16.76,69.3,31,True
50.000_-67.000,2020-09,11.0,209.9,30,True
50.000_-67.000,2020-10,3.59,446.8,31,True
50.000_-67.000,2020-11,-1.99,599.6,30,True
50.000_-67.000,2020-12,-6.55,761.1,31,True
50.000_-67.000,2021-01,-8.86,832.6,31,True
50.000_-67.000,2021-02,-9.8,778.5,28,True
50.000_-67.000,2021-03,-5.41,725.8,31,True
50.000_-67.000,2021-04,2.52,464.3,30,True
50.000_-67.000,2021-05,7.01,340.9,31,True
50.000_-67.000,2021-06,14.72,103.4,30,True
50.000_-67.000,2021-07,16.72,56.6,31,True
50.000_-67.000,2021-08,18.24,32.7,31,True
50.000_-67.000,2021-09,12.48,165.6,30,True
50.000_-67.000,2021-10,8.11,306.6,31,True
50.000_-67.000,2021-11,0.43,527.0,30,True
50.000_-67.000,2021-12,-8.39,818.2,31,True
50.000_-67.000,2022-01,-18.38,1127.9,31,True
50.000_-67.000,2022-02,-14.25,903.1,28,True
50.000_-67.000,2022-03,-7.22,781.9,31,True
50.000_-67.000,2022-04,0.87,514.0,30,True
50.000_-67.000,2022-05,6.46,357.6,31,True
50.000_-67.000,2022-06,13.13,149.1,30,True
50.000_-67.000,2022-07,16.95,46.2,31,True
50.000_-67.000,2022-08,18.12,18.8,31,True
50.000_-67.000,2022-09,11.83,185.0,30,True
50.000_-67.000,2022-10,7.72,318.6,31,True
50.000_-67.000,2022-11,-1.77,593.0,30,True
50.000_-67.000,2022-12,-6.53,760.3,31,True
50.000_-71.500,2016-01,-14.38,1003.9,31,True
50.000_-71.500,2016-02,-16.6,1003.4,29,True
50.000_-71.500,2016-03,-10.88,895.2,31,True
50.000_-71.500,2016-04,-5.84,715.3,30,True
50.000_-71.500,2016-05,6.28,363.2,31,True
50.000_-71.500,2016-06,12.82,160.8,30,True
50.000_-71.500,2016-07,15.19,91.0,31,True
50.000_-71.500,2016-08,15.65,80.2,31,True
50.000_-71.500,2016-09,11.2,204.5,30,True
50.000_-71.500,2016-10,4.51,418.3,31,True
50.000_-71.500,2016-11,-1.06,571.7,30,True
50.000_-71.500,2016-12,-13.55,978.0,31,True
50.000_-71.500,2017-01,-14.82,1017.4,31,True
50.000_-71.500,2017-02,-15.0,923.9,28,True
50.000_-71.500,2017-03,-12.35,940.9,31,True
50.000_-71.500,2017-04,-1.14,574.2,30,True
50.000_-71.500,2017-05,5.8,378.1,31,True
50.000_-71.500,2017-06,12.2,175.6,30,True
50.000_-71.500,2017-07,14.32,115.9,31,True
50.000_-71.500,2017-08,12.85,159.5,31,True
50.000_-71.500,2017-09,11.12,206.9,30,True
50.000_-71.500,2017-10,5.85,376.8,31,True
50.000_-71.500,2017-11,-6.56,736.9,30,True
50.000_-71.500,2017-12,-16.57,1071.8,31,True
50.000_-71.500,2018-01,-19.42,1160.1,31,True
50.000_-71.500,2018-02,-15.26,931.4,28,True
50.000_-71.500,2018-03,-5.97,743.1,31,True
50.000_-71.500,2018-04,-4.56,676.7,30,True
50.000_-71.500,2018-05,3.5,450.8,31,True
50.000_-71.500,2018-06,11.13,208.3,30,True
50.000_-71.500,2018-07,17.61,50.1,31,True
50.000_-71.500,2018-08,16.33,63.5,31,True
50.000_-71.500,2018-09,9.8,246.3,30,True
50.000_-71.500,2018-10,-0.98,588.3,31,True
50.000_-71.500,2018-11,-7.56,766.8,30,True
50.000_-71.500,2018-12,-14.09,994.8,31,True
50.000_-71.500,2019-01,-19.42,1160.1,31,True
50.000_-71.500,2019-02,-17.98,1007.3,28,True
50.000_-71.500,2019-03,-10.74,890.8,31,True
50.000_-71.500,2019-04,-2.75,622.5,30,True
50.000_-71.500,2019-05,3.25,457.3,31,True
50.000_-71.500,2019-06,10.58,222.7,30,True
50.000_-71.500,2019-07,16.28,65.1,31,True
50.000_-71.500,2019-08,14.48,109.2,31,True
50.000_-71.500,2019-09,8.87,273.9,30,True
50.000_-71.500,2019-10,3.21,458.6,31,True
50.000_-71.500,2019-11,-7.91,777.2,30,True
50.000_-71.500,2019-12,-13.02,961.5,31,True
50.000_-71.500,2020-01,-15.39,1035.0,31,True
50.000_-71.500,2020-02,-14.05,929.5,29,True
50.000_-71.500,2020-03,-9.1,840.2,31,True
50.000_-71.500,2020-04,-3.07,632.0,30,True
50.000_-71.500,2020-05,3.96,438.1,31,True
50.000_-71.500,2020-06,13.23,168.8,30,True
50.000_-71.500,2020-07,17.79,31.4,31,True
50.000_-71.500,2020-08,14.7,110.5,31,True
50.000_-71.500,2020-09,8.69,279.3,30,True
50.000_-71.500,2020-10,0.53,541.7,31,True
50.000_-71.500,2020-11,-3.89,656.8,30,True
50.000_-71.500,2020-12,-10.17,873.3,31,True
50.000_-71.500,2021-01,-12.12,933.6,31,True
50.000_-71.500,2021-02,-13.93,894.0,28,True
50.000_-71.500,2021-03,-7.89,802.5,31,True
50.000_-71.500,2021-04,0.86,514.3,30,True
50.000_-71.500,2021-05,6.47,357.5,31,True
50.000_-71.500,2021-06,13.82,129.9,30,True
50.000_-71.500,2021-07,14.96,99.1,31,True
50.000_-71.500,2021-08,17.01,59.4,31,True
50.000_-71.500,2021-09,10.68,219.5,30,True
50.000_-71.500,2021-10,7.11,337.5,31,True
50.000_-71.500,2021-11,-3.49,644.8,30,True
50.000_-71.500,2021-12,-13.92,989.6,31,True
50.000_-71.500,2022-01,-23.25,1278.8,31,True
50.000_-71.500,2022-02,-18.7,1027.6,28,True
50.000_-71.500,2022-03,-10.17,873.3,31,True
50.000_-71.500,2022-04,-1.29,578.7,30,True
50.000_-71.500,2022-05,5.96,373.1,31,True
50.000_-71.500,2022-06,12.89,154.4,30,True
50.000_-71.500,2022-07,14.79,101.6,31,True
50.000_-71.500,2022-08,15.75,72.1,31,True
50.000_-71.500,2022-09,10.73,218.0,30,True
50.000_-71.500,2022-10,5.74,380.0,31,True
50.000_-71.500,2022-11,-3.39,641.6,30,True
50.000_-71.500,2022-12,-9.68,858.1,31,True
50.000_-73.000,2016-01,-14.06,994.0,31,True
50.000_-73.000,2016-02,-16.58,1002.8,29,True
50.000_-73.000,2016-03,-10.29,876.9,31,True
50.000_-73.000,2016-04,-6.06,721.7,30,True
50.000_-73.000,2016-05,6.93,343.2,31,True
50.000_-73.000,2016-06,12.95,158.1,30,True
50.000_-73.000,2016-07,15.28,89.9,31,True
50.000_-73.000,2016-08,16.0,72.2,31,True
50.000_-73.000,2016-09,12.08,179.1,30,True
50.000_-73.000,2016-10,4.9,406.2,31,True
50.000_-73.000,2016-11,-0.2,546.1,30,True
50.000_-73.000,2016-12,-12.81,955.2,31,True
50.000_-73.000,2017-01,-13.85,987.5,31,True
50.000_-73.000,2017-02,-14.28,903.7,28,True
50.000_-73.000,2017-03,-12.18,935.5,31,True
50.000_-73.000,2017-04,-0.48,554.3,30,True
50.000_-73.000,2017-05,6.61,353.1,31,True
50.000_-73.000,2017-06,12.6,162.9,30,True
50.000_-73.000,2017-07,14.9,99.4,31,True
50.000_-73.000,2017-08,13.28,146.2,31,True
50.000_-73.000,2017-09,11.78,188.2,30,True
50.000_-73.000,2017-10,6.9,344.2,31,True
50.000_-73.000,2017-11,-5.46,703.9,30,True
50.000_-73.000,2017-12,-16.49,1069.2,31,True
50.000_-73.000,2018-01,-19.44,1160.6,31,True
50.000_-73.000,2018-02,-14.86,920.2,28,True
50.000_-73.000,2018-03,-5.83,738.8,31,True
50.000_-73.000,2018-04,-4.3,669.0,30,True
50.000_-73.000,2018-05,4.25,427.7,31,True
50.000_-73.000,2018-06,11.9,185.5,30,True
50.000_-73.000,2018-07,18.24,42.6,31,True
50.000_-73.000,2018-08,16.82,53.3,31,True
50.000_-73.000,2018-09,10.71,221.1,30,True
50.000_-73.000,2018-10,-0.08,560.4,31,True
50.000_-73.000,2018-11,-6.79,743.6,30,True
50.000_-73.000,2018-12,-13.18,966.7,31,True
50.000_-73.000,2019-01,-19.41,1159.8,31,True
50.000_-73.000,2019-02,-17.33,989.2,28,True
50.000_-73.000,2019-03,-10.44,881.5,31,True
50.000_-73.000,2019-04,-2.28,608.3,30,True
50.000_-73.000,2019-05,3.86,438.4,31,True
50.000_-73.000,2019-06,11.35,201.1,30,True
50.000_-73.000,2019-07,16.88,53.5,31,True
50.000_-73.000,2019-08,14.9,97.3,31,True
50.000_-73.000,2019-09,9.94,241.7,30,True
50.000_-73.000,2019-10,4.22,427.2,31,True
50.000_-73.000,2019-11,-6.7,741.0,30,True
50.000_-73.000,2019-12,-12.46,944.2,31,True
50.000_-73.000,2020-01,-14.6,1010.7,31,True
50.000_-73.000,2020-02,-13.18,904.3,29,True
50.000_-73.000,2020-03,-8.52,822.2,31,True
50.000_-73.000,2020-04,-2.6,618.1,30,True
50.000_-73.000,2020-05,3.89,440.8,31,True
50.000_-73.000,2020-06,14.2,152.0,30,True
50.000_-73.000,2020-07,18.68,15.7,31,True
50.000_-73.000,2020-08,15.27,96.6,31,True
50.000_-73.000,2020-09,9.58,252.6,30,True
50.000_-73.000,2020-10,1.15,522.3,31,True
50.000_-73.000,2020-11,-2.56,616.8,30,True
50.000_-73.000,2020-12,-10.27,876.4,31,True
50.000_-73.000,2021-01,-11.93,927.8,31,True
50.000_-73.000,2021-02,-13.68,886.9,28,True
50.000_-73.000,2021-03,-7.46,789.4,31,True
50.000_-73.000,2021-04,1.66,490.1,30,True
50.000_-73.000,2021-05,7.5,325.6,31,True
50.000_-73.000,2021-06,14.39,113.6,30,True
50.000_-73.000,2021-07,15.46,85.5,31,True
50.000_-73.000,2021-08,17.69,52.8,31,True
50.000_-73.000,2021-09,11.49,195.4,30,True
50.000_-73.000,2021-10,7.91,312.9,31,True
50.000_-73.000,2021-11,-2.06,601.9,30,True
50.000_-73.000,2021-12,-13.79,985.6,31,True
50.000_-73.000,2022-01,-23.08,1273.4,31,True
50.000_-73.000,2022-02,-18.69,1027.2,28,True
50.000_-73.000,2022-03,-9.49,852.3,31,True
50.000_-73.000,2022-04,-0.76,562.8,30,True
50.000_-73.000,2022-05,6.89,344.4,31,True
50.000_-73.000,2022-06,13.9,125.4,30,True
50.000_-73.000,2022-07,15.45,85.5,31,True
50.000_-73.000,2022-08,16.21,64.3,31,True
50.000_-73.000,2022-09,11.51,197.7,30,True
50.000_-73.000,2022-10,6.48,357.2,31,True
50.000_-73.000,2022-11,-2.13,604.0,30,True
50.000_-73.000,2022-12,-9.04,838.2,31,True
50.000_-74.000,2016-01,-13.96,990.9,31,True
50.000_-74.000,2016-02,-16.76,1008.1,29,True
50.000_-74.000,2016-03,-10.23,875.1,31,True
50.000_-74.000,2016-04,-6.3,729.0,30,True
50.000_-74.000,2016-05,6.39,359.8,31,True
50.000_-74.000,2016-06,12.49,168.8,30,True
50.000_-74.000,2016-07,15.08,93.6,31,True
50.000_-74.000,2016-08,16.14,67.5,31,True
50.000_-74.000,2016-09,12.42,168.7,30,True
50.000_-74.000,2016-10,5.33,392.9,31,True
50.000_-74.000,2016-11,0.16,535.1,30,True
50.000_-74.000,2016-12,-12.31,939.7,31,True
50.000_-74.000,2017-01,-13.5,976.4,31,True
50.000_-74.000,2017-02,-14.02,896.5,28,True
50.000_-74.000,2017-03,-12.42,943.1,31,True
50.000_-74.000,2017-04,-0.65,559.5,30,True
50.000_-74.000,2017-05,6.45,357.9,31,True
50.000_-74.000,2017-06,12.63,161.9,30,True
50.000_-74.000,2017-07,15.18,90.1,31,True
50.000_-74.000,2017-08,13.42,141.9,31,True
50.000_-74.000,2017-09,11.92,184.0,30,True
50.000_-74.000,2017-10,7.31,331.4,31,True
50.000_-74.000,2017-11,-5.28,698.5,30,True
50.000_-74.000,2017-12,-16.45,1067.8,31,True
50.000_-74.000,2018-01,-19.31,1156.5,31,True
50.000_-74.000,2018-02,-14.95,922.7,28,True
50.000_-74.000,2018-03,-6.52,760.0,31,True
50.000_-74.000,2018-04,-4.73,681.8,30,True
50.000_-74.000,2018-05,4.3,426.8,31,True
50.000_-74.000,2018-06,11.83,187.5,30,True
50.000_-74.000,2018-07,18.47,36.9,31,True
50.000_-74.000,2018-08,17.06,50.3,31,True
50.000_-74.000,2018-09,11.0,213.0,30,True
50.000_-74.000,2018-10,0.17,552.6,31,True
50.000_-74.000,2018-11,-6.85,745.6,30,True
50.000_-74.000,2018-12,-12.69,951.3,31,True
50.000_-74.000,2019-01,-19.73,1169.5,31,True
50.000_-74.000,2019-02,-17.37,990.3,28,True
50.000_-74.000,2019-03,-10.54,884.7,31,True
50.000_-74.000,2019-04,-2.43,612.9,30,True
50.000_-74.000,2019-05,4.08,431.6,31,True
50.000_-74.000,2019-06,11.1,208.8,30,True
50.000_-74.000,2019-07,16.96,52.9,31,True
50.000_-74.000,2019-08,15.22,89.3,31,True
50.000_-74.000,2019-09,10.24,232.9,30,True
50.000_-74.000,2019-10,4.76,410.5,31,True
50.000_-74.000,2019-11,-6.33,730.0,30,True
50.000_-74.000,2019-12,-12.51,945.8,31,True
50.000_-74.000,2020-01,-14.32,1002.0,31,True
50.000_-74.000,2020-02,-13.11,902.2,29,True
50.000_-74.000,2020-03,-8.3,815.4,31,True
50.000_-74.000,2020-04,-2.81,624.4,30,True
50.000_-74.000,2020-05,3.57,449.8,31,True
50.000_-74.000,2020-06,14.13,151.1,30,True
50.000_-74.000,2020-07,18.93,14.4,31,True
50.000_-74.000,2020-08,15.57,92.5,31,True
50.000_-74.000,2020-09,9.88,243.6,30,True
50.000_-74.000,2020-10,1.18,521.5,31,True
50.000_-74.000,2020-11,-2.28,608.4,30,True
50.000_-74.000,2020-12,-10.08,870.6,31,True
50.000_-74.000,2021-01,-11.9,926.8,31,True
50.000_-74.000,2021-02,-14.05,897.5,28,True
50.000_-74.000,2021-03,-7.44,788.7,31,True
50.000_-74.000,2021-04,1.69,489.2,30,True
50.000_-74.000,2021-05,7.51,325.3,31,True
50.000_-74.000,2021-06,14.51,109.7,30,True
50.000_-74.000,2021-07,15.68,80.2,31,True
50.000_-74.000,2021-08,17.88,48.5,31,True
50.000_-74.000,2021-09,11.67,189.8,30,True
50.000_-74.000,2021-10,8.13,306.0,31,True
50.000_-74.000,2021-11,-1.87,596.1,30,True
50.000_-74.000,2021-12,-13.78,985.3,31,True
50.000_-74.000,2022-01,-23.09,1273.9,31,True
50.000_-74.000,2022-02,-18.56,1023.8,28,True
50.000_-74.000,2022-03,-9.43,850.3,31,True
50.000_-74.000,2022-04,-1.05,571.4,30,True
50.000_-74.000,2022-05,7.11,337.7,31,True
50.000_-74.000,2022-06,13.82,129.1,30,True
50.000_-74.000,2022-07,15.56,82.5,31,True
50.000_-74.000,2022-08,16.28,63.7,31,True
50.000_-74.000,2022-09,11.47,197.8,30,True
50.000_-74.000,2022-10,6.67,351.2,31,True
50.000_-74.000,2022-11,-1.97,599.0,30,True
50.000_-74.000,2022-12,-9.08,839.6,31,True
50.000_-75.000,2016-01,-13.55,977.9,31,True
50.000_-75.000,2016-02,-16.48,999.9,29,True
50.000_-75.000,2016-03,-9.51,852.7,31,True
50.000_-75.000,2016-04,-5.76,712.8,30,True
50.000_-75.000,2016-05,7.31,331.4,31,True
50.000_-75.000,2016-06,13.17,154.0,30,True
50.000_-75.000,2016-07,15.8,75.4,31,True
50.000_-75.000,2016-08,16.92,52.1,31,True
50.000_-75.000,2016-09,13.0,152.3,30,True
50.000_-75.000,2016-10,5.74,380.1,31,True
50.000_-75.000,2016-11,0.33,530.0,30,True
50.000_-75.000,2016-12,-12.09,932.7,31,True
50.000_-75.000,2017-01,-12.62,949.3,31,True
50.000_-75.000,2017-02,-13.1,870.9,28,True
50.000_-75.000,2017-03,-11.81,924.2,31,True
50.000_-75.000,2017-04,-0.27,548.0,30,True
50.000_-75.000,2017-05,5.75,379.6,31,True
50.000_-75.000,2017-06,12.98,151.4,30,True
50.000_-75.000,2017-07,15.87,73.0,31,True
50.000_-75.000,2017-08,13.82,129.6,31,True
50.000_-75.000,2017-09,12.47,168.4,30,True
50.000_-75.000,2017-10,7.97,310.9,31,True
50.000_-75.000,2017-11,-4.43,673.0,30,True
50.000_-75.000,2017-12,-15.52,1039.2,31,True
50.000_-75.000,2018-01,-18.57,1133.7,31,True
50.000_-75.000,2018-02,-14.39,906.8,28,True
50.000_-75.000,2018-03,-6.73,766.6,31,True
50.000_-75.000,2018-04,-4.39,671.7,30,True
50.000_-75.000,2018-05,4.34,425.7,31,True
50.000_-75.000,2018-06,12.52,170.8,30,True
50.000_-75.000,2018-07,19.0,29.1,31,True
50.000_-75.000,2018-08,17.35,46.3,31,True
50.000_-75.000,2018-09,11.53,199.1,30,True
50.000_-75.000,2018-10,0.97,527.9,31,True
50.000_-75.000,2018-11,-6.04,721.3,30,True
50.000_-75.000,2018-12,-11.81,924.1,31,True
50.000_-75.000,2019-01,-19.4,1159.5,31,True
50.000_-75.000,2019-02,-16.6,968.7,28,True
50.000_-75.000,2019-03,-9.9,864.8,31,True
50.000_-75.000,2019-04,-1.98,599.4,30,True
50.000_-75.000,2019-05,4.04,432.9,31,True
50.000_-75.000,2019-06,11.27,203.1,30,True
50.000_-75.000,2019-07,17.31,48.0,31,True
50.000_-75.000,2019-08,15.81,75.5,31,True
50.000_-75.000,2019-09,10.86,214.3,30,True
50.000_-75.000,2019-10,5.6,384.3,31,True
50.000_-75.000,2019-11,-5.26,697.7,30,True
50.000_-75.000,2019-12,-11.75,922.1,31,True
50.000_-75.000,2020-01,-13.4,973.4,31,True
50.000_-75.000,2020-02,-12.5,884.4,29,True
50.000_-75.000,2020-03,-7.59,793.4,31,True
50.000_-75.000,2020-04,-2.47,614.2,30,True
50.000_-75.000,2020-05,3.4,455.3,31,True
50.000_-75.000,2020-06,14.49,142.4,30,True
50.000_-75.000,2020-07,19.57,8.0,31,True
50.000_-75.000,2020-08,16.09,83.8,31,True
50.000_-75.000,2020-09,10.37,229.0,30,True
50.000_-75.000,2020-10,1.87,499.9,31,True
50.000_-75.000,2020-11,-1.26,577.7,30,True
50.000_-75.000,2020-12,-9.88,864.4,31,True
50.000_-75.000,2021-01,-11.13,903.0,31,True
50.000_-75.000,2021-02,-13.65,886.2,28,True
50.000_-75.000,2021-03,-7.16,780.0,31,True
50.000_-75.000,2021-04,1.49,495.2,30,True
50.000_-75.000,2021-05,7.85,314.7,31,True
50.000_-75.000,2021-06,14.9,100.1,30,True
50.000_-75.000,2021-07,16.21,69.2,31,True
50.000_-75.000,2021-08,18.36,42.0,31,True
50.000_-75.000,2021-09,12.19,174.4,30,True
50.000_-75.000,2021-10,8.57,292.4,31,True
50.000_-75.000,2021-11,-1.14,574.2,30,True
50.000_-75.000,2021-12,-12.54,946.6,31,True
50.000_-75.000,2022-01,-22.11,1243.3,31,True
50.000_-75.000,2022-02,-17.88,1004.7,28,True
50.000_-75.000,2022-03,-8.79,830.5,31,True
50.000_-75.000,2022-04,-0.7,561.0,30,True
50.000_-75.000,2022-05,6.82,346.5,31,True
50.000_-75.000,2022-06,13.82,130.9,30,True
50.000_-75.000,2022-07,16.02,71.4,31,True
50.000_-75.000,2022-08,16.63,57.6,31,True
50.000_-75.000,2022-09,12.1,180.4,30,True
50.000_-75.000,2022-10,6.96,342.2,31,True
50.000_-75.000,2022-11,-0.97,569.2,30,True
50.000_-75.000,2022-12,-8.44,819.5,31,True
50.000_-76.000,2016-01,-13.65,981.2,31,True
50.000_-76.000,2016-02,-16.49,1000.3,29,True
50.000_-76.000,2016-03,-9.09,839.7,31,True
50.000_-76.000,2016-04,-5.5,705.1,30,True
50.000_-76.000,2016-05,8.05,308.3,31,True
50.000_-76.000,2016-06,13.45,149.0,30,True
50.000_-76.000,2016-07,16.3,64.4,31,True
50.000_-76.000,2016-08,17.29,46.6,31,True
50.000_-76.000,2016-09,13.3,144.4,30,True
50.000_-76.000,2016-10,5.59,384.6,31,True
50.000_-76.000,2016-11,-0.03,541.0,30,True
50.000_-76.000,2016-12,-12.61,949.0,31,True
50.000_-76.000,2017-01,-12.61,949.0,31,True
50.000_-76.000,2017-02,-13.02,868.5,28,True
50.000_-76.000,2017-03,-11.63,918.6,31,True
50.000_-76.000,2017-04,0.1,536.9,30,True
50.000_-76.000,2017-05,7.1,338.0,31,True
50.000_-76.000,2017-06,13.4,140.6,30,True
50.000_-76.000,2017-07,15.97,72.4,31,True
50.000_-76.000,2017-08,13.53,138.5,31,True
50.000_-76.000,2017-09,12.32,173.7,30,True
50.000_-76.000,2017-10,7.74,318.1,31,True
50.000_-76.000,2017-11,-6.06,721.8,30,True
50.000_-76.000,2017-12,-16.12,1057.6,31,True
50.000_-76.000,2018-01,-19.0,1146.9,31,True
50.000_-76.000,2018-02,-14.78,917.8,28,True
50.000_-76.000,2018-03,-7.41,787.8,31,True
50.000_-76.000,2018-04,-4.37,671.1,30,True
50.000_-76.000,2018-05,5.49,391.4,31,True
50.000_-76.000,2018-06,13.21,154.9,30,True
50.000_-76.000,2018-07,19.47,24.5,31,True
50.000_-76.000,2018-08,16.94,56.6,31,True
50.000_-76.000,2018-09,11.13,212.3,30,True
50.000_-76.000,2018-10,-0.13,562.1,31,True
50.000_-76.000,2018-11,-7.13,754.0,30,True
50.000_-76.000,2018-12,-11.75,922.2,31,True
50.000_-76.000,2019-01,-19.8,1171.8,31,True
50.000_-76.000,2019-02,-16.76,973.2,28,True
50.000_-76.000,2019-03,-9.82,862.3,31,True
50.000_-76.000,2019-04,-1.74,592.2,30,True
50.000_-76.000,2019-05,4.86,407.4,31,True
50.000_-76.000,2019-06,11.91,185.6,30,True
50.000_-76.000,2019-07,17.72,44.9,31,True
50.000_-76.000,2019-08,15.66,79.2,31,True
50.000_-76.000,2019-09,10.59,223.6,30,True
50.000_-76.000,2019-10,5.38,391.3,31,True
50.000_-76.000,2019-11,-7.03,750.9,30,True
50.000_-76.000,2019-12,-12.37,941.4,31,True
50.000_-76.000,2020-01,-13.68,982.2,31,True
50.000_-76.000,2020-02,-12.44,882.8,29,True
50.000_-76.000,2020-03,-7.66,795.6,31,True
50.000_-76.000,2020-04,-2.34,610.2,30,True
50.000_-76.000,2020-05,4.51,423.3,31,True
50.000_-76.000,2020-06,15.08,132.9,30,True
50.000_-76.000,2020-07,19.99,9.0,31,True
50.000_-76.000,2020-08,15.82,92.9,31,True
50.000_-76.000,2020-09,10.27,231.8,30,True
50.000_-76.000,2020-10,0.55,540.8,31,True
50.000_-76.000,2020-11,-2.04,601.3,30,True
50.000_-76.000,2020-12,-10.52,884.1,31,True
50.000_-76.000,2021-01,-11.59,917.2,31,True
50.000_-76.000,2021-02,-14.21,902.0,28,True
50.000_-76.000,2021-03,-6.84,770.1,31,True
50.000_-76.000,2021-04,3.01,449.7,30,True
50.000_-76.000,2021-05,8.32,301.2,31,True
50.000_-76.000,2021-06,15.22,94.0,30,True
50.000_-76.000,2021-07,16.05,75.8,31,True
50.000_-76.000,2021-08,18.16,47.3,31,True
50.000_-76.000,2021-09,11.88,183.6,30,True
50.000_-76.000,2021-10,8.09,307.1,31,True
50.000_-76.000,2021-11,-2.29,608.6,30,True
50.000_-76.000,2021-12,-13.37,972.4,31,True
50.000_-76.000,2022-01,-22.59,1258.2,31,True
50.000_-76.000,2022-02,-18.36,1018.2,28,True
50.000_-76.000,2022-03,-8.63,825.4,31,True
50.000_-76.000,2022-04,-0.56,556.9,30,True
50.000_-76.000,2022-05,8.58,292.1,31,True
50.000_-76.000,2022-06,14.47,115.1,30,True
50.000_-76.000,2022-07,15.99,73.2,31,True
50.000_-76.000,2022-08,16.35,65.4,31,True
50.000_-76.000,2022-09,11.71,192.4,30,True
50.000_-76.000,2022-10,6.86,345.2,31,True
50.000_-76.000,2022-11,-2.38,611.5,30,True
50.000_-76.000,2022-12,-9.03,838.0,31,True
50.500_-60.000,2016-01,-10.74,890.8,31,True
50.500_-60.000,2016-02,-9.44,795.8,29,True
50.500_-60.000,2016-03,-8.33,816.2,31,True
50.500_-60.000,2016-04,-1.11,573.2,30,True
50.500_-60.000,2016-05,5.69,381.6,31,True
50.500_-60.000,2016-06,10.35,229.6,30,True
50.500_-60.000,2016-07,14.93,96.6,31,True
50.500_-60.000,2016-08,16.14,59.4,31,True
50.500_-60.000,2016-09,10.74,217.7,30,True
50.500_-60.000,2016-10,6.52,355.8,31,True
50.500_-60.000,2016-11,1.18,504.5,30,True
50.500_-60.000,2016-12,-10.18,873.5,31,True
50.500_-60.000,2017-01,-10.3,877.2,31,True
50.500_-60.000,2017-02,-10.7,803.6,28,True
50.500_-60.000,2017-03,-7.05,776.5,31,True
50.500_-60.000,2017-04,-0.75,562.5,30,True
50.500_-60.000,2017-05,4.54,417.4,31,True
50.500_-60.000,2017-06,11.0,209.9,30,True
50.500_-60.000,2017-07,15.95,67.1,31,True
50.500_-60.000,2017-08,15.67,73.4,31,True
50.500_-60.000,2017-09,11.38,198.7,30,True
50.500_-60.000,2017-10,7.06,339.2,31,True
50.500_-60.000,2017-11,-0.83,565.0,30,True
50.500_-60.000,2017-12,-6.89,771.5,31,True
50.500_-60.000,2018-01,-11.46,913.3,31,True
50.500_-60.000,2018-02,-10.98,811.3,28,True
50.500_-60.000,2018-03,-1.74,611.9,31,True
50.500_-60.000,2018-04,-1.18,575.5,30,True
50.500_-60.000,2018-05,2.98,465.7,31,True
50.500_-60.000,2018-06,9.06,268.2,30,True
50.500_-60.000,2018-07,17.89,28.2,31,True
50.500_-60.000,2018-08,17.25,40.1,31,True
50.500_-60.000,2018-09,10.93,212.2,30,True
50.500_-60.000,2018-10,2.93,467.2,31,True
50.500_-60.000,2018-11,-3.71,651.4,30,True
50.500_-60.000,2018-12,-9.4,849.3,31,True
50.500_-60.000,2019-01,-11.36,910.2,31,True
50.500_-60.000,2019-02,-13.54,883.0,28,True
50.500_-60.000,2019-03,-7.05,776.5,31,True
50.500_-60.000,2019-04,-0.56,556.7,30,True
50.500_-60.000,2019-05,4.11,430.6,31,True
50.500_-60.000,2019-06,10.27,232.0,30,True
50.500_-60.000,2019-07,15.41,89.4,31,True
50.500_-60.000,2019-08,16.53,49.4,31,True
50.500_-60.000,2019-09,10.72,218.5,30,True
50.500_-60.000,2019-10,5.78,378.7,31,True
50.500_-60.000,2019-11,-1.06,571.8,30,True
50.500_-60.000,2019-12,-8.65,826.0,31,True
50.500_-60.000,2020-01,-12.73,952.5,31,True
50.500_-60.000,2020-02,-10.32,821.2,29,True
50.500_-60.000,2020-03,-6.53,760.3,31,True
50.500_-60.000,2020-04,-0.18,545.3,30,True
50.500_-60.000,2020-05,5.67,382.1,31,True
50.500_-60.000,2020-06,12.2,176.0,30,True
50.500_-60.000,2020-07,15.99,72.9,31,True
50.500_-60.000,2020-08,16.48,69.8,31,True
50.500_-60.000,2020-09,11.49,195.3,30,True
50.500_-60.000,2020-10,4.79,409.4,31,True
50.500_-60.000,2020-11,-0.6,558.1,30,True
50.500_-60.000,2020-12,-2.1,623.1,31,True
50.500_-60.000,2021-01,-6.66,764.5,31,True
50.500_-60.000,2021-02,-8.15,732.2,28,True
50.500_-60.000,2021-03,-4.57,699.8,31,True
50.500_-60.000,2021-04,3.66,430.3,30,True
50.500_-60.000,2021-05,6.49,356.9,31,True
50.500_-60.000,2021-06,12.83,156.2,30,True
50.500_-60.000,2021-07,15.17,92.1,31,True
50.500_-60.000,2021-08,17.82,33.7,31,True
50.500_-60.000,2021-09,12.36,169.2,30,True
50.500_-60.000,2021-10,6.59,353.8,31,True
50.500_-60.000,2021-11,2.29,471.2,30,True
50.500_-60.000,2021-12,-5.77,736.9,31,True
50.500_-60.000,2022-01,-13.17,966.3,31,True
50.500_-60.000,2022-02,-12.54,855.2,28,True
50.500_-60.000,2022-03,-6.03,744.9,31,True
50.500_-60.000,2022-04,1.48,495.6,30,True
50.500_-60.000,2022-05,5.46,388.8,31,True
50.500_-60.000,2022-06,12.88,156.2,30,True
50.500_-60.000,2022-07,16.54,59.5,31,True
50.500_-60.000,2022-08,18.04,19.4,31,True
50.500_-60.000,2022-09,12.86,155.1,30,True
50.500_-60.000,2022-10,7.88,313.6,31,True
50.500_-60.000,2022-11,-2.09,602.8,30,True
50.500_-60.000,2022-12,-4.07,684.2,31,True
50.500_-62.000,2016-01,-11.9,926.9,31,True
50.500_-62.000,2016-02,-10.66,831.1,29,True
50.500_-62.000,2016-03,-9.32,847.0,31,True
50.500_-62.000,2016-04,-1.01,570.3,30,True
50.500_-62.000,2016-05,6.86,345.3,31,True
50.500_-62.000,2016-06,11.85,187.9,30,True
50.500_-62.000,2016-07,16.1,66.6,31,True
50.500_-62.000,2016-08,16.71,43.3,31,True
50.500_-62.000,2016-09,11.32,200.8,30,True
50.500_-62.000,2016-10,6.73,349.5,31,True
50.500_-62.000,2016-11,0.79,516.2,30,True
50.500_-62.000,2016-12,-10.96,897.7,31,True
50.500_-62.000,2017-01,-11.38,910.9,31,True
50.500_-62.000,2017-02,-11.52,826.7,28,True
50.500_-62.000,2017-03,-7.88,802.2,31,True
50.500_-62.000,2017-04,-0.59,557.7,30,True
50.500_-62.000,2017-05,6.48,357.2,31,True
50.500_-62.000,2017-06,12.36,169.2,30,True
50.500_-62.000,2017-07,16.32,59.3,31,True
50.500_-62.000,2017-08,15.67,74.3,31,True
50.500_-62.000,2017-09,11.51,194.6,30,True
50.500_-62.000,2017-10,7.02,340.3,31,True
50.500_-62.000,2017-11,-1.96,598.8,30,True
50.500_-62.000,2017-12,-9.04,838.2,31,True
50.500_-62.000,2018-01,-12.65,950.2,31,True
50.500_-62.000,2018-02,-12.02,840.6,28,True
50.500_-62.000,2018-03,-2.0,620.1,31,True
50.500_-62.000,2018-04,-1.52,585.7,30,True
50.500_-62.000,2018-05,3.93,436.3,31,True
50.500_-62.000,2018-06,10.0,240.0,30,True
50.500_-62.000,2018-07,18.37,21.2,31,True
50.500_-62.000,2018-08,17.63,32.3,31,True
50.500_-62.000,2018-09,10.59,222.3,30,True
50.500_-62.000,2018-10,2.45,482.0,31,True
50.500_-62.000,2018-11,-4.52,675.7,30,True
50.500_-62.000,2018-12,-10.09,870.8,31,True
50.500_-62.000,2019-01,-12.39,942.1,31,True
50.500_-62.000,2019-02,-14.05,897.3,28,True
50.500_-62.000,2019-03,-7.69,796.5,31,True
50.500_-62.000,2019-04,-0.59,557.8,30,True
50.500_-62.000,2019-05,4.68,413.0,31,True
50.500_-62.000,2019-06,10.97,211.0,30,True
50.500_-62.000,2019-07,16.71,59.4,31,True
50.500_-62.000,2019-08,16.82,41.1,31,True
50.500_-62.000,2019-09,10.4,228.1,30,True
50.500_-62.000,2019-10,5.47,388.4,31,True
50.500_-62.000,2019-11,-2.15,604.5,30,True
50.500_-62.000,2019-12,-9.48,851.9,31,True
50.500_-62.000,2020-01,-13.62,980.2,31,True
50.500_-62.000,2020-02,-10.95,839.6,29,True
50.500_-62.000,2020-03,-7.13,779.0,31,True
50.500_-62.000,2020-04,-0.52,555.7,30,True
50.500_-62.000,2020-05,6.98,342.4,31,True
50.500_-62.000,2020-06,13.62,142.0,30,True
50.500_-62.000,2020-07,16.89,50.2,31,True
50.500_-62.000,2020-08,16.57,68.7,31,True
50.500_-62.000,2020-09,11.01,209.8,30,True
50.500_-62.000,2020-10,4.44,420.4,31,True
50.500_-62.000,2020-11,-1.8,594.1,30,True
50.500_-62.000,2020-12,-3.63,670.5,31,True
50.500_-62.000,2021-01,-8.44,819.7,31,True
50.500_-62.000,2021-02,-9.12,759.5,28,True
50.500_-62.000,2021-03,-4.92,710.4,31,True
50.500_-62.000,2021-04,4.02,419.4,30,True
50.500_-62.000,2021-05,6.86,345.3,31,True
50.500_-62.000,2021-06,13.63,133.8,30,True
50.500_-62.000,2021-07,15.8,74.0,31,True
50.500_-62.000,2021-08,18.12,28.4,31,True
50.500_-62.000,2021-09,12.15,175.5,30,True
50.500_-62.000,2021-10,7.04,339.8,31,True
50.500_-62.000,2021-11,1.3,501.1,30,True
50.500_-62.000,2021-12,-6.71,766.0,31,True
50.500_-62.000,2022-01,-15.07,1025.2,31,True
50.500_-62.000,2022-02,-13.4,879.1,28,True
50.500_-62.000,2022-03,-6.69,765.3,31,True
50.500_-62.000,2022-04,1.38,498.6,30,True
50.500_-62.000,2022-05,6.45,358.1,31,True
50.500_-62.000,2022-06,13.28,144.3,30,True
50.500_-62.000,2022-07,16.89,46.0,31,True
50.500_-62.000,2022-08,18.27,17.0,31,True
50.500_-62.000,2022-09,12.54,164.6,30,True
50.500_-62.000,2022-10,7.84,315.0,31,True
50.500_-62.000,2022-11,-2.66,619.8,30,True
50.500_-62.000,2022-12,-5.49,728.1,31,True
50.500_-62.500,2016-01,-12.15,934.6,31,True
50.500_-62.500,2016-02,-11.13,844.9,29,True
50.500_-62.500,2016-03,-9.75,860.1,31,True
50.500_-62.500,2016-04,-1.55,586.6,30,True
50.500_-62.500,2016-05,6.48,357.0,31,True
50.500_-62.500,2016-06,11.41,198.9,30,True
50.500_-62.500,2016-07,15.72,75.5,31,True
50.500_-62.500,2016-08,16.34,53.7,31,True
50.500_-62.500,2016-09,11.07,207.9,30,True
50.500_-62.500,2016-10,6.43,358.6,31,True
50.500_-62.500,2016-11,0.55,523.4,30,True
50.500_-62.500,2016-12,-11.01,899.3,31,True
50.500_-62.500,2017-01,-11.71,921.0,31,True
50.500_-62.500,2017-02,-11.83,835.3,28,True
50.500_-62.500,2017-03,-8.06,807.9,31,True
50.500_-62.500,2017-04,-0.7,561.0,30,True
50.500_-62.500,2017-05,6.5,356.6,31,True
50.500_-62.500,2017-06,12.45,166.6,30,True
50.500_-62.500,2017-07,16.25,61.4,31,True
50.500_-62.500,2017-08,15.42,82.1,31,True
50.500_-62.500,2017-09,11.36,199.1,30,True
50.500_-62.500,2017-10,6.83,346.2,31,True
50.500_-62.500,2017-11,-2.28,608.5,30,True
50.500_-62.500,2017-12,-9.5,852.6,31,True
50.500_-62.500,2018-01,-13.07,963.1,31,True
50.500_-62.500,2018-02,-12.41,851.6,28,True
50.500_-62.500,2018-03,-2.23,627.1,31,True
50.500_-62.500,2018-04,-1.67,590.2,30,True
50.500_-62.500,2018-05,3.41,452.2,31,True
50.500_-62.500,2018-06,9.86,244.3,30,True
50.500_-62.500,2018-07,18.27,23.6,31,True
50.500_-62.500,2018-08,17.56,34.1,31,True
50.500_-62.500,2018-09,10.35,229.4,30,True
50.500_-62.500,2018-10,2.15,491.4,31,True
50.500_-62.500,2018-11,-4.79,683.6,30,True
50.500_-62.500,2018-12,-10.27,876.5,31,True
50.500_-62.500,2019-01,-12.89,957.5,31,True
50.500_-62.500,2019-02,-14.28,903.9,28,True
50.500_-62.500,2019-03,-7.98,805.3,31,True
50.500_-62.500,2019-04,-0.73,561.9,30,True
50.500_-62.500,2019-05,4.64,414.3,31,True
50.500_-62.500,2019-06,10.98,210.5,30,True
50.500_-62.500,2019-07,16.79,57.0,31,True
50.500_-62.500,2019-08,16.69,44.6,31,True
50.500_-62.500,2019-09,10.15,235.5,30,True
50.500_-62.500,2019-10,5.29,394.0,31,True
50.500_-62.500,2019-11,-2.5,614.9,30,True
50.500_-62.500,2019-12,-9.67,857.7,31,True
50.500_-62.500,2020-01,-13.76,984.7,31,True
50.500_-62.500,2020-02,-11.23,847.7,29,True
50.500_-62.500,2020-03,-7.25,782.9,31,True
50.500_-62.500,2020-04,-0.64,559.1,30,True
50.500_-62.500,2020-05,6.87,345.2,31,True
50.500_-62.500,2020-06,13.56,145.2,30,True
50.500_-62.500,2020-07,16.9,50.9,31,True
50.500_-62.500,2020-08,16.37,74.4,31,True
50.500_-62.500,2020-09,10.72,218.3,30,True
50.500_-62.500,2020-10,4.18,428.4,31,True
50.500_-62.500,2020-11,-2.21,606.4,30,True
50.500_-62.500,2020-12,-4.01,682.3,31,True
50.500_-62.500,2021-01,-8.61,824.8,31,True
50.500_-62.500,2021-02,-9.35,765.9,28,True
50.500_-62.500,2021-03,-5.14,717.3,31,True
50.500_-62.500,2021-04,3.69,429.2,30,True
50.500_-62.500,2021-05,6.69,350.6,31,True
50.500_-62.500,2021-06,13.59,135.1,30,True
50.500_-62.500,2021-07,15.77,74.5,31,True
50.500_-62.500,2021-08,17.99,30.4,31,True
50.500_-62.500,2021-09,11.94,181.8,30,True
50.500_-62.500,2021-10,7.0,341.1,31,True
50.500_-62.500,2021-11,0.82,515.4,30,True
50.500_-62.500,2021-12,-7.04,776.2,31,True
50.500_-62.500,2022-01,-15.67,1043.7,31,True
50.500_-62.500,2022-02,-13.74,888.8,28,True
50.500_-62.500,2022-03,-7.0,774.9,31,True
50.500_-62.500,2022-04,1.19,504.4,30,True
50.500_-62.500,2022-05,6.07,369.9,31,True
50.500_-62.500,2022-06,13.18,147.1,30,True
50.500_-62.500,2022-07,16.75,49.1,31,True
50.500_-62.500,2022-08,18.1,20.0,31,True
50.500_-62.500,2022-09,12.3,171.4,30,True
50.500_-62.500,2022-10,7.67,320.2,31,True
50.500_-62.500,2022-11,-2.9,627.0,30,True
50.500_-62.500,2022-12,-5.83,738.8,31,True
50.500_-63.500,2016-01,-12.48,944.9,31,True
50.500_-63.500,2016-02,-11.73,862.1,29,True
50.500_-63.500,2016-03,-10.11,871.3,31,True
50.500_-63.500,2016-04,-1.65,589.6,30,True
50.500_-63.500,2016-05,7.06,339.0,31,True
50.500_-63.500,2016-06,12.02,183.2,30,True
50.500_-63.500,2016-07,16.08,67.0,31,True
50.500_-63.500,2016-08,16.46,50.2,31,True
50.500_-63.500,2016-09,11.17,204.8,30,True
50.500_-63.500,2016-10,6.36,360.8,31,True
50.500_-63.500,2016-11,0.6,522.1,30,True
50.500_-63.500,2016-12,-11.19,904.9,31,True
50.500_-63.500,2017-01,-11.94,928.1,31,True
50.500_-63.500,2017-02,-11.84,835.4,28,True
50.500_-63.500,2017-03,-8.39,818.0,31,True
50.500_-63.500,2017-04,-0.76,562.7,30,True
50.500_-63.500,2017-05,6.54,355.4,31,True
50.500_-63.500,2017-06,12.58,162.7,30,True
50.500_-63.500,2017-07,16.03,66.3,31,True
50.500_-63.500,2017-08,15.18,89.5,31,True
50.500_-63.500,2017-09,11.33,200.2,30,True
50.500_-63.500,2017-10,6.68,350.9,31,True
50.500_-63.500,2017-11,-2.67,620.0,30,True
50.500_-63.500,2017-12,-10.02,868.7,31,True
50.500_-63.500,2018-01,-13.47,975.6,31,True
50.500_-63.500,2018-02,-12.79,862.2,28,True
50.500_-63.500,2018-03,-2.37,631.5,31,True
50.500_-63.500,2018-04,-1.84,595.2,30,True
50.500_-63.500,2018-05,2.89,468.3,31,True
50.500_-63.500,2018-06,9.8,246.0,30,True
50.500_-63.500,2018-07,18.27,25.3,31,True
50.500_-63.500,2018-08,17.36,35.2,31,True
50.500_-63.500,2018-09,10.25,232.6,30,True
50.500_-63.500,2018-10,1.65,506.8,31,True
50.500_-63.500,2018-11,-4.86,685.8,30,True
50.500_-63.500,2018-12,-10.46,882.4,31,True
50.500_-63.500,2019-01,-13.4,973.4,31,True
50.500_-63.500,2019-02,-14.44,908.2,28,True
50.500_-63.500,2019-03,-8.2,812.2,31,True
50.500_-63.500,2019-04,-0.79,563.7,30,True
50.500_-63.500,2019-05,4.85,407.5,31,True
50.500_-63.500,2019-06,11.17,204.8,30,True
50.500_-63.500,2019-07,16.96,49.6,31,True
50.500_-63.500,2019-08,16.57,47.7,31,True
50.500_-63.500,2019-09,10.24,232.8,30,True
50.500_-63.500,2019-10,5.17,397.8,31,True
50.500_-63.500,2019-11,-2.89,626.7,30,True
50.500_-63.500,2019-12,-9.59,855.2,31,True
50.500_-63.500,2020-01,-13.65,981.1,31,True
50.500_-63.500,2020-02,-11.33,850.5,29,True
50.500_-63.500,2020-03,-7.26,783.0,31,True
50.500_-63.500,2020-04,-0.51,555.4,30,True
50.500_-63.500,2020-05,6.64,352.1,31,True
50.500_-63.500,2020-06,13.49,149.7,30,True
50.500_-63.500,2020-07,17.02,47.5,31,True
50.500_-63.500,2020-08,16.3,76.2,31,True
50.500_-63.500,2020-09,10.54,223.9,30,True
50.500_-63.500,2020-10,3.93,436.1,31,True
50.500_-63.500,2020-11,-2.77,623.0,30,True
50.500_-63.500,2020-12,-4.7,703.6,31,True
50.500_-63.500,2021-01,-8.55,822.9,31,True
50.500_-63.500,2021-02,-9.46,769.0,28,True
50.500_-63.500,2021-03,-5.23,720.0,31,True
50.500_-63.500,2021-04,3.34,439.8,30,True
50.500_-63.500,2021-05,6.64,352.3,31,True
50.500_-63.500,2021-06,13.72,131.5,30,True
50.500_-63.500,2021-07,15.8,73.0,31,True
50.500_-63.500,2021-08,17.85,32.7,31,True
50.500_-63.500,2021-09,11.78,186.7,30,True
50.500_-63.500,2021-10,7.25,333.1,31,True
50.500_-63.500,2021-11,0.49,525.3,30,True
50.500_-63.500,2021-12,-7.56,792.4,31,True
50.500_-63.500,2022-01,-15.92,1051.5,31,True
50.500_-63.500,2022-02,-13.96,894.9,28,True
50.500_-63.500,2022-03,-7.07,777.2,31,True
50.500_-63.500,2022-04,1.06,508.1,30,True
50.500_-63.500,2022-05,5.78,378.9,31,True
50.500_-63.500,2022-06,13.26,144.6,30,True
50.500_-63.500,2022-07,16.56,54.1,31,True
50.500_-63.500,2022-08,17.9,21.7,31,True
50.500_-63.500,2022-09,12.05,178.6,30,True
50.500_-63.500,2022-10,7.48,326.1,31,True
50.500_-63.500,2022-11,-2.97,629.2,30,True
50.500_-63.500,2022-12,-6.05,745.7,31,True
50.500_-64.000,2016-01,-12.95,959.3,31,True
50.500_-64.000,2016-02,-12.41,881.9,29,True
50.500_-64.000,2016-03,-10.63,887.5,31,True
50.500_-64.000,2016-04,-2.33,609.9,30,True
50.500_-64.000,2016-05,6.53,355.5,31,True
50.500_-64.000,2016-06,11.57,195.4,30,True
50.500_-64.000,2016-07,15.51,81.3,31,True
50.500_-64.000,2016-08,15.84,68.4,31,True
50.500_-64.000,2016-09,10.59,222.2,30,True
50.500_-64.000,2016-10,5.75,379.6,31,True
50.500_-64.000,2016-11,-0.04,541.1,30,True
50.500_-64.000,2016-12,-11.82,924.4,31,True
50.500_-64.000,2017-01,-12.1,933.0,31,True
50.500_-64.000,2017-02,-11.88,836.7,28,True
50.500_-64.000,2017-03,-8.33,816.3,31,True
50.500_-64.000,2017-04,-0.74,562.2,30,True
50.500_-64.000,2017-05,6.81,346.9,31,True
50.500_-64.000,2017-06,12.99,151.0,30,True
50.500_-64.000,2017-07,16.06,65.1,31,True
50.500_-64.000,2017-08,15.18,88.7,31,True
50.500_-64.000,2017-09,11.36,199.1,30,True
50.500_-64.000,2017-10,6.67,351.2,31,True
50.500_-64.000,2017-11,-2.79,623.7,30,True
50.500_-64.000,2017-12,-10.32,877.9,31,True
50.500_-64.000,2018-01,-13.61,980.0,31,True
50.500_-64.000,2018-02,-12.65,858.3,28,True
50.500_-64.000,2018-03,-2.41,632.6,31,True
50.500_-64.000,2018-04,-1.84,595.1,30,True
50.500_-64.000,2018-05,3.03,464.1,31,True
50.500_-64.000,2018-06,10.17,235.0,30,True
50.500_-64.000,2018-07,18.24,24.5,31,True
50.500_-64.000,2018-08,17.46,32.8,31,True
50.500_-64.000,2018-09,10.31,230.6,30,True
50.500_-64.000,2018-10,1.53,510.5,31,True
50.500_-64.000,2018-11,-4.96,688.7,30,True
50.500_-64.000,2018-12,-10.79,892.5,31,True
50.500_-64.000,2019-01,-13.67,981.9,31,True
50.500_-64.000,2019-02,-14.64,913.8,28,True
50.500_-64.000,2019-03,-8.25,813.6,31,True
50.500_-64.000,2019-04,-0.82,564.5,30,True
50.500_-64.000,2019-05,5.06,401.0,31,True
50.500_-64.000,2019-06,11.38,198.7,30,True
50.500_-64.000,2019-07,17.23,41.8,31,True
50.500_-64.000,2019-08,16.6,46.6,31,True
50.500_-64.000,2019-09,10.27,232.0,30,True
50.500_-64.000,2019-10,5.2,396.8,31,True
50.500_-64.000,2019-11,-3.16,634.9,30,True
50.500_-64.000,2019-12,-9.76,860.6,31,True
50.500_-64.000,2020-01,-13.79,985.5,31,True
50.500_-64.000,2020-02,-11.31,849.9,29,True
50.500_-64.000,2020-03,-7.25,782.9,31,True
50.500_-64.000,2020-04,-0.56,556.8,30,True
50.500_-64.000,2020-05,6.73,349.4,31,True
50.500_-64.000,2020-06,13.8,140.8,30,True
50.500_-64.000,2020-07,17.24,42.8,31,True
50.500_-64.000,2020-08,16.39,73.7,31,True
50.500_-64.000,2020-09,10.46,226.2,30,True
50.500_-64.000,2020-10,3.83,439.4,31,True
50.500_-64.000,2020-11,-2.89,626.8,30,True
50.500_-64.000,2020-12,-5.05,714.4,31,True
50.500_-64.000,2021-01,-8.75,829.4,31,True
50.500_-64.000,2021-02,-9.7,775.5,28,True
50.500_-64.000,2021-03,-5.34,723.6,31,True
50.500_-64.000,2021-04,3.43,437.1,30,True
50.500_-64.000,2021-05,6.82,346.7,31,True
50.500_-64.000,2021-06,13.88,127.7,30,True
50.500_-64.000,2021-07,15.96,67.9,31,True
50.500_-64.000,2021-08,17.97,31.5,31,True
50.500_-64.000,2021-09,11.91,182.8,30,True
50.500_-64.000,2021-10,7.3,331.7,31,True
50.500_-64.000,2021-11,0.54,523.9,30,True
50.500_-64.000,2021-12,-7.79,799.6,31,True
50.500_-64.000,2022-01,-16.26,1062.0,31,True
50.500_-64.000,2022-02,-13.97,895.2,28,True
50.500_-64.000,2022-03,-7.08,777.4,31,True
50.500_-64.000,2022-04,1.16,505.2,30,True
50.500_-64.000,2022-05,5.93,374.2,31,True
50.500_-64.000,2022-06,13.48,137.7,30,True
50.500_-64.000,2022-07,16.73,50.6,31,True
50.500_-64.000,2022-08,17.95,20.3,31,True
50.500_-64.000,2022-09,12.13,176.1,30,True
50.500_-64.000,2022-10,7.52,324.9,31,True
50.500_-64.000,2022-11,-3.04,631.3,30,True
50.500_-64.000,2022-12,-6.08,746.6,31,True
50.500_-64.500,2016-01,-12.64,949.7,31,True
50.500_-64.500,2016-02,-12.32,879.4,29,True
50.500_-64.500,2016-03,-10.26,876.2,31,True
50.500_-64.500,2016-04,-1.9,596.9,30,True
50.500_-64.500,2016-05,7.17,335.8,31,True
50.500_-64.500,2016-06,12.28,176.6,30,True
50.500_-64.500,2016-07,16.08,66.5,31,True
50.500_-64.500,2016-08,16.4,52.0,31,True
50.500_-64.500,2016-09,11.26,202.4,30,True
50.500_-64.500,2016-10,6.22,365.1,31,True
50.500_-64.500,2016-11,0.48,525.6,30,True
50.500_-64.500,2016-12,-11.45,913.1,31,True
50.500_-64.500,2017-01,-12.93,958.8,31,True
50.500_-64.500,2017-02,-12.62,857.4,28,True
50.500_-64.500,2017-03,-9.07,839.3,31,True
50.500_-64.500,2017-04,-0.9,567.1,30,True
50.500_-64.500,2017-05,6.3,362.6,31,True
50.500_-64.500,2017-06,12.81,155.9,30,True
50.500_-64.500,2017-07,15.79,72.5,31,True
50.500_-64.500,2017-08,14.97,94.5,31,True
50.500_-64.500,2017-09,11.05,208.5,30,True
50.500_-64.500,2017-10,6.05,370.6,31,True
50.500_-64.500,2017-11,-3.65,649.6,30,True
50.500_-64.500,2017-12,-11.33,909.2,31,True
50.500_-64.500,2018-01,-14.55,1009.0,31,True
50.500_-64.500,2018-02,-13.44,880.4,28,True
50.500_-64.500,2018-03,-3.14,655.3,31,True
50.500_-64.500,2018-04,-2.34,610.2,30,True
50.500_-64.500,2018-05,2.67,475.3,31,True
50.500_-64.500,2018-06,10.0,240.0,30,True
50.500_-64.500,2018-07,18.04,29.9,31,True
50.500_-64.500,2018-08,17.32,36.3,31,True
50.500_-64.500,2018-09,9.78,246.7,30,True
50.500_-64.500,2018-10,0.91,529.7,31,True
50.500_-64.500,2018-11,-5.64,709.2,30,True
50.500_-64.500,2018-12,-11.54,915.8,31,True
50.500_-64.500,2019-01,-14.74,1015.0,31,True
50.500_-64.500,2019-02,-15.29,932.2,28,True
50.500_-64.500,2019-03,-8.97,836.2,31,True
50.500_-64.500,2019-04,-1.21,576.2,30,True
50.500_-64.500,2019-05,4.45,420.1,31,True
50.500_-64.500,2019-06,11.08,207.6,30,True
50.500_-64.500,2019-07,17.04,45.4,31,True
50.500_-64.500,2019-08,16.26,56.3,31,True
50.500_-64.500,2019-09,9.9,243.0,30,True
50.500_-64.500,2019-10,4.75,410.8,31,True
50.500_-64.500,2019-11,-4.13,664.0,30,True
50.500_-64.500,2019-12,-10.41,880.7,31,True
50.500_-64.500,2020-01,-14.35,1003.0,31,True
50.500_-64.500,2020-02,-11.98,869.4,29,True
50.500_-64.500,2020-03,-7.92,803.5,31,True
50.500_-64.500,2020-04,-0.92,567.5,30,True
50.500_-64.500,2020-05,6.22,365.2,31,True
50.500_-64.500,2020-06,13.66,144.6,30,True
50.500_-64.500,2020-07,17.05,44.8,31,True
50.500_-64.500,2020-08,16.02,81.9,31,True
50.500_-64.500,2020-09,9.91,242.6,30,True
50.500_-64.500,2020-10,3.3,455.6,31,True
50.500_-64.500,2020-11,-3.45,643.5,30,True
50.500_-64.500,2020-12,-5.89,740.7,31,True
50.500_-64.500,2021-01,-9.34,847.6,31,True
50.500_-64.500,2021-02,-10.13,787.6,28,True
50.500_-64.500,2021-03,-6.0,744.0,31,True
50.500_-64.500,2021-04,2.61,461.8,30,True
50.500_-64.500,2021-05,6.39,360.0,31,True
50.500_-64.500,2021-06,13.68,132.0,30,True
50.500_-64.500,2021-07,15.87,70.1,31,True
50.500_-64.500,2021-08,17.75,37.3,31,True
50.500_-64.500,2021-09,11.49,195.4,30,True
50.500_-64.500,2021-10,7.14,336.7,31,True
50.500_-64.500,2021-11,-0.31,549.3,30,True
50.500_-64.500,2021-12,-8.67,826.7,31,True
50.500_-64.500,2022-01,-17.49,1100.1,31,True
50.500_-64.500,2022-02,-14.77,917.6,28,True
50.500_-64.500,2022-03,-7.8,799.7,31,True
50.500_-64.500,2022-04,0.71,518.8,30,True
50.500_-64.500,2022-05,5.4,390.7,31,True
50.500_-64.500,2022-06,13.21,146.5,30,True
50.500_-64.500,2022-07,16.43,58.0,31,True
50.500_-64.500,2022-08,17.56,26.9,31,True
50.500_-64.500,2022-09,11.63,191.2,30,True
50.500_-64.500,2022-10,7.09,338.2,31,True
50.500_-64.500,2022-11,-3.62,648.5,30,True
50.500_-64.500,2022-12,-7.14,779.2,31,True
50.500_-65.000,2016-01,-13.95,990.6,31,True
50.500_-65.000,2016-02,-13.89,924.9,29,True
50.500_-65.000,2016-03,-11.61,917.9,31,True
50.500_-65.000,2016-04,-3.25,637.4,30,True
50.500_-65.000,2016-05,6.08,369.5,31,True
50.500_-65.000,2016-06,11.34,201.9,30,True
50.500_-65.000,2016-07,14.94,96.8,31,True
50.500_-65.000,2016-08,15.21,87.0,31,True
50.500_-65.000,2016-09,10.01,239.6,30,True
50.500_-65.000,2016-10,4.76,410.3,31,True
50.500_-65.000,2016-11,-0.97,569.1,30,True
50.500_-65.000,2016-12,-12.83,955.8,31,True
50.500_-65.000,2017-01,-13.16,966.1,31,True
50.500_-65.000,2017-02,-12.95,866.5,28,True
50.500_-65.000,2017-03,-9.55,853.9,31,True
50.500_-65.000,2017-04,-1.1,573.0,30,True
50.500_-65.000,2017-05,5.89,375.4,31,True
50.500_-65.000,2017-06,12.47,166.0,30,True
50.500_-65.000,2017-07,15.39,82.4,31,True
50.500_-65.000,2017-08,14.6,105.6,31,True
50.500_-65.000,2017-09,10.83,215.1,30,True
50.500_-65.000,2017-10,5.82,377.6,31,True
50.500_-65.000,2017-11,-4.23,666.8,30,True
50.500_-65.000,2017-12,-11.73,921.7,31,True
50.500_-65.000,2018-01,-14.79,1016.6,31,True
50.500_-65.000,2018-02,-13.78,889.8,28,True
50.500_-65.000,2018-03,-3.6,669.7,31,True
50.500_-65.000,2018-04,-2.72,621.5,30,True
50.500_-65.000,2018-05,2.31,486.3,31,True
50.500_-65.000,2018-06,9.73,248.2,30,True
50.500_-65.000,2018-07,17.53,38.4,31,True
50.500_-65.000,2018-08,16.98,45.2,31,True
50.500_-65.000,2018-09,9.62,251.4,30,True
50.500_-65.000,2018-10,0.59,539.7,31,True
50.500_-65.000,2018-11,-5.92,717.5,30,True
50.500_-65.000,2018-12,-11.56,916.3,31,True
50.500_-65.000,2019-01,-15.09,1025.7,31,True
50.500_-65.000,2019-02,-15.62,941.5,28,True
50.500_-65.000,2019-03,-9.19,842.8,31,True
50.500_-65.000,2019-04,-1.59,587.7,30,True
50.500_-65.000,2019-05,4.03,433.0,31,True
50.500_-65.000,2019-06,10.7,218.9,30,True
50.500_-65.000,2019-07,16.79,51.5,31,True
50.500_-65.000,2019-08,15.86,67.0,31,True
50.500_-65.000,2019-09,9.57,252.8,30,True
50.500_-65.000,2019-10,4.45,419.9,31,True
50.500_-65.000,2019-11,-4.65,679.5,30,True
50.500_-65.000,2019-12,-10.45,881.9,31,True
50.500_-65.000,2020-01,-14.5,1007.6,31,True
50.500_-65.000,2020-02,-12.24,876.9,29,True
50.500_-65.000,2020-03,-8.24,813.5,31,True
50.500_-65.000,2020-04,-1.19,575.7,30,True
50.500_-65.000,2020-05,5.69,381.5,31,True
50.500_-65.000,2020-06,13.28,153.7,30,True
50.500_-65.000,2020-07,16.7,52.6,31,True
50.500_-65.000,2020-08,15.7,87.0,31,True
50.500_-65.000,2020-09,9.78,246.5,30,True
50.500_-65.000,2020-10,2.93,467.3,31,True
50.500_-65.000,2020-11,-3.69,650.7,30,True
50.500_-65.000,2020-12,-6.42,756.9,31,True
50.500_-65.000,2021-01,-9.62,856.3,31,True
50.500_-65.000,2021-02,-10.45,796.5,28,True
50.500_-65.000,2021-03,-6.31,753.7,31,True
50.500_-65.000,2021-04,2.26,472.2,30,True
50.500_-65.000,2021-05,5.94,373.9,31,True
50.500_-65.000,2021-06,13.32,141.8,30,True
50.500_-65.000,2021-07,15.57,78.5,31,True
50.500_-65.000,2021-08,17.45,42.1,31,True
50.500_-65.000,2021-09,11.27,201.9,30,True
50.500_-65.000,2021-10,6.86,345.2,31,True
50.500_-65.000,2021-11,-0.64,559.2,30,True
50.500_-65.000,2021-12,-9.27,845.4,31,True
50.500_-65.000,2022-01,-17.85,1111.2,31,True
50.500_-65.000,2022-02,-15.2,929.6,28,True
50.500_-65.000,2022-03,-8.19,811.8,31,True
50.500_-65.000,2022-04,0.28,531.5,30,True
50.500_-65.000,2022-05,5.05,401.4,31,True
50.500_-65.000,2022-06,12.84,155.8,30,True
50.500_-65.000,2022-07,16.05,66.5,31,True
50.500_-65.000,2022-08,17.1,36.0,31,True
50.500_-65.000,2022-09,11.21,203.9,30,True
50.500_-65.000,2022-10,6.92,343.5,31,True
50.500_-65.000,2022-11,-3.77,653.1,30,True
50.500_-65.000,2022-12,-7.42,788.1,31,True
50.500_-66.000,2016-01,-14.65,1012.0,31,True
50.500_-66.000,2016-02,-14.65,946.8,29,True
50.500_-66.000,2016-03,-12.0,930.0,31,True
50.500_-66.000,2016-04,-3.75,652.4,30,True
50.500_-66.000,2016-05,6.21,365.4,31,True
50.500_-66.000,2016-06,11.85,187.7,30,True
50.500_-66.000,2016-07,15.18,89.5,31,True
50.500_-66.000,2016-08,15.4,81.3,31,True
50.500_-66.000,2016-09,10.17,235.6,30,True
50.500_-66.000,2016-10,4.62,414.9,31,True
50.500_-66.000,2016-11,-1.19,575.7,30,True
50.500_-66.000,2016-12,-13.09,963.8,31,True
50.500_-66.000,2017-01,-13.78,985.1,31,True
50.500_-66.000,2017-02,-13.6,884.7,28,True
50.500_-66.000,2017-03,-10.24,875.4,31,True
50.500_-66.000,2017-04,-1.08,572.4,30,True
50.500_-66.000,2017-05,5.88,375.7,31,True
50.500_-66.000,2017-06,12.54,163.7,30,True
50.500_-66.000,2017-07,15.25,86.2,31,True
50.500_-66.000,2017-08,14.33,113.8,31,True
50.500_-66.000,2017-09,10.66,220.2,30,True
50.500_-66.000,2017-10,5.51,387.3,31,True
50.500_-66.000,2017-11,-4.33,670.0,30,True
50.500_-66.000,2017-12,-12.7,951.6,31,True
50.500_-66.000,2018-01,-15.81,1048.2,31,True
50.500_-66.000,2018-02,-14.01,896.3,28,True
50.500_-66.000,2018-03,-4.13,686.0,31,True
50.500_-66.000,2018-04,-2.9,626.9,30,True
50.500_-66.000,2018-05,2.48,481.2,31,True
50.500_-66.000,2018-06,9.85,244.5,30,True
50.500_-66.000,2018-07,17.42,42.2,31,True
50.500_-66.000,2018-08,16.84,50.1,31,True
50.500_-66.000,2018-09,9.39,258.3,30,True
50.500_-66.000,2018-10,0.23,550.9,31,True
50.500_-66.000,2018-11,-6.3,729.1,30,True
50.500_-66.000,2018-12,-12.59,948.3,31,True
50.500_-66.000,2019-01,-15.89,1050.5,31,True
50.500_-66.000,2019-02,-16.21,957.8,28,True
50.500_-66.000,2019-03,-9.47,851.5,31,True
50.500_-66.000,2019-04,-1.85,595.6,30,True
50.500_-66.000,2019-05,3.94,435.8,31,True
50.500_-66.000,2019-06,10.83,215.2,30,True
50.500_-66.000,2019-07,16.77,54.1,31,True
50.500_-66.000,2019-08,15.71,73.3,31,True
50.500_-66.000,2019-09,9.22,263.5,30,True
50.500_-66.000,2019-10,4.23,427.0,31,True
50.500_-66.000,2019-11,-5.64,709.2,30,True
50.500_-66.000,2019-12,-11.22,905.9,31,True
50.500_-66.000,2020-01,-15.22,1029.9,31,True
50.500_-66.000,2020-02,-12.91,896.4,29,True
50.500_-66.000,2020-03,-8.58,824.1,31,True
50.500_-66.000,2020-04,-1.27,578.1,30,True
50.500_-66.000,2020-05,5.62,384.0,31,True
50.500_-66.000,2020-06,13.18,157.7,30,True
50.500_-66.000,2020-07,16.7,53.0,31,True
50.500_-66.000,2020-08,15.48,91.7,31,True
50.500_-66.000,2020-09,9.55,253.4,30,True
50.500_-66.000,2020-10,2.46,481.7,31,True
50.500_-66.000,2020-11,-3.68,650.3,30,True
50.500_-66.000,2020-12,-7.32,785.0,31,True
50.500_-66.000,2021-01,-10.55,884.9,31,True
50.500_-66.000,2021-02,-11.24,818.8,28,True
50.500_-66.000,2021-03,-6.72,766.2,31,True
50.500_-66.000,2021-04,1.87,483.8,30,True
50.500_-66.000,2021-05,5.73,380.5,31,True
50.500_-66.000,2021-06,13.25,143.7,30,True
50.500_-66.000,2021-07,15.58,79.2,31,True
50.500_-66.000,2021-08,17.32,45.9,31,True
50.500_-66.000,2021-09,11.11,206.7,30,True
50.500_-66.000,2021-10,6.82,346.5,31,True
50.500_-66.000,2021-11,-1.01,570.4,30,True
50.500_-66.000,2021-12,-9.82,862.5,31,True
50.500_-66.000,2022-01,-19.16,1152.1,31,True
50.500_-66.000,2022-02,-15.91,949.5,28,True
50.500_-66.000,2022-03,-8.54,822.7,31,True
50.500_-66.000,2022-04,-0.15,544.4,30,True
50.500_-66.000,2022-05,5.22,396.1,31,True
50.500_-66.000,2022-06,12.75,158.4,30,True
50.500_-66.000,2022-07,15.79,71.7,31,True
50.500_-66.000,2022-08,16.96,39.7,31,True
50.500_-66.000,2022-09,10.9,213.0,30,True
50.500_-66.000,2022-10,6.67,351.3,31,True
50.500_-66.000,2022-11,-4.03,661.0,30,True
50.500_-66.000,2022-12,-8.07,808.3,31,True
50.500_-69.000,2016-01,-15.51,1038.8,31,True
50.500_-69.000,2016-02,-16.88,1011.6,29,True
50.500_-69.000,2016-03,-12.68,951.2,31,True
50.500_-69.000,2016-04,-6.36,730.8,30,True
50.500_-69.000,2016-05,5.02,402.4,31,True
50.500_-69.000,2016-06,11.06,209.7,30,True
50.500_-69.000,2016-07,14.16,119.8,31,True
50.500_-69.000,2016-08,14.6,107.5,31,True
50.500_-69.000,2016-09,10.02,239.8,30,True
50.500_-69.000,2016-10,4.09,431.2,31,True
50.500_-69.000,2016-11,-1.75,592.4,30,True
50.500_-69.000,2016-12,-14.65,1012.0,31,True
50.500_-69.000,2017-01,-15.41,1035.7,31,True
50.500_-69.000,2017-02,-15.44,936.3,28,True
50.500_-69.000,2017-03,-12.59,948.4,31,True
50.500_-69.000,2017-04,-1.93,598.0,30,True
50.500_-69.000,2017-05,5.55,386.0,31,True
50.500_-69.000,2017-06,12.1,178.4,30,True
50.500_-69.000,2017-07,14.24,119.1,31,True
50.500_-69.000,2017-08,13.25,147.4,31,True
50.500_-69.000,2017-09,10.22,233.5,30,True
50.500_-69.000,2017-10,5.57,385.2,31,True
50.500_-69.000,2017-11,-6.01,720.4,30,True
50.500_-69.000,2017-12,-15.75,1046.3,31,True
50.500_-69.000,2018-01,-19.21,1153.5,31,True
50.500_-69.000,2018-02,-15.41,935.4,28,True
50.500_-69.000,2018-03,-6.05,745.6,31,True
50.500_-69.000,2018-04,-4.65,679.4,30,True
50.500_-69.000,2018-05,2.71,474.1,31,True
50.500_-69.000,2018-06,9.5,256.3,30,True
50.500_-69.000,2018-07,17.07,56.1,31,True
50.500_-69.000,2018-08,16.43,64.2,31,True
50.500_-69.000,2018-09,9.42,258.6,30,True
50.500_-69.000,2018-10,-1.26,597.0,31,True
50.500_-69.000,2018-11,-7.3,759.0,30,True
50.500_-69.000,2018-12,-14.18,997.7,31,True
50.500_-69.000,2019-01,-18.54,1132.6,31,True
50.500_-69.000,2019-02,-18.44,1020.3,28,True
50.500_-69.000,2019-03,-10.89,895.7,31,True
50.500_-69.000,2019-04,-3.15,634.5,30,True
50.500_-69.000,2019-05,3.15,460.3,31,True
50.500_-69.000,2019-06,10.18,234.6,30,True
50.500_-69.000,2019-07,15.92,74.4,31,True
50.500_-69.000,2019-08,14.76,102.9,31,True
50.500_-69.000,2019-09,8.66,280.1,30,True
50.500_-69.000,2019-10,3.23,458.0,31,True
50.500_-69.000,2019-11,-7.61,768.4,30,True
50.500_-69.000,2019-12,-13.41,973.8,31,True
50.500_-69.000,2020-01,-16.35,1064.9,31,True
50.500_-69.000,2020-02,-14.21,934.1,29,True
50.500_-69.000,2020-03,-10.02,868.7,31,True
50.500_-69.000,2020-04,-2.91,627.4,30,True
50.500_-69.000,2020-05,3.84,440.5,31,True
50.500_-69.000,2020-06,12.08,190.5,30,True
50.500_-69.000,2020-07,16.63,57.9,31,True
50.500_-69.000,2020-08,14.57,115.8,31,True
50.500_-69.000,2020-09,9.23,263.2,30,True
50.500_-69.000,2020-10,1.19,521.0,31,True
50.500_-69.000,2020-11,-3.81,654.2,30,True
50.500_-69.000,2020-12,-9.91,865.3,31,True
50.500_-69.000,2021-01,-12.22,936.8,31,True
50.500_-69.000,2021-02,-13.71,887.8,28,True
50.500_-69.000,2021-03,-8.07,808.3,31,True
50.500_-69.000,2021-04,0.43,527.1,30,True
50.500_-69.000,2021-05,5.31,393.5,31,True
50.500_-69.000,2021-06,13.05,149.9,30,True
50.500_-69.000,2021-07,14.81,103.0,31,True
50.500_-69.000,2021-08,17.27,55.7,31,True
50.500_-69.000,2021-09,10.78,216.7,30,True
50.500_-69.000,2021-10,6.36,360.8,31,True
50.500_-69.000,2021-11,-2.99,629.6,30,True
50.500_-69.000,2021-12,-12.92,958.5,31,True
50.500_-69.000,2022-01,-22.6,1258.7,31,True
50.500_-69.000,2022-02,-18.64,1025.8,28,True
50.500_-69.000,2022-03,-10.27,876.4,31,True
50.500_-69.000,2022-04,-1.51,585.2,30,True
50.500_-69.000,2022-05,5.05,401.4,31,True
50.500_-69.000,2022-06,12.22,174.0,30,True
50.500_-69.000,2022-07,14.58,106.2,31,True
50.500_-69.000,2022-08,16.11,62.5,31,True
50.500_-69.000,2022-09,10.84,215.6,30,True
50.500_-69.000,2022-10,6.36,360.8,31,True
50.500_-69.000,2022-11,-3.74,652.3,30,True
50.500_-69.000,2022-12,-9.9,864.9,31,True
50.500_-70.500,2016-01,-15.58,1041.1,31,True
50.500_-70.500,2016-02,-17.55,1030.9,29,True
50.500_-70.500,2016-03,-12.56,947.5,31,True
50.500_-70.500,2016-04,-7.05,751.4,30,True
50.500_-70.500,2016-05,4.91,405.7,31,True
50.500_-70.500,2016-06,11.89,184.7,30,True
50.500_-70.500,2016-07,14.31,115.4,31,True
50.500_-70.500,2016-08,14.9,100.9,31,True
50.500_-70.500,2016-09,10.28,231.7,30,True
50.500_-70.500,2016-10,3.78,440.8,31,True
50.500_-70.500,2016-11,-1.78,593.5,30,True
50.500_-70.500,2016-12,-14.51,1007.7,31,True
50.500_-70.500,2017-01,-14.69,1013.3,31,True
50.500_-70.500,2017-02,-15.04,925.2,28,True
50.500_-70.500,2017-03,-12.56,947.3,31,True
50.500_-70.500,2017-04,-1.54,586.3,30,True
50.500_-70.500,2017-05,5.34,392.5,31,True
50.500_-70.500,2017-06,12.4,170.4,30,True
50.500_-70.500,2017-07,14.34,116.4,31,True
50.500_-70.500,2017-08,13.13,151.0,31,True
50.500_-70.500,2017-09,10.8,216.0,30,True
50.500_-70.500,2017-10,6.08,369.4,31,True
50.500_-70.500,2017-11,-5.4,702.1,30,True
50.500_-70.500,2017-12,-15.75,1046.2,31,True
50.500_-70.500,2018-01,-19.14,1151.3,31,True
50.500_-70.500,2018-02,-15.21,930.0,28,True
50.500_-70.500,2018-03,-5.84,739.1,31,True
50.500_-70.500,2018-04,-4.68,680.4,30,True
50.500_-70.500,2018-05,2.67,477.0,31,True
50.500_-70.500,2018-06,10.3,233.7,30,True
50.500_-70.500,2018-07,17.62,48.1,31,True
50.500_-70.500,2018-08,16.65,59.4,31,True
50.500_-70.500,2018-09,9.87,246.3,30,True
50.500_-70.500,2018-10,-0.53,574.4,31,True
50.500_-70.500,2018-11,-6.74,742.1,30,True
50.500_-70.500,2018-12,-13.75,984.3,31,True
50.500_-70.500,2019-01,-18.94,1145.1,31,True
50.500_-70.500,2019-02,-18.25,1015.0,28,True
50.500_-70.500,2019-03,-10.75,891.4,31,True
50.500_-70.500,2019-04,-2.84,625.1,30,True
50.500_-70.500,2019-05,2.54,479.2,31,True
50.500_-70.500,2019-06,10.44,226.9,30,True
50.500_-70.500,2019-07,16.18,68.2,31,True
50.500_-70.500,2019-08,14.95,96.7,31,True
50.500_-70.500,2019-09,9.15,265.4,30,True
50.500_-70.500,2019-10,3.58,447.0,31,True
50.500_-70.500,2019-11,-6.81,744.4,30,True
50.500_-70.500,2019-12,-13.01,961.2,31,True
50.500_-70.500,2020-01,-15.64,1042.7,31,True
50.500_-70.500,2020-02,-13.89,924.8,29,True
50.500_-70.500,2020-03,-9.52,853.2,31,True
50.500_-70.500,2020-04,-3.02,630.7,30,True
50.500_-70.500,2020-05,3.32,457.3,31,True
50.500_-70.500,2020-06,12.69,180.5,30,True
50.500_-70.500,2020-07,17.47,39.2,31,True
50.500_-70.500,2020-08,14.9,106.9,31,True
50.500_-70.500,2020-09,9.29,261.2,30,True
50.500_-70.500,2020-10,1.37,515.6,31,True
50.500_-70.500,2020-11,-3.25,637.4,30,True
50.500_-70.500,2020-12,-9.7,858.6,31,True
50.500_-70.500,2021-01,-11.76,922.7,31,True
50.500_-70.500,2021-02,-13.89,893.0,28,True
50.500_-70.500,2021-03,-8.03,806.9,31,True
50.500_-70.500,2021-04,0.45,526.5,30,True
50.500_-70.500,2021-05,6.06,370.2,31,True
50.500_-70.500,2021-06,13.56,136.3,30,True
50.500_-70.500,2021-07,15.26,90.7,31,True
50.500_-70.500,2021-08,17.39,54.4,31,True
50.500_-70.500,2021-09,11.09,207.3,30,True
50.500_-70.500,2021-10,6.89,344.5,31,True
50.500_-70.500,2021-11,-2.31,609.2,30,True
50.500_-70.500,2021-12,-13.36,972.1,31,True
50.500_-70.500,2022-01,-22.71,1262.0,31,True
50.500_-70.500,2022-02,-18.61,1025.1,28,True
50.500_-70.500,2022-03,-10.11,871.5,31,True
50.500_-70.500,2022-04,-1.46,583.8,30,True
50.500_-70.500,2022-05,5.02,402.4,31,True
50.500_-70.500,2022-06,12.99,151.9,30,True
50.500_-70.500,2022-07,14.8,100.1,31,True
50.500_-70.500,2022-08,16.24,58.9,31,True
50.500_-70.500,2022-09,11.06,209.6,30,True
50.500_-70.500,2022-10,6.38,360.3,31,True
50.500_-70.500,2022-11,-2.61,618.4,30,True
50.500_-70.500,2022-12,-9.53,853.4,31,True
50.500_-73.500,2016-01,-14.26,1000.0,31,True
50.500_-73.500,2016-02,-17.09,1017.5,29,True
50.500_-73.500,2016-03,-11.14,903.2,31,True
50.500_-73.500,2016-04,-7.02,750.5,30,True
50.500_-73.500,2016-05,6.27,363.5,31,True
50.500_-73.500,2016-06,12.03,180.7,30,True
50.500_-73.500,2016-07,14.78,102.4,31,True
50.500_-73.500,2016-08,15.6,82.9,31,True
50.500_-73.500,2016-09,11.85,184.5,30,True
50.500_-73.500,2016-10,4.98,403.5,31,True
50.500_-73.500,2016-11,-0.06,541.8,30,True
50.500_-73.500,2016-12,-12.43,943.3,31,True
50.500_-73.500,2017-01,-14.12,995.8,31,True
50.500_-73.500,2017-02,-14.75,916.9,28,True
50.500_-73.500,2017-03,-12.84,955.9,31,True
50.500_-73.500,2017-04,-1.21,576.2,30,True
50.500_-73.500,2017-05,6.24,364.5,31,True
50.500_-73.500,2017-06,12.18,175.0,30,True
50.500_-73.500,2017-07,14.43,112.0,31,True
50.500_-73.500,2017-08,12.98,155.7,31,True
50.500_-73.500,2017-09,11.06,208.6,30,True
50.500_-73.500,2017-10,6.6,353.3,31,True
50.500_-73.500,2017-11,-5.71,711.3,30,True
50.500_-73.500,2017-12,-16.26,1062.1,31,True
50.500_-73.500,2018-01,-19.95,1176.5,31,True
50.500_-73.500,2018-02,-15.88,948.7,28,True
50.500_-73.500,2018-03,-6.7,765.7,31,True
50.500_-73.500,2018-04,-5.26,697.9,30,True
50.500_-73.500,2018-05,3.14,462.9,31,True
50.500_-73.500,2018-06,10.96,212.7,30,True
50.500_-73.500,2018-07,17.81,47.1,31,True
50.500_-73.500,2018-08,16.33,67.0,31,True
50.500_-73.500,2018-09,10.17,237.1,30,True
50.500_-73.500,2018-10,-0.42,571.0,31,True
50.500_-73.500,2018-11,-6.9,746.9,30,True
50.500_-73.500,2018-12,-12.92,958.6,31,True
50.500_-73.500,2019-01,-20.05,1179.4,31,True
50.500_-73.500,2019-02,-17.92,1005.8,28,True
50.500_-73.500,2019-03,-11.17,904.3,31,True
50.500_-73.500,2019-04,-2.97,629.0,30,True
50.500_-73.500,2019-05,3.38,453.1,31,True
50.500_-73.500,2019-06,10.59,224.1,30,True
50.500_-73.500,2019-07,16.2,70.8,31,True
50.500_-73.500,2019-08,14.58,108.3,31,True
50.500_-73.500,2019-09,9.54,253.7,30,True
50.500_-73.500,2019-10,4.27,425.7,31,True
50.500_-73.500,2019-11,-6.67,740.0,30,True
50.500_-73.500,2019-12,-12.57,947.6,31,True
50.500_-73.500,2020-01,-14.88,1019.4,31,True
50.500_-73.500,2020-02,-13.66,918.2,29,True
50.500_-73.500,2020-03,-9.15,841.7,31,True
50.500_-73.500,2020-04,-3.21,636.4,30,True
50.500_-73.500,2020-05,3.07,464.4,31,True
50.500_-73.500,2020-06,13.55,164.5,30,True
50.500_-73.500,2020-07,18.36,22.5,31,True
50.500_-73.500,2020-08,15.05,103.6,31,True
50.500_-73.500,2020-09,9.36,259.3,30,True
50.500_-73.500,2020-10,0.7,536.3,31,True
50.500_-73.500,2020-11,-2.89,626.8,30,True
50.500_-73.500,2020-12,-10.4,880.5,31,True
50.500_-73.500,2021-01,-12.25,937.8,31,True
50.500_-73.500,2021-02,-14.41,907.6,28,True
50.500_-73.500,2021-03,-8.1,809.2,31,True
50.500_-73.500,2021-04,1.04,508.9,30,True
50.500_-73.500,2021-05,6.73,349.4,31,True
50.500_-73.500,2021-06,13.57,136.7,30,True
50.500_-73.500,2021-07,15.23,92.7,31,True
50.500_-73.500,2021-08,17.22,60.4,31,True
50.500_-73.500,2021-09,11.2,204.1,30,True
50.500_-73.500,2021-10,7.96,311.3,31,True
50.500_-73.500,2021-11,-2.17,605.0,30,True
50.500_-73.500,2021-12,-13.86,987.7,31,True
50.500_-73.500,2022-01,-23.49,1286.1,31,True
50.500_-73.500,2022-02,-19.32,1045.0,28,True
50.500_-73.500,2022-03,-10.19,873.9,31,True
50.500_-73.500,2022-04,-1.41,582.2,30,True
50.500_-73.500,2022-05,6.3,362.7,31,True
50.500_-73.500,2022-06,13.55,136.2,30,True
50.500_-73.500,2022-07,14.89,100.4,31,True
50.500_-73.500,2022-08,15.83,74.9,31,True
50.500_-73.500,2022-09,11.08,209.0,30,True
50.500_-73.500,2022-10,6.47,357.3,31,True
50.500_-73.500,2022-11,-2.55,616.5,30,True
50.500_-73.500,2022-12,-9.39,849.0,31,True
50.500_-74.000,2016-01,-13.87,988.0,31,True
50.500_-74.000,2016-02,-16.98,1014.4,29,True
50.500_-74.000,2016-03,-10.85,894.2,31,True
50.500_-74.000,2016-04,-6.66,739.7,30,True
50.500_-74.000,2016-05,5.58,385.1,31,True
50.500_-74.000,2016-06,11.21,204.6,30,True
50.500_-74.000,2016-07,14.45,110.8,31,True
50.500_-74.000,2016-08,15.88,71.1,31,True
50.500_-74.000,2016-09,12.57,163.6,30,True
50.500_-74.000,2016-10,5.76,379.4,31,True
50.500_-74.000,2016-11,0.65,520.4,30,True
50.500_-74.000,2016-12,-11.71,920.9,31,True
50.500_-74.000,2017-01,-13.12,964.8,31,True
50.500_-74.000,2017-02,-13.89,892.8,28,True
50.500_-74.000,2017-03,-12.33,940.2,31,True
50.500_-74.000,2017-04,-1.02,570.7,30,True
50.500_-74.000,2017-05,5.76,379.4,31,True
50.500_-74.000,2017-06,12.51,165.6,30,True
50.500_-74.000,2017-07,15.13,91.4,31,True
50.500_-74.000,2017-08,13.72,132.7,31,True
50.500_-74.000,2017-09,11.97,181.9,30,True
50.500_-74.000,2017-10,7.57,323.3,31,True
50.500_-74.000,2017-11,-4.07,662.2,30,True
50.500_-74.000,2017-12,-15.18,1028.5,31,True
50.500_-74.000,2018-01,-19.04,1148.1,31,True
50.500_-74.000,2018-02,-15.13,927.7,28,True
50.500_-74.000,2018-03,-6.58,762.1,31,True
50.500_-74.000,2018-04,-4.9,686.9,30,True
50.500_-74.000,2018-05,3.33,456.6,31,True
50.500_-74.000,2018-06,11.43,199.1,30,True
50.500_-74.000,2018-07,18.33,39.9,31,True
50.500_-74.000,2018-08,17.1,50.2,31,True
50.500_-74.000,2018-09,11.17,209.3,30,True
50.500_-74.000,2018-10,0.76,534.4,31,True
50.500_-74.000,2018-11,-5.44,703.1,30,True
50.500_-74.000,2018-12,-11.77,922.8,31,True
50.500_-74.000,2019-01,-19.4,1159.4,31,True
50.500_-74.000,2019-02,-17.23,986.3,28,True
50.500_-74.000,2019-03,-10.53,884.4,31,True
50.500_-74.000,2019-04,-2.6,618.0,30,True
50.500_-74.000,2019-05,3.51,449.1,31,True
50.500_-74.000,2019-06,10.8,217.3,30,True
50.500_-74.000,2019-07,16.68,58.5,31,True
50.500_-74.000,2019-08,15.33,87.2,31,True
50.500_-74.000,2019-09,10.55,223.5,30,True
50.500_-74.000,2019-10,5.39,390.8,31,True
50.500_-74.000,2019-11,-4.8,683.9,30,True
50.500_-74.000,2019-12,-11.5,914.4,31,True
50.500_-74.000,2020-01,-13.87,988.1,31,True
50.500_-74.000,2020-02,-12.91,896.5,29,True
50.500_-74.000,2020-03,-8.38,817.8,31,True
50.500_-74.000,2020-04,-2.9,626.9,30,True
50.500_-74.000,2020-05,2.99,466.8,31,True
50.500_-74.000,2020-06,13.88,157.0,30,True
50.500_-74.000,2020-07,18.62,18.4,31,True
50.500_-74.000,2020-08,15.84,85.5,31,True
50.500_-74.000,2020-09,10.21,233.6,30,True
50.500_-74.000,2020-10,1.89,499.4,31,True
50.500_-74.000,2020-11,-1.38,581.4,30,True
50.500_-74.000,2020-12,-9.39,849.0,31,True
50.500_-74.000,2021-01,-11.28,907.6,31,True
50.500_-74.000,2021-02,-13.84,891.4,28,True
50.500_-74.000,2021-03,-7.65,795.3,31,True
50.500_-74.000,2021-04,0.79,516.3,30,True
50.500_-74.000,2021-05,7.08,338.5,31,True
50.500_-74.000,2021-06,14.16,120.4,30,True
50.500_-74.000,2021-07,15.82,77.6,31,True
50.500_-74.000,2021-08,17.94,47.1,31,True
50.500_-74.000,2021-09,12.12,176.3,30,True
50.500_-74.000,2021-10,8.87,283.1,31,True
50.500_-74.000,2021-11,-0.88,566.3,30,True
50.500_-74.000,2021-12,-12.31,939.7,31,True
50.500_-74.000,2022-01,-22.35,1251.0,31,True
50.500_-74.000,2022-02,-18.46,1021.0,28,True
50.500_-74.000,2022-03,-9.55,854.2,31,True
50.500_-74.000,2022-04,-1.09,572.7,30,True
50.500_-74.000,2022-05,6.24,364.5,31,True
50.500_-74.000,2022-06,13.48,138.4,30,True
50.500_-74.000,2022-07,15.5,83.9,31,True
50.500_-74.000,2022-08,16.45,59.4,31,True
50.500_-74.000,2022-09,11.86,187.0,30,True
50.500_-74.000,2022-10,7.14,336.7,31,True
50.500_-74.000,2022-11,-0.88,566.5,30,True
50.500_-74.000,2022-12,-7.95,804.4,31,True
51.000_-58.500,2016-01,-10.65,888.3,31,True
51.000_-58.500,2016-02,-9.66,802.2,29,True
51.000_-58.500,2016-03,-7.85,801.4,31,True
51.000_-58.500,2016-04,-0.3,548.9,30,True
51.000_-58.500,2016-05,6.8,347.1,31,True
51.000_-58.500,2016-06,10.68,219.5,30,True
51.000_-58.500,2016-07,14.45,110.5,31,True
51.000_-58.500,2016-08,16.13,60.8,31,True
51.000_-58.500,2016-09,10.73,218.5,30,True
51.000_-58.500,2016-10,6.41,359.3,31,True
51.000_-58.500,2016-11,1.84,484.7,30,True
51.000_-58.500,2016-12,-9.97,867.1,31,True
51.000_-58.500,2017-01,-6.67,764.7,31,True
51.000_-58.500,2017-02,-8.47,741.2,28,True
51.000_-58.500,2017-03,-5.89,740.6,31,True
51.000_-58.500,2017-04,-1.87,596.1,30,True
51.000_-58.500,2017-05,1.87,500.0,31,True
51.000_-58.500,2017-06,5.54,373.9,30,True
51.000_-58.500,2017-07,10.99,217.4,31,True
51.000_-58.500,2017-08,14.21,117.6,31,True
51.000_-58.500,2017-09,11.82,185.4,30,True
51.000_-58.500,2017-10,7.5,325.5,31,True
51.000_-58.500,2017-11,1.78,486.5,30,True
51.000_-58.500,2017-12,-3.1,654.2,31,True
51.000_-58.500,2018-01,-7.85,801.2,31,True
51.000_-58.500,2018-02,-9.36,766.0,28,True
51.000_-58.500,2018-03,-1.47,603.5,31,True
51.000_-58.500,2018-04,-1.49,584.7,30,True
51.000_-58.500,2018-05,1.9,499.0,31,True
51.000_-58.500,2018-06,5.62,371.5,30,True
51.000_-58.500,2018-07,11.66,196.5,31,True
51.000_-58.500,2018-08,14.76,100.5,31,True
51.000_-58.500,2018-09,11.37,198.9,30,True
51.000_-58.500,2018-10,5.3,393.6,31,True
51.000_-58.500,2018-11,-0.24,547.2,30,True
51.000_-58.500,2018-12,-5.42,725.9,31,True
51.000_-58.500,2019-01,-7.62,794.2,31,True
51.000_-58.500,2019-02,-10.23,790.4,28,True
51.000_-58.500,2019-03,-5.94,742.2,31,True
51.000_-58.500,2019-04,-0.78,563.5,30,True
51.000_-58.500,2019-05,2.77,472.1,31,True
51.000_-58.500,2019-06,7.02,329.5,30,True
51.000_-58.500,2019-07,10.57,230.3,31,True
51.000_-58.500,2019-08,13.82,129.7,31,True
51.000_-58.500,2019-09,11.06,208.1,30,True
51.000_-58.500,2019-10,6.04,370.8,31,True
51.000_-58.500,2019-11,1.78,486.6,30,True
51.000_-58.500,2019-12,-4.24,689.4,31,True
51.000_-58.500,2020-01,-8.68,827.0,31,True
51.000_-58.500,2020-02,-8.34,763.8,29,True
51.000_-58.500,2020-03,-5.36,724.1,31,True
51.000_-58.500,2020-04,-0.71,561.2,30,True
51.000_-58.500,2020-05,2.79,471.6,31,True
51.000_-58.500,2020-06,7.39,318.2,30,True
51.000_-58.500,2020-07,12.56,168.7,31,True
51.000_-58.500,2020-08,14.97,93.9,31,True
51.000_-58.500,2020-09,11.26,202.3,30,True
51.000_-58.500,2020-10,6.88,344.7,31,True
51.000_-58.500,2020-11,1.58,492.7,30,True
51.000_-58.500,2020-12,0.02,557.3,31,True
51.000_-58.500,2021-01,-3.27,659.4,31,True
51.000_-58.500,2021-02,-4.89,640.8,28,True
51.000_-58.500,2021-03,-3.08,653.6,31,True
51.000_-58.500,2021-04,1.99,480.3,30,True
51.000_-58.500,2021-05,4.03,433.0,31,True
51.000_-58.500,2021-06,8.75,277.5,30,True
51.000_-58.500,2021-07,12.66,165.4,31,True
51.000_-58.500,2021-08,15.31,83.3,31,True
51.000_-58.500,2021-09,12.06,178.2,30,True
51.000_-58.500,2021-10,7.12,337.4,31,True
51.000_-58.500,2021-11,4.08,417.7,30,True
51.000_-58.500,2021-12,-2.86,646.7,31,True
51.000_-58.500,2022-01,-9.0,837.0,31,True
51.000_-58.500,2022-02,-9.48,769.4,28,True
51.000_-58.500,2022-03,-4.54,698.6,31,True
51.000_-58.500,2022-04,0.29,531.4,30,True
51.000_-58.500,2022-05,3.28,456.2,31,True
51.000_-58.500,2022-06,7.9,303.0,30,True
51.000_-58.500,2022-07,12.74,163.0,31,True
51.000_-58.500,2022-08,16.65,42.9,31,True
51.000_-58.500,2022-09,13.27,142.0,30,True
51.000_-58.500,2022-10,8.36,298.8,31,True
51.000_-58.500,2022-11,0.7,519.0,30,True
51.000_-58.500,2022-12,-1.74,611.9,31,True
51.000_-59.000,2016-01,-9.52,853.0,31,True
51.000_-59.000,2016-02,-8.72,774.9,29,True
51.000_-59.000,2016-03,-7.63,794.4,31,True
51.000_-59.000,2016-04,-1.04,571.1,30,True
51.000_-59.000,2016-05,5.28,394.4,31,True
51.000_-59.000,2016-06,8.95,271.4,30,True
51.000_-59.000,2016-07,13.58,136.9,31,True
51.000_-59.000,2016-08,15.52,76.9,31,True
51.000_-59.000,2016-09,10.54,223.8,30,True
51.000_-59.000,2016-10,6.28,363.2,31,True
51.000_-59.000,2016-11,1.5,495.1,30,True
51.000_-59.000,2016-12,-8.97,836.0,31,True
51.000_-59.000,2017-01,-9.6,855.7,31,True
51.000_-59.000,2017-02,-9.95,782.5,28,True
51.000_-59.000,2017-03,-6.66,764.4,31,True
51.000_-59.000,2017-04,-1.23,577.0,30,True
51.000_-59.000,2017-05,2.98,465.7,31,True
51.000_-59.000,2017-06,9.07,267.9,30,True
51.000_-59.000,2017-07,14.74,101.1,31,True
51.000_-59.000,2017-08,15.34,83.8,31,True
51.000_-59.000,2017-09,11.3,201.0,30,True
51.000_-59.000,2017-10,7.16,336.0,31,True
51.000_-59.000,2017-11,-0.02,540.7,30,True
51.000_-59.000,2017-12,-5.7,734.7,31,True
51.000_-59.000,2018-01,-10.46,882.4,31,True
51.000_-59.000,2018-02,-10.81,806.6,28,True
51.000_-59.000,2018-03,-1.39,601.1,31,True
51.000_-59.000,2018-04,-1.25,577.5,30,True
51.000_-59.000,2018-05,2.55,479.0,31,True
51.000_-59.000,2018-06,7.88,303.6,30,True
51.000_-59.000,2018-07,16.5,58.8,31,True
51.000_-59.000,2018-08,16.45,56.7,31,True
51.000_-59.000,2018-09,11.12,206.3,30,True
51.000_-59.000,2018-10,3.75,441.6,31,True
51.000_-59.000,2018-11,-2.59,617.8,30,True
51.000_-59.000,2018-12,-8.17,811.3,31,True
51.000_-59.000,2019-01,-10.19,874.0,31,True
51.000_-59.000,2019-02,-12.72,860.2,28,True
51.000_-59.000,2019-03,-6.48,759.0,31,True
51.000_-59.000,2019-04,-0.56,556.9,30,True
51.000_-59.000,2019-05,3.99,434.2,31,True
51.000_-59.000,2019-06,9.15,265.6,30,True
51.000_-59.000,2019-07,13.96,128.6,31,True
51.000_-59.000,2019-08,15.5,78.9,31,True
51.000_-59.000,2019-09,10.95,211.4,30,True
51.000_-59.000,2019-10,5.94,373.8,31,True
51.000_-59.000,2019-11,-0.19,545.7,30,True
51.000_-59.000,2019-12,-6.97,774.1,31,True
51.000_-59.000,2020-01,-11.96,928.8,31,True
51.000_-59.000,2020-02,-10.01,812.2,29,True
51.000_-59.000,2020-03,-6.08,746.5,31,True
51.000_-59.000,2020-04,-0.27,548.1,30,True
51.000_-59.000,2020-05,4.79,409.4,31,True
51.000_-59.000,2020-06,10.7,219.1,30,True
51.000_-59.000,2020-07,15.22,93.5,31,True
51.000_-59.000,2020-08,16.02,76.6,31,True
51.000_-59.000,2020-09,11.65,190.4,30,True
51.000_-59.000,2020-10,5.55,385.9,31,True
51.000_-59.000,2020-11,-0.08,542.5,30,True
51.000_-59.000,2020-12,-1.38,600.7,31,True
51.000_-59.000,2021-01,-5.46,727.3,31,True
51.000_-59.000,2021-02,-6.96,698.9,28,True
51.000_-59.000,2021-03,-3.98,681.4,31,True
51.000_-59.000,2021-04,3.01,449.8,30,True
51.000_-59.000,2021-05,6.25,364.3,31,True
51.000_-59.000,2021-06,11.84,185.1,30,True
51.000_-59.000,2021-07,14.58,109.2,31,True
51.000_-59.000,2021-08,17.15,44.2,31,True
51.000_-59.000,2021-09,12.4,167.9,30,True
51.000_-59.000,2021-10,6.39,360.0,31,True
51.000_-59.000,2021-11,2.76,457.2,30,True
51.000_-59.000,2021-12,-5.1,716.0,31,True
51.000_-59.000,2022-01,-12.32,940.0,31,True
51.000_-59.000,2022-02,-12.04,841.0,28,True
51.000_-59.000,2022-03,-5.76,736.6,31,True
51.000_-59.000,2022-04,1.26,502.3,30,True
51.000_-59.000,2022-05,4.87,407.1,31,True
51.000_-59.000,2022-06,11.58,192.5,30,True
51.000_-59.000,2022-07,15.64,82.3,31,True
51.000_-59.000,2022-08,17.63,24.0,31,True
51.000_-59.000,2022-09,13.03,149.3,30,True
51.000_-59.000,2022-10,7.95,311.7,31,True
51.000_-59.000,2022-11,-1.29,578.6,30,True
51.000_-59.000,2022-12,-3.56,668.5,31,True
51.000_-67.000,2016-01,-16.86,1080.7,31,True
51.000_-67.000,2016-02,-17.64,1033.6,29,True
51.000_-67.000,2016-03,-14.28,1000.8,31,True
51.000_-67.000,2016-04,-6.39,731.8,30,True
51.000_-67.000,2016-05,3.66,444.5,31,True
51.000_-67.000,2016-06,10.89,215.8,30,True
51.000_-67.000,2016-07,14.26,116.7,31,True
51.000_-67.000,2016-08,14.23,117.9,31,True
51.000_-67.000,2016-09,8.98,270.8,30,True
51.000_-67.000,2016-10,2.95,466.6,31,True
51.000_-67.000,2016-11,-3.65,649.5,30,True
51.000_-67.000,2016-12,-15.18,1028.7,31,True
51.000_-67.000,2017-01,-15.83,1048.6,31,True
51.000_-67.000,2017-02,-15.97,951.1,28,True
51.000_-67.000,2017-03,-12.99,960.7,31,True
51.000_-67.000,2017-04,-2.8,624.1,30,True
51.000_-67.000,2017-05,3.95,435.5,31,True
51.000_-67.000,2017-06,11.55,193.5,30,True
51.000_-67.000,2017-07,14.1,121.0,31,True
51.000_-67.000,2017-08,12.99,155.2,31,True
51.000_-67.000,2017-09,9.33,260.2,30,True
51.000_-67.000,2017-10,4.38,422.1,31,True
51.000_-67.000,2017-11,-5.99,719.7,30,True
51.000_-67.000,2017-12,-15.17,1028.4,31,True
51.000_-67.000,2018-01,-18.54,1132.6,31,True
51.000_-67.000,2018-02,-16.55,967.4,28,True
51.000_-67.000,2018-03,-6.17,749.2,31,True
51.000_-67.000,2018-04,-5.16,694.7,30,True
51.000_-67.000,2018-05,0.83,532.2,31,True
51.000_-67.000,2018-06,7.99,300.4,30,True
51.000_-67.000,2018-07,16.41,67.7,31,True
51.000_-67.000,2018-08,15.84,76.4,31,True
51.000_-67.000,2018-09,8.19,294.2,30,True
51.000_-67.000,2018-10,-1.59,607.3,31,True
51.000_-67.000,2018-11,-7.93,777.9,30,True
51.000_-67.000,2018-12,-14.1,995.0,31,True
51.000_-67.000,2019-01,-18.49,1131.3,31,True
51.000_-67.000,2019-02,-18.47,1021.3,28,True
51.000_-67.000,2019-03,-11.5,914.5,31,True
51.000_-67.000,2019-04,-3.68,650.4,30,True
51.000_-67.000,2019-05,2.22,489.3,31,True
51.000_-67.000,2019-06,9.23,263.0,30,True
51.000_-67.000,2019-07,15.44,86.0,31,True
51.000_-67.000,2019-08,14.38,112.5,31,True
51.000_-67.000,2019-09,8.02,299.5,30,True
51.000_-67.000,2019-10,2.58,478.0,31,True
51.000_-67.000,2019-11,-7.5,765.1,30,True
51.000_-67.000,2019-12,-13.29,970.0,31,True
51.000_-67.000,2020-01,-17.37,1096.5,31,True
51.000_-67.000,2020-02,-15.12,960.6,29,True
51.000_-67.000,2020-03,-10.48,883.0,31,True
51.000_-67.000,2020-04,-3.05,631.6,30,True
51.000_-67.000,2020-05,2.45,482.1,31,True
51.000_-67.000,2020-06,11.37,205.3,30,True
51.000_-67.000,2020-07,16.1,68.3,31,True
51.000_-67.000,2020-08,14.24,124.0,31,True
51.000_-67.000,2020-09,8.32,290.3,30,True
51.000_-67.000,2020-10,0.79,533.5,31,True
51.000_-67.000,2020-11,-4.77,683.2,30,True
51.000_-67.000,2020-12,-9.51,852.7,31,True
51.000_-67.000,2021-01,-12.44,943.6,31,True
51.000_-67.000,2021-02,-13.39,878.8,28,True
51.000_-67.000,2021-03,-8.76,829.6,31,True
51.000_-67.000,2021-04,0.37,528.9,30,True
51.000_-67.000,2021-05,4.02,433.3,31,True
51.000_-67.000,2021-06,12.23,173.0,30,True
51.000_-67.000,2021-07,14.92,98.2,31,True
51.000_-67.000,2021-08,16.48,66.1,31,True
51.000_-67.000,2021-09,10.04,238.8,30,True
51.000_-67.000,2021-10,5.61,384.2,31,True
51.000_-67.000,2021-11,-2.61,618.4,30,True
51.000_-67.000,2021-12,-11.79,923.4,31,True
51.000_-67.000,2022-01,-22.08,1242.5,31,True
51.000_-67.000,2022-02,-18.82,1030.9,28,True
51.000_-67.000,2022-03,-10.7,889.6,31,True
51.000_-67.000,2022-04,-2.06,601.9,30,True
51.000_-67.000,2022-05,3.3,455.8,31,True
51.000_-67.000,2022-06,11.63,191.2,30,True
51.000_-67.000,2022-07,14.21,117.4,31,True
51.000_-67.000,2022-08,15.99,65.9,31,True
51.000_-67.000,2022-09,9.86,244.3,30,True
51.000_-67.000,2022-10,5.78,378.8,31,True
51.000_-67.000,2022-11,-5.0,689.9,30,True
51.000_-67.000,2022-12,-9.66,857.4,31,True
51.500_-57.000,2016-01,-11.23,906.1,31,True
51.500_-57.000,2016-02,-10.29,820.4,29,True
51.500_-57.000,2016-03,-9.26,845.0,31,True
51.500_-57.000,2016-04,-2.46,613.9,30,True
51.500_-57.000,2016-05,3.26,456.8,31,True
51.500_-57.000,2016-06,6.19,354.2,30,True
51.500_-57.000,2016-07,11.41,204.3,31,True
51.500_-57.000,2016-08,13.26,146.9,31,True
51.500_-57.000,2016-09,7.87,303.8,30,True
51.500_-57.000,2016-10,3.92,436.6,31,True
51.500_-57.000,2016-11,-0.49,554.7,30,True
51.500_-57.000,2016-12,-10.7,889.8,31,True
51.500_-57.000,2017-01,-11.11,902.3,31,True
51.500_-57.000,2017-02,-11.62,829.3,28,True
51.500_-57.000,2017-03,-7.52,791.1,31,True
51.500_-57.000,2017-04,-2.72,621.7,30,True
51.500_-57.000,2017-05,1.62,507.7,31,True
51.500_-57.000,2017-06,7.73,308.1,30,True
51.500_-57.000,2017-07,12.72,163.7,31,True
51.500_-57.000,2017-08,13.42,142.0,31,True
51.500_-57.000,2017-09,9.51,254.7,30,True
51.500_-57.000,2017-10,5.48,388.2,31,True
51.500_-57.000,2017-11,-1.84,595.1,30,True
51.500_-57.000,2017-12,-7.24,782.4,31,True
51.500_-57.000,2018-01,-11.96,928.9,31,True
51.500_-57.000,2018-02,-13.14,871.8,28,True
51.500_-57.000,2018-03,-2.42,633.1,31,True
51.500_-57.000,2018-04,-2.88,626.3,30,True
51.500_-57.000,2018-05,0.58,539.9,31,True
51.500_-57.000,2018-06,5.46,376.3,30,True
51.500_-57.000,2018-07,13.73,132.4,31,True
51.500_-57.000,2018-08,14.69,102.9,31,True
51.500_-57.000,2018-09,8.98,270.5,30,True
51.500_-57.000,2018-10,2.0,496.1,31,True
51.500_-57.000,2018-11,-3.88,656.5,30,True
51.500_-57.000,2018-12,-9.73,859.7,31,True
51.500_-57.000,2019-01,-11.52,915.2,31,True
51.500_-57.000,2019-02,-14.44,908.2,28,True
51.500_-57.000,2019-03,-8.35,817.0,31,True
51.500_-57.000,2019-04,-1.67,590.1,30,True
51.500_-57.000,2019-05,2.46,481.8,31,True
51.500_-57.000,2019-06,8.37,288.8,30,True
51.500_-57.000,2019-07,12.46,171.7,31,True
51.500_-57.000,2019-08,13.82,129.6,31,True
51.500_-57.000,2019-09,9.2,264.1,30,True
51.500_-57.000,2019-10,4.3,424.6,31,True
51.500_-57.000,2019-11,-1.32,579.5,30,True
51.500_-57.000,2019-12,-8.24,813.5,31,True
51.500_-57.000,2020-01,-13.66,981.6,31,True
51.500_-57.000,2020-02,-12.0,869.9,29,True
51.500_-57.000,2020-03,-7.64,794.8,31,True
51.500_-57.000,2020-04,-1.72,591.5,30,True
51.500_-57.000,2020-05,2.6,477.3,31,True
51.500_-57.000,2020-06,8.88,273.5,30,True
51.500_-57.000,2020-07,13.42,141.9,31,True
51.500_-57.000,2020-08,14.15,119.7,31,True
51.500_-57.000,2020-09,10.41,227.8,30,True
51.500_-57.000,2020-10,4.58,416.1,31,True
51.500_-57.000,2020-11,-2.12,603.7,30,True
51.500_-57.000,2020-12,-2.72,642.2,31,True
51.500_-57.000,2021-01,-5.83,738.7,31,True
51.500_-57.000,2021-02,-7.79,722.2,28,True
51.500_-57.000,2021-03,-5.83,738.6,31,True
51.500_-57.000,2021-04,1.54,493.7,30,True
51.500_-57.000,2021-05,4.35,423.0,31,True
51.500_-57.000,2021-06,10.6,222.1,30,True
51.500_-57.000,2021-07,12.73,163.4,31,True
51.500_-57.000,2021-08,14.74,103.1,31,True
51.500_-57.000,2021-09,10.58,222.6,30,True
51.500_-57.000,2021-10,4.7,412.4,31,True
51.500_-57.000,2021-11,1.19,504.3,30,True
51.500_-57.000,2021-12,-7.1,778.2,31,True
51.500_-57.000,2022-01,-12.99,960.6,31,True
51.500_-57.000,2022-02,-13.81,890.7,28,True
51.500_-57.000,2022-03,-7.5,790.4,31,True
51.500_-57.000,2022-04,0.14,535.9,30,True
51.500_-57.000,2022-05,3.24,457.5,31,True
51.500_-57.000,2022-06,10.44,226.7,30,True
51.500_-57.000,2022-07,13.51,139.2,31,True
51.500_-57.000,2022-08,15.88,66.9,31,True
51.500_-57.000,2022-09,11.11,207.2,30,True
51.500_-57.000,2022-10,6.47,357.5,31,True
51.500_-57.000,2022-11,-3.42,642.6,30,True
51.500_-57.000,2022-12,-5.45,727.1,31,True
51.500_-58.000,2016-01,-12.18,935.6,31,True
51.500_-58.000,2016-02,-10.83,836.0,29,True
51.500_-58.000,2016-03,-9.43,850.4,31,True
51.500_-58.000,2016-04,-1.83,594.9,30,True
51.500_-58.000,2016-05,4.35,423.1,31,True
51.500_-58.000,2016-06,8.24,292.9,30,True
51.500_-58.000,2016-07,12.86,159.3,31,True
51.500_-58.000,2016-08,14.22,117.3,31,True
51.500_-58.000,2016-09,8.94,271.8,30,True
51.500_-58.000,2016-10,4.68,412.8,31,True
51.500_-58.000,2016-11,0.13,536.2,30,True
51.500_-58.000,2016-12,-11.62,918.3,31,True
51.500_-58.000,2017-01,-11.21,905.5,31,True
51.500_-58.000,2017-02,-11.38,822.6,28,True
51.500_-58.000,2017-03,-7.14,779.4,31,True
51.500_-58.000,2017-04,-1.69,590.8,30,True
51.500_-58.000,2017-05,3.13,460.9,31,True
51.500_-58.000,2017-06,8.6,281.9,30,True
51.500_-58.000,2017-07,13.79,130.6,31,True
51.500_-58.000,2017-08,14.34,113.6,31,True
51.500_-58.000,2017-09,9.82,245.3,30,True
51.500_-58.000,2017-10,5.72,380.6,31,True
51.500_-58.000,2017-11,-1.63,589.0,30,True
51.500_-58.000,2017-12,-7.59,793.2,31,True
51.500_-58.000,2018-01,-12.34,940.4,31,True
51.500_-58.000,2018-02,-13.1,870.7,28,True
51.500_-58.000,2018-03,-1.7,610.8,31,True
51.500_-58.000,2018-04,-2.02,600.5,30,True
51.500_-58.000,2018-05,1.78,502.7,31,True
51.500_-58.000,2018-06,6.21,353.7,30,True
51.500_-58.000,2018-07,15.35,86.4,31,True
51.500_-58.000,2018-08,15.57,79.1,31,True
51.500_-58.000,2018-09,9.54,253.7,30,True
51.500_-58.000,2018-10,2.02,495.3,31,True
51.500_-58.000,2018-11,-4.01,660.4,30,True
51.500_-58.000,2018-12,-9.79,861.5,31,True
51.500_-58.000,2019-01,-11.91,927.2,31,True
51.500_-58.000,2019-02,-14.22,902.2,28,True
51.500_-58.000,2019-03,-7.61,793.8,31,True
51.500_-58.000,2019-04,-1.02,570.7,30,True
51.500_-58.000,2019-05,3.64,445.2,31,True
51.500_-58.000,2019-06,9.23,263.1,30,True
51.500_-58.000,2019-07,13.59,137.1,31,True
51.500_-58.000,2019-08,14.86,97.3,31,True
51.500_-58.000,2019-09,9.78,246.6,30,True
51.500_-58.000,2019-10,4.9,406.2,31,True
51.500_-58.000,2019-11,-1.42,582.5,30,True
51.500_-58.000,2019-12,-8.45,820.1,31,True
51.500_-58.000,2020-01,-13.81,986.2,31,True
51.500_-58.000,2020-02,-12.0,869.9,29,True
51.500_-58.000,2020-03,-7.2,781.3,31,True
51.500_-58.000,2020-04,-0.64,559.1,30,True
51.500_-58.000,2020-05,3.73,442.5,31,True
51.500_-58.000,2020-06,10.3,231.2,30,True
51.500_-58.000,2020-07,14.55,109.9,31,True
51.500_-58.000,2020-08,14.92,100.2,31,True
51.500_-58.000,2020-09,10.68,219.6,30,True
51.500_-58.000,2020-10,4.55,416.9,31,True
51.500_-58.000,2020-11,-1.99,599.8,30,True
51.500_-58.000,2020-12,-2.78,644.2,31,True
51.500_-58.000,2021-01,-6.72,766.3,31,True
51.500_-58.000,2021-02,-7.62,717.5,28,True
51.500_-58.000,2021-03,-5.24,720.3,31,True
51.500_-58.000,2021-04,2.88,453.5,30,True
51.500_-58.000,2021-05,5.55,386.0,31,True
51.500_-58.000,2021-06,11.25,202.5,30,True
51.500_-58.000,2021-07,13.82,130.6,31,True
51.500_-58.000,2021-08,16.06,70.4,31,True
51.500_-58.000,2021-09,11.01,209.8,30,True
51.500_-58.000,2021-10,5.1,400.0,31,True
51.500_-58.000,2021-11,1.3,501.0,30,True
51.500_-58.000,2021-12,-7.25,782.8,31,True
51.500_-58.000,2022-01,-14.1,995.0,31,True
51.500_-58.000,2022-02,-14.04,897.1,28,True
51.500_-58.000,2022-03,-6.97,774.0,31,True
51.500_-58.000,2022-04,1.09,507.4,30,True
51.500_-58.000,2022-05,3.99,434.2,31,True
51.500_-58.000,2022-06,11.26,202.1,30,True
51.500_-58.000,2022-07,14.74,103.5,31,True
51.500_-58.000,2022-08,16.93,39.0,31,True
51.500_-58.000,2022-09,11.74,187.8,30,True
51.500_-58.000,2022-10,6.7,350.4,31,True
51.500_-58.000,2022-11,-3.41,642.4,30,True
51.500_-58.000,2022-12,-5.61,732.0,31,True
51.500_-76.500,2016-01,-15.15,1027.7,31,True
51.500_-76.500,2016-02,-17.66,1034.0,29,True
51.500_-76.500,2016-03,-11.14,903.3,31,True
51.500_-76.500,2016-04,-6.96,748.9,30,True
51.500_-76.500,2016-05,6.89,344.4,31,True
51.500_-76.500,2016-06,13.29,148.7,30,True
51.500_-76.500,2016-07,15.95,80.8,31,True
51.500_-76.500,2016-08,16.37,70.9,31,True
51.500_-76.500,2016-09,12.64,165.0,30,True
51.500_-76.500,2016-10,5.09,400.1,31,True
51.500_-76.500,2016-11,-0.06,541.8,30,True
51.500_-76.500,2016-12,-13.73,983.6,31,True
51.500_-76.500,2017-01,-13.48,975.9,31,True
51.500_-76.500,2017-02,-14.47,909.1,28,True
51.500_-76.500,2017-03,-12.25,937.7,31,True
51.500_-76.500,2017-04,-1.48,584.4,30,True
51.500_-76.500,2017-05,6.43,358.6,31,True
51.500_-76.500,2017-06,12.56,164.6,30,True
51.500_-76.500,2017-07,15.07,95.7,31,True
51.500_-76.500,2017-08,13.48,140.2,31,True
51.500_-76.500,2017-09,11.44,196.8,30,True
51.500_-76.500,2017-10,6.99,341.2,31,True
51.500_-76.500,2017-11,-5.6,707.9,30,True
51.500_-76.500,2017-12,-15.57,1040.7,31,True
51.500_-76.500,2018-01,-20.3,1187.3,31,True
51.500_-76.500,2018-02,-17.12,983.3,28,True
51.500_-76.500,2018-03,-8.42,818.9,31,True
51.500_-76.500,2018-04,-5.62,708.6,30,True
51.500_-76.500,2018-05,3.33,457.8,31,True
51.500_-76.500,2018-06,11.97,182.8,30,True
51.500_-76.500,2018-07,18.92,31.7,31,True
51.500_-76.500,2018-08,15.86,81.5,31,True
51.500_-76.500,2018-09,10.16,238.8,30,True
51.500_-76.500,2018-10,-0.09,560.7,31,True
51.500_-76.500,2018-11,-6.3,729.1,30,True
51.500_-76.500,2018-12,-11.88,926.2,31,True
51.500_-76.500,2019-01,-20.6,1196.7,31,True
51.500_-76.500,2019-02,-18.31,1016.8,28,True
51.500_-76.500,2019-03,-11.13,902.9,31,True
51.500_-76.500,2019-04,-2.89,626.7,30,True
51.500_-76.500,2019-05,3.61,446.1,31,True
51.500_-76.500,2019-06,10.74,219.3,30,True
51.500_-76.500,2019-07,16.64,66.2,31,True
51.500_-76.500,2019-08,15.38,90.7,31,True
51.500_-76.500,2019-09,10.08,237.5,30,True
51.500_-76.500,2019-10,5.48,388.0,31,True
51.500_-76.500,2019-11,-6.11,723.3,30,True
51.500_-76.500,2019-12,-12.86,956.6,31,True
51.500_-76.500,2020-01,-14.63,1011.5,31,True
51.500_-76.500,2020-02,-13.61,916.7,29,True
51.500_-76.500,2020-03,-9.29,845.9,31,True
51.500_-76.500,2020-04,-3.55,646.6,30,True
51.500_-76.500,2020-05,3.17,459.8,31,True
51.500_-76.500,2020-06,14.08,151.0,30,True
51.500_-76.500,2020-07,19.46,16.4,31,True
51.500_-76.500,2020-08,15.75,95.7,31,True
51.500_-76.500,2020-09,9.98,240.6,30,True
51.500_-76.500,2020-10,1.03,526.2,31,True
51.500_-76.500,2020-11,-2.94,628.3,30,True
51.500_-76.500,2020-12,-11.54,915.8,31,True
51.500_-76.500,2021-01,-11.64,918.9,31,True
51.500_-76.500,2021-02,-14.96,923.0,28,True
51.500_-76.500,2021-03,-8.63,825.6,31,True
51.500_-76.500,2021-04,1.19,504.3,30,True
51.500_-76.500,2021-05,7.07,339.4,31,True
51.500_-76.500,2021-06,14.07,127.2,30,True
51.500_-76.500,2021-07,15.98,81.1,31,True
51.500_-76.500,2021-08,17.53,60.7,31,True
51.500_-76.500,2021-09,12.02,179.9,30,True
51.500_-76.500,2021-10,8.7,288.3,31,True
51.500_-76.500,2021-11,-1.31,579.2,30,True
51.500_-76.500,2021-12,-14.07,994.2,31,True
51.500_-76.500,2022-01,-23.14,1275.4,31,True
51.500_-76.500,2022-02,-20.14,1067.9,28,True
51.500_-76.500,2022-03,-10.46,882.3,31,True
51.500_-76.500,2022-04,-1.56,586.7,30,True
51.500_-76.500,2022-05,7.33,330.9,31,True
51.500_-76.500,2022-06,14.21,121.3,30,True
51.500_-76.500,2022-07,15.19,96.6,31,True
51.500_-76.500,2022-08,16.12,76.4,31,True
51.500_-76.500,2022-09,11.56,193.3,30,True
51.500_-76.500,2022-10,7.01,340.6,31,True
51.500_-76.500,2022-11,-1.92,597.6,30,True
51.500_-76.500,2022-12,-9.9,864.9,31,True
51.500_-78.500,2016-01,-15.64,1042.7,31,True
51.500_-78.500,2016-02,-17.58,1031.9,29,True
51.500_-78.500,2016-03,-11.23,906.2,31,True
51.500_-78.500,2016-04,-7.29,758.6,30,True
51.500_-78.500,2016-05,6.75,349.8,31,True
51.500_-78.500,2016-06,11.34,210.6,30,True
51.500_-78.500,2016-07,15.26,105.5,31,True
51.500_-78.500,2016-08,16.53,76.5,31,True
51.500_-78.500,2016-09,12.95,156.5,30,True
51.500_-78.500,2016-10,5.71,381.0,31,True
51.500_-78.500,2016-11,0.48,525.5,30,True
51.500_-78.500,2016-12,-13.24,968.3,31,True
51.500_-78.500,2017-01,-12.49,945.3,31,True
51.500_-78.500,2017-02,-13.65,886.3,28,True
51.500_-78.500,2017-03,-11.19,904.9,31,True
51.500_-78.500,2017-04,-1.27,578.0,30,True
51.500_-78.500,2017-05,7.14,336.8,31,True
51.500_-78.500,2017-06,12.26,176.2,30,True
51.500_-78.500,2017-07,14.95,106.8,31,True
51.500_-78.500,2017-08,13.65,140.5,31,True
51.500_-78.500,2017-09,12.14,175.9,30,True
51.500_-78.500,2017-10,7.84,315.1,31,True
51.500_-78.500,2017-11,-5.69,710.8,30,True
51.500_-78.500,2017-12,-15.25,1030.6,31,True
51.500_-78.500,2018-01,-19.57,1164.8,31,True
51.500_-78.500,2018-02,-16.4,963.2,28,True
51.500_-78.500,2018-03,-9.36,848.2,31,True
51.500_-78.500,2018-04,-5.45,703.4,30,True
51.500_-78.500,2018-05,4.45,426.6,31,True
51.500_-78.500,2018-06,12.25,178.8,30,True
51.500_-78.500,2018-07,18.98,35.1,31,True
51.500_-78.500,2018-08,15.27,104.2,31,True
51.500_-78.500,2018-09,10.62,226.2,30,True
51.500_-78.500,2018-10,0.28,549.2,31,True
51.500_-78.500,2018-11,-6.09,722.8,30,True
51.500_-78.500,2018-12,-11.21,905.4,31,True
51.500_-78.500,2019-01,-20.28,1186.6,31,True
51.500_-78.500,2019-02,-17.99,1007.8,28,True
51.500_-78.500,2019-03,-10.66,888.6,31,True
51.500_-78.500,2019-04,-2.46,613.8,30,True
51.500_-78.500,2019-05,4.47,419.5,31,True
51.500_-78.500,2019-06,10.59,227.6,30,True
51.500_-78.500,2019-07,17.1,67.5,31,True
51.500_-78.500,2019-08,16.02,81.4,31,True
51.500_-78.500,2019-09,10.8,217.9,30,True
51.500_-78.500,2019-10,6.34,361.4,31,True
51.500_-78.500,2019-11,-6.56,736.8,30,True
51.500_-78.500,2019-12,-12.56,947.3,31,True
51.500_-78.500,2020-01,-14.04,993.1,31,True
51.500_-78.500,2020-02,-13.28,907.1,29,True
51.500_-78.500,2020-03,-8.74,828.9,31,True
51.500_-78.500,2020-04,-3.34,640.2,30,True
51.500_-78.500,2020-05,3.62,450.2,31,True
51.500_-78.500,2020-06,13.81,159.4,30,True
51.500_-78.500,2020-07,19.76,28.4,31,True
51.500_-78.500,2020-08,15.87,101.4,31,True
51.500_-78.500,2020-09,11.0,210.0,30,True
51.500_-78.500,2020-10,1.47,512.4,31,True
51.500_-78.500,2020-11,-2.47,614.1,30,True
51.500_-78.500,2020-12,-10.89,895.5,31,True
51.500_-78.500,2021-01,-11.43,912.3,31,True
51.500_-78.500,2021-02,-15.72,944.1,28,True
51.500_-78.500,2021-03,-8.01,806.2,31,True
51.500_-78.500,2021-04,1.72,488.4,30,True
51.500_-78.500,2021-05,7.23,338.8,31,True
51.500_-78.500,2021-06,12.71,169.9,30,True
51.500_-78.500,2021-07,15.34,103.1,31,True
51.500_-78.500,2021-08,17.9,59.7,31,True
51.500_-78.500,2021-09,12.28,174.9,30,True
51.500_-78.500,2021-10,9.32,269.1,31,True
51.500_-78.500,2021-11,-1.23,576.9,30,True
51.500_-78.500,2021-12,-13.86,987.6,31,True
51.500_-78.500,2022-01,-22.69,1261.3,31,True
51.500_-78.500,2022-02,-19.78,1057.9,28,True
51.500_-78.500,2022-03,-10.15,872.8,31,True
51.500_-78.500,2022-04,-1.14,574.2,30,True
51.500_-78.500,2022-05,9.05,280.9,31,True
51.500_-78.500,2022-06,14.68,112.1,30,True
51.500_-78.500,2022-07,15.33,97.1,31,True
51.500_-78.500,2022-08,16.24,80.4,31,True
51.500_-78.500,2022-09,12.18,175.7,30,True
51.500_-78.500,2022-10,7.81,315.8,31,True
51.500_-78.500,2022-11,-1.96,598.9,30,True
51.500_-78.500,2022-12,-9.83,862.8,31,True
51.500_-79.000,2016-01,-14.55,1009.1,31,True
51.500_-79.000,2016-02,-17.13,1018.7,29,True
51.500_-79.000,2016-03,-11.37,910.4,31,True
51.500_-79.000,2016-04,-7.88,776.5,30,True
51.500_-79.000,2016-05,5.05,401.5,31,True
51.500_-79.000,2016-06,8.43,287.4,30,True
51.500_-79.000,2016-07,14.36,131.2,31,True
51.500_-79.000,2016-08,16.3,80.5,31,True
51.500_-79.000,2016-09,13.0,154.6,30,True
51.500_-79.000,2016-10,6.17,366.8,31,True
51.500_-79.000,2016-11,1.2,504.0,30,True
51.500_-79.000,2016-12,-11.54,915.6,31,True
51.500_-79.000,2017-01,-12.04,931.2,31,True
51.500_-79.000,2017-02,-13.39,878.8,28,True
51.500_-79.000,2017-03,-10.9,895.8,31,True
51.500_-79.000,2017-04,-2.37,611.2,30,True
51.500_-79.000,2017-05,5.32,393.1,31,True
51.500_-79.000,2017-06,9.87,244.2,30,True
51.500_-79.000,2017-07,14.25,126.0,31,True
51.500_-79.000,2017-08,13.7,140.2,31,True
51.500_-79.000,2017-09,12.62,161.9,30,True
51.500_-79.000,2017-10,8.23,303.0,31,True
51.500_-79.000,2017-11,-4.88,686.3,30,True
51.500_-79.000,2017-12,-14.2,998.1,31,True
51.500_-79.000,2018-01,-18.76,1139.5,31,True
51.500_-79.000,2018-02,-15.22,930.3,28,True
51.500_-79.000,2018-03,-9.34,847.5,31,True
51.500_-79.000,2018-04,-6.07,722.2,30,True
51.500_-79.000,2018-05,3.61,448.5,31,True
51.500_-79.000,2018-06,9.66,250.3,30,True
51.500_-79.000,2018-07,16.5,82.3,31,True
51.500_-79.000,2018-08,14.73,114.0,31,True
51.500_-79.000,2018-09,11.14,209.1,30,True
51.500_-79.000,2018-10,1.57,509.2,31,True
51.500_-79.000,2018-11,-5.07,692.1,30,True
51.500_-79.000,2018-12,-10.2,874.2,31,True
51.500_-79.000,2019-01,-19.74,1170.0,31,True
51.500_-79.000,2019-02,-17.89,1004.8,28,True
51.500_-79.000,2019-03,-10.76,891.7,31,True
51.500_-79.000,2019-04,-3.43,642.8,30,True
51.500_-79.000,2019-05,3.58,447.1,31,True
51.500_-79.000,2019-06,8.64,283.3,30,True
51.500_-79.000,2019-07,16.07,85.3,31,True
51.500_-79.000,2019-08,16.38,72.7,31,True
51.500_-79.000,2019-09,11.1,208.7,30,True
51.500_-79.000,2019-10,6.93,343.3,31,True
51.500_-79.000,2019-11,-4.89,686.6,30,True
51.500_-79.000,2019-12,-11.82,924.5,31,True
51.500_-79.000,2020-01,-13.61,979.8,31,True
51.500_-79.000,2020-02,-13.41,911.0,29,True
51.500_-79.000,2020-03,-9.22,843.9,31,True
51.500_-79.000,2020-04,-4.45,673.6,30,True
51.500_-79.000,2020-05,2.41,483.9,31,True
51.500_-79.000,2020-06,11.09,224.9,30,True
51.500_-79.000,2020-07,17.87,56.9,31,True
51.500_-79.000,2020-08,15.96,98.9,31,True
51.500_-79.000,2020-09,11.56,193.2,30,True
51.500_-79.000,2020-10,2.36,484.9,31,True
51.500_-79.000,2020-11,-1.75,592.5,30,True
51.500_-79.000,2020-12,-9.69,858.4,31,True
51.500_-79.000,2021-01,-11.27,907.5,31,True
51.500_-79.000,2021-02,-15.56,939.8,28,True
51.500_-79.000,2021-03,-8.43,819.4,31,True
51.500_-79.000,2021-04,-0.22,546.7,30,True
51.500_-79.000,2021-05,5.35,395.0,31,True
51.500_-79.000,2021-06,10.29,234.0,30,True
51.500_-79.000,2021-07,14.68,119.4,31,True
51.500_-79.000,2021-08,17.85,56.5,31,True
51.500_-79.000,2021-09,12.5,168.6,30,True
51.500_-79.000,2021-10,9.68,258.4,31,True
51.500_-79.000,2021-11,-0.19,545.7,30,True
51.500_-79.000,2021-12,-12.6,948.6,31,True
51.500_-79.000,2022-01,-21.78,1233.1,31,True
51.500_-79.000,2022-02,-19.44,1048.2,28,True
51.500_-79.000,2022-03,-10.72,890.2,31,True
51.500_-79.000,2022-04,-2.02,600.7,30,True
51.500_-79.000,2022-05,7.88,315.2,31,True
51.500_-79.000,2022-06,13.06,157.2,30,True
51.500_-79.000,2022-07,15.16,98.9,31,True
51.500_-79.000,2022-08,16.48,71.3,31,True
51.500_-79.000,2022-09,12.62,163.9,30,True
51.500_-79.000,2022-10,8.25,302.2,31,True
51.500_-79.000,2022-11,-0.98,569.3,30,True
51.500_-79.000,2022-12,-8.83,831.7,31,True
52.000_-68.500,2016-01,-16.76,1077.5,31,True
52.000_-68.500,2016-02,-18.82,1067.7,29,True
52.000_-68.500,2016-03,-14.76,1015.6,31,True
52.000_-68.500,2016-04,-7.95,778.4,30,True
52.000_-68.500,2016-05,5.31,393.3,31,True
52.000_-68.500,2016-06,11.77,188.5,30,True
52.000_-68.500,2016-07,14.97,96.8,31,True
52.000_-68.500,2016-08,14.78,102.6,31,True
52.000_-68.500,2016-09,9.74,247.8,30,True
52.000_-68.500,2016-10,3.4,452.6,31,True
52.000_-68.500,2016-11,-3.83,654.8,30,True
52.000_-68.500,2016-12,-16.05,1055.7,31,True
52.000_-68.500,2017-01,-16.59,1072.4,31,True
52.000_-68.500,2017-02,-16.39,962.9,28,True
52.000_-68.500,2017-03,-13.78,985.1,31,True
52.000_-68.500,2017-04,-2.6,618.1,30,True
52.000_-68.500,2017-05,5.8,378.1,31,True
52.000_-68.500,2017-06,12.04,178.7,30,True
52.000_-68.500,2017-07,14.11,123.3,31,True
52.000_-68.500,2017-08,13.24,147.5,31,True
52.000_-68.500,2017-09,10.14,235.9,30,True
52.000_-68.500,2017-10,5.61,384.2,31,True
52.000_-68.500,2017-11,-5.24,697.1,30,True
52.000_-68.500,2017-12,-15.16,1028.1,31,True
52.000_-68.500,2018-01,-20.73,1200.5,31,True
52.000_-68.500,2018-02,-17.18,985.1,28,True
52.000_-68.500,2018-03,-6.14,748.3,31,True
52.000_-68.500,2018-04,-5.58,707.4,30,True
52.000_-68.500,2018-05,1.59,508.7,31,True
52.000_-68.500,2018-06,8.1,297.1,30,True
52.000_-68.500,2018-07,16.55,69.2,31,True
52.000_-68.500,2018-08,15.54,86.1,31,True
52.000_-68.500,2018-09,9.37,261.2,30,True
52.000_-68.500,2018-10,-0.86,584.8,31,True
52.000_-68.500,2018-11,-7.53,766.0,30,True
52.000_-68.500,2018-12,-14.2,998.1,31,True
52.000_-68.500,2019-01,-19.22,1153.8,31,True
52.000_-68.500,2019-02,-19.42,1047.8,28,True
52.000_-68.500,2019-03,-11.94,928.0,31,True
52.000_-68.500,2019-04,-3.52,645.5,30,True
52.000_-68.500,2019-05,3.16,460.0,31,True
52.000_-68.500,2019-06,10.22,233.5,30,True
52.000_-68.500,2019-07,15.64,79.2,31,True
52.000_-68.500,2019-08,15.15,92.9,31,True
52.000_-68.500,2019-09,8.97,271.0,30,True
52.000_-68.500,2019-10,4.03,433.2,31,True
52.000_-68.500,2019-11,-7.2,756.0,30,True
52.000_-68.500,2019-12,-14.34,1002.5,31,True
52.000_-68.500,2020-01,-18.21,1122.5,31,True
52.000_-68.500,2020-02,-15.79,979.9,29,True
52.000_-68.500,2020-03,-11.07,901.1,31,True
52.000_-68.500,2020-04,-3.11,633.4,30,True
52.000_-68.500,2020-05,2.57,478.2,31,True
52.000_-68.500,2020-06,11.48,201.8,30,True
52.000_-68.500,2020-07,16.59,55.9,31,True
52.000_-68.500,2020-08,14.99,104.5,31,True
52.000_-68.500,2020-09,9.45,256.4,30,True
52.000_-68.500,2020-10,1.36,515.7,31,True
52.000_-68.500,2020-11,-3.91,657.3,30,True
52.000_-68.500,2020-12,-10.46,882.2,31,True
52.000_-68.500,2021-01,-12.34,940.6,31,True
52.000_-68.500,2021-02,-14.37,906.3,28,True
52.000_-68.500,2021-03,-8.71,828.0,31,True
52.000_-68.500,2021-04,0.57,523.0,30,True
52.000_-68.500,2021-05,4.8,409.3,31,True
52.000_-68.500,2021-06,12.33,170.6,30,True
52.000_-68.500,2021-07,15.09,94.1,31,True
52.000_-68.500,2021-08,17.0,57.7,31,True
52.000_-68.500,2021-09,11.15,205.4,30,True
52.000_-68.500,2021-10,6.57,354.4,31,True
52.000_-68.500,2021-11,-1.93,597.8,30,True
52.000_-68.500,2021-12,-12.61,948.8,31,True
52.000_-68.500,2022-01,-23.98,1301.3,31,True
52.000_-68.500,2022-02,-19.97,1063.2,28,True
52.000_-68.500,2022-03,-10.76,891.6,31,True
52.000_-68.500,2022-04,-1.69,590.7,30,True
52.000_-68.500,2022-05,4.45,420.0,31,True
52.000_-68.500,2022-06,12.52,164.4,30,True
52.000_-68.500,2022-07,14.44,110.7,31,True
52.000_-68.500,2022-08,16.34,60.5,31,True
52.000_-68.500,2022-09,10.98,212.4,30,True
52.000_-68.500,2022-10,7.05,339.5,31,True
52.000_-68.500,2022-11,-3.88,656.4,30,True
52.000_-68.500,2022-12,-9.59,855.3,31,True
52.000_-78.000,2016-01,-16.42,1067.1,31,True
52.000_-78.000,2016-02,-18.29,1052.3,29,True
52.000_-78.000,2016-03,-11.95,928.4,31,True
52.000_-78.000,2016-04,-7.59,767.8,30,True
52.000_-78.000,2016-05,6.49,356.9,31,True
52.000_-78.000,2016-06,11.54,197.8,30,True
52.000_-78.000,2016-07,14.57,121.4,31,True
52.000_-78.000,2016-08,15.72,93.9,31,True
52.000_-78.000,2016-09,12.19,177.9,30,True
52.000_-78.000,2016-10,4.75,410.9,31,True
52.000_-78.000,2016-11,-0.28,548.5,30,True
52.000_-78.000,2016-12,-14.14,996.3,31,True
52.000_-78.000,2017-01,-13.3,970.2,31,True
52.000_-78.000,2017-02,-14.67,914.8,28,True
52.000_-78.000,2017-03,-11.77,922.9,31,True
52.000_-78.000,2017-04,-1.85,595.5,30,True
52.000_-78.000,2017-05,7.42,328.3,31,True
52.000_-78.000,2017-06,12.08,180.3,30,True
52.000_-78.000,2017-07,14.45,119.1,31,True
52.000_-78.000,2017-08,13.23,149.1,31,True
52.000_-78.000,2017-09,11.33,200.0,30,True
52.000_-78.000,2017-10,6.87,344.9,31,True
52.000_-78.000,2017-11,-6.26,727.8,30,True
52.000_-78.000,2017-12,-15.05,1024.5,31,True
52.000_-78.000,2018-01,-20.55,1195.0,31,True
52.000_-78.000,2018-02,-17.61,997.1,28,True
52.000_-78.000,2018-03,-9.34,847.6,31,True
52.000_-78.000,2018-04,-5.82,714.6,30,True
52.000_-78.000,2018-05,3.38,457.4,31,True
52.000_-78.000,2018-06,11.64,191.5,30,True
52.000_-78.000,2018-07,18.26,47.1,31,True
52.000_-78.000,2018-08,14.77,109.8,31,True
52.000_-78.000,2018-09,9.71,249.8,30,True
52.000_-78.000,2018-10,-0.58,576.1,31,True
52.000_-78.000,2018-11,-6.13,724.0,30,True
52.000_-78.000,2018-12,-11.86,925.7,31,True
52.000_-78.000,2019-01,-20.78,1202.3,31,True
52.000_-78.000,2019-02,-18.66,1026.4,28,True
52.000_-78.000,2019-03,-11.43,912.2,31,True
52.000_-78.000,2019-04,-2.94,628.1,30,True
52.000_-78.000,2019-05,3.95,435.5,31,True
52.000_-78.000,2019-06,10.08,240.7,30,True
52.000_-78.000,2019-07,15.91,90.4,31,True
52.000_-78.000,2019-08,15.15,102.2,31,True
52.000_-78.000,2019-09,10.09,237.3,30,True
52.000_-78.000,2019-10,5.81,377.9,31,True
52.000_-78.000,2019-11,-6.68,740.5,30,True
52.000_-78.000,2019-12,-12.8,954.8,31,True
52.000_-78.000,2020-01,-14.76,1015.7,31,True
52.000_-78.000,2020-02,-14.18,933.3,29,True
52.000_-78.000,2020-03,-9.58,854.9,31,True
52.000_-78.000,2020-04,-3.99,659.7,30,True
52.000_-78.000,2020-05,3.21,460.1,31,True
52.000_-78.000,2020-06,13.51,166.0,30,True
52.000_-78.000,2020-07,19.45,27.7,31,True
52.000_-78.000,2020-08,15.39,109.8,31,True
52.000_-78.000,2020-09,10.16,235.3,30,True
52.000_-78.000,2020-10,0.72,535.8,31,True
52.000_-78.000,2020-11,-3.4,642.0,30,True
52.000_-78.000,2020-12,-11.55,916.2,31,True
52.000_-78.000,2021-01,-11.97,929.0,31,True
52.000_-78.000,2021-02,-15.9,949.2,28,True
52.000_-78.000,2021-03,-8.98,836.3,31,True
52.000_-78.000,2021-04,1.35,499.5,30,True
52.000_-78.000,2021-05,6.88,347.6,31,True
52.000_-78.000,2021-06,12.65,168.5,30,True
52.000_-78.000,2021-07,15.11,108.8,31,True
52.000_-78.000,2021-08,17.21,70.0,31,True
52.000_-78.000,2021-09,11.84,187.3,30,True
52.000_-78.000,2021-10,9.06,277.2,31,True
52.000_-78.000,2021-11,-1.53,585.8,30,True
52.000_-78.000,2021-12,-13.96,990.9,31,True
52.000_-78.000,2022-01,-23.4,1283.3,31,True
52.000_-78.000,2022-02,-20.61,1081.2,28,True
52.000_-78.000,2022-03,-10.8,892.9,31,True
52.000_-78.000,2022-04,-1.49,584.6,30,True
52.000_-78.000,2022-05,8.03,309.4,31,True
52.000_-78.000,2022-06,14.31,121.3,30,True
52.000_-78.000,2022-07,14.57,114.6,31,True
52.000_-78.000,2022-08,15.71,91.5,31,True
52.000_-78.000,2022-09,11.58,193.0,30,True
52.000_-78.000,2022-10,7.11,337.5,31,True
52.000_-78.000,2022-11,-2.57,617.2,30,True
52.000_-78.000,2022-12,-10.06,869.9,31,True
52.000_-78.500,2016-01,-15.5,1038.4,31,True
52.000_-78.500,2016-02,-18.08,1046.2,29,True
52.000_-78.500,2016-03,-12.27,938.4,31,True
52.000_-78.500,2016-04,-8.09,782.6,30,True
52.000_-78.500,2016-05,5.05,401.5,31,True
52.000_-78.500,2016-06,9.13,266.2,30,True
52.000_-78.500,2016-07,13.2,160.5,31,True
52.000_-78.500,2016-08,15.3,105.2,31,True
52.000_-78.500,2016-09,12.18,177.3,30,True
52.000_-78.500,2016-10,5.3,393.8,31,True
52.000_-78.500,2016-11,0.45,526.5,30,True
52.000_-78.500,2016-12,-12.58,948.1,31,True
52.000_-78.500,2017-01,-12.81,955.0,31,True
52.000_-78.500,2017-02,-14.33,905.3,28,True
52.000_-78.500,2017-03,-11.42,912.1,31,True
52.000_-78.500,2017-04,-1.98,599.3,30,True
52.000_-78.500,2017-05,7.37,329.5,31,True
52.000_-78.500,2017-06,11.5,197.9,30,True
52.000_-78.500,2017-07,14.2,128.9,31,True
52.000_-78.500,2017-08,13.3,149.7,31,True
52.000_-78.500,2017-09,11.79,186.4,30,True
52.000_-78.500,2017-10,7.57,323.4,31,True
52.000_-78.500,2017-11,-5.46,703.8,30,True
52.000_-78.500,2017-12,-14.33,1002.1,31,True
52.000_-78.500,2018-01,-20.01,1178.4,31,True
52.000_-78.500,2018-02,-16.88,976.6,28,True
52.000_-78.500,2018-03,-9.69,858.3,31,True
52.000_-78.500,2018-04,-5.91,717.3,30,True
52.000_-78.500,2018-05,3.63,450.6,31,True
52.000_-78.500,2018-06,11.24,203.5,30,True
52.000_-78.500,2018-07,17.84,53.9,31,True
52.000_-78.500,2018-08,14.53,119.3,31,True
52.000_-78.500,2018-09,10.21,235.9,30,True
52.000_-78.500,2018-10,0.48,543.2,31,True
52.000_-78.500,2018-11,-5.31,699.4,30,True
52.000_-78.500,2018-12,-11.39,911.2,31,True
52.000_-78.500,2019-01,-20.39,1190.1,31,True
52.000_-78.500,2019-02,-18.47,1021.2,28,True
52.000_-78.500,2019-03,-11.26,907.0,31,True
52.000_-78.500,2019-04,-2.92,627.5,30,True
52.000_-78.500,2019-05,4.08,431.4,31,True
52.000_-78.500,2019-06,9.58,256.6,30,True
52.000_-78.500,2019-07,15.82,97.3,31,True
52.000_-78.500,2019-08,15.47,97.9,31,True
52.000_-78.500,2019-09,10.45,227.6,30,True
52.000_-78.500,2019-10,6.44,358.3,31,True
52.000_-78.500,2019-11,-6.16,724.9,30,True
52.000_-78.500,2019-12,-12.17,935.3,31,True
52.000_-78.500,2020-01,-14.4,1004.5,31,True
52.000_-78.500,2020-02,-13.95,926.6,29,True
52.000_-78.500,2020-03,-9.42,850.0,31,True
52.000_-78.500,2020-04,-4.02,660.7,30,True
52.000_-78.500,2020-05,3.16,462.4,31,True
52.000_-78.500,2020-06,12.77,184.7,30,True
52.000_-78.500,2020-07,19.04,45.1,31,True
52.000_-78.500,2020-08,15.33,115.5,31,True
52.000_-78.500,2020-09,10.82,215.3,30,True
52.000_-78.500,2020-10,1.52,510.9,31,True
52.000_-78.500,2020-11,-2.71,621.3,30,True
52.000_-78.500,2020-12,-10.94,897.0,31,True
52.000_-78.500,2021-01,-11.71,921.1,31,True
52.000_-78.500,2021-02,-16.13,955.6,28,True
52.000_-78.500,2021-03,-8.81,831.2,31,True
52.000_-78.500,2021-04,1.17,504.9,30,True
52.000_-78.500,2021-05,6.67,354.0,31,True
52.000_-78.500,2021-06,11.45,203.8,30,True
52.000_-78.500,2021-07,14.47,127.4,31,True
52.000_-78.500,2021-08,17.26,72.4,31,True
52.000_-78.500,2021-09,12.17,178.7,30,True
52.000_-78.500,2021-10,9.45,265.5,31,True
52.000_-78.500,2021-11,-0.86,565.8,30,True
52.000_-78.500,2021-12,-13.29,970.1,31,True
52.000_-78.500,2022-01,-23.02,1271.7,31,True
52.000_-78.500,2022-02,-20.47,1077.3,28,True
52.000_-78.500,2022-03,-10.92,896.4,31,True
52.000_-78.500,2022-04,-1.44,583.1,30,True
52.000_-78.500,2022-05,8.28,303.7,31,True
52.000_-78.500,2022-06,14.23,124.8,30,True
52.000_-78.500,2022-07,14.49,117.7,31,True
52.000_-78.500,2022-08,15.91,88.6,31,True
52.000_-78.500,2022-09,11.92,183.8,30,True
52.000_-78.500,2022-10,7.74,318.0,31,True
52.000_-78.500,2022-11,-1.85,595.6,30,True
52.000_-78.500,2022-12,-9.89,864.5,31,True
52.500_-75.000,2016-01,-17.06,1087.0,31,True
52.500_-75.000,2016-02,-19.76,1095.0,29,True
52.500_-75.000,2016-03,-13.78,985.3,31,True
52.500_-75.000,2016-04,-8.97,809.2,30,True
52.500_-75.000,2016-05,6.46,357.6,31,True
52.500_-75.000,2016-06,12.0,180.8,30,True
52.500_-75.000,2016-07,14.76,106.5,31,True
52.500_-75.000,2016-08,14.66,111.3,31,True
52.500_-75.000,2016-09,10.42,227.3,30,True
52.500_-75.000,2016-10,3.05,463.6,31,True
52.500_-75.000,2016-11,-2.39,611.6,30,True
52.500_-75.000,2016-12,-16.13,1058.1,31,True
52.500_-75.000,2017-01,-15.12,1026.7,31,True
52.500_-75.000,2017-02,-16.27,959.7,28,True
52.500_-75.000,2017-03,-13.83,986.6,31,True
52.500_-75.000,2017-04,-3.18,635.3,30,True
52.500_-75.000,2017-05,6.38,360.3,31,True
52.500_-75.000,2017-06,11.57,192.8,30,True
52.500_-75.000,2017-07,13.93,126.9,31,True
52.500_-75.000,2017-08,12.82,160.5,31,True
52.500_-75.000,2017-09,10.02,239.3,30,True
52.500_-75.000,2017-10,5.35,392.2,31,True
52.500_-75.000,2017-11,-6.98,749.3,30,True
52.500_-75.000,2017-12,-16.43,1067.4,31,True
52.500_-75.000,2018-01,-22.57,1257.8,31,True
52.500_-75.000,2018-02,-19.34,1045.5,28,True
52.500_-75.000,2018-03,-7.98,805.5,31,True
52.500_-75.000,2018-04,-6.64,739.1,30,True
52.500_-75.000,2018-05,1.22,521.2,31,True
52.500_-75.000,2018-06,10.12,237.4,30,True
52.500_-75.000,2018-07,17.23,55.0,31,True
52.500_-75.000,2018-08,14.42,112.9,31,True
52.500_-75.000,2018-09,8.68,280.3,30,True
52.500_-75.000,2018-10,-1.52,605.2,31,True
52.500_-75.000,2018-11,-7.13,754.0,30,True
52.500_-75.000,2018-12,-13.75,984.2,31,True
52.500_-75.000,2019-01,-21.74,1232.0,31,True
52.500_-75.000,2019-02,-20.08,1066.2,28,True
52.500_-75.000,2019-03,-12.61,949.0,31,True
52.500_-75.000,2019-04,-3.86,655.8,30,True
52.500_-75.000,2019-05,3.19,459.1,31,True
52.500_-75.000,2019-06,10.13,236.0,30,True
52.500_-75.000,2019-07,15.26,89.9,31,True
52.500_-75.000,2019-08,14.43,115.1,31,True
52.500_-75.000,2019-09,9.01,269.7,30,True
52.500_-75.000,2019-10,4.35,423.3,31,True
52.500_-75.000,2019-11,-6.97,749.0,30,True
52.500_-75.000,2019-12,-14.34,1002.6,31,True
52.500_-75.000,2020-01,-16.63,1073.6,31,True
52.500_-75.000,2020-02,-15.63,975.4,29,True
52.500_-75.000,2020-03,-11.24,906.3,31,True
52.500_-75.000,2020-04,-4.53,675.9,30,True
52.500_-75.000,2020-05,2.32,486.0,31,True
52.500_-75.000,2020-06,12.15,187.8,30,True
52.500_-75.000,2020-07,18.06,28.2,31,True
52.500_-75.000,2020-08,15.08,107.3,31,True
52.500_-75.000,2020-09,8.64,280.9,30,True
52.500_-75.000,2020-10,0.05,556.5,31,True
52.500_-75.000,2020-11,-4.46,673.8,30,True
52.500_-75.000,2020-12,-12.65,950.0,31,True
52.500_-75.000,2021-01,-12.82,955.5,31,True
52.500_-75.000,2021-02,-15.79,946.0,28,True
52.500_-75.000,2021-03,-10.09,870.7,31,True
52.500_-75.000,2021-04,-0.4,551.9,30,True
52.500_-75.000,2021-05,5.76,379.5,31,True
52.500_-75.000,2021-06,12.46,169.0,30,True
52.500_-75.000,2021-07,15.14,98.1,31,True
52.500_-75.000,2021-08,16.0,81.7,31,True
52.500_-75.000,2021-09,11.28,201.5,30,True
52.500_-75.000,2021-10,7.98,310.7,31,True
52.500_-75.000,2021-11,-1.88,596.3,30,True
52.500_-75.000,2021-12,-15.15,1027.7,31,True
52.500_-75.000,2022-01,-24.76,1325.6,31,True
52.500_-75.000,2022-02,-21.8,1114.3,28,True
52.500_-75.000,2022-03,-11.66,919.4,31,True
52.500_-75.000,2022-04,-2.15,604.6,30,True
52.500_-75.000,2022-05,5.35,392.2,31,True
52.500_-75.000,2022-06,13.56,134.6,30,True
52.500_-75.000,2022-07,14.21,118.7,31,True
52.500_-75.000,2022-08,15.26,97.0,31,True
52.500_-75.000,2022-09,10.53,224.2,30,True
52.500_-75.000,2022-10,5.88,375.6,31,True
52.500_-75.000,2022-11,-3.57,647.2,30,True
52.500_-75.000,2022-12,-11.2,905.2,31,True
53.000_-67.000,2016-01,-19.51,1162.7,31,True
53.000_-67.000,2016-02,-22.82,1183.8,29,True
53.000_-67.000,2016-03,-19.31,1156.7,31,True
53.000_-67.000,2016-04,-11.92,897.7,30,True
53.000_-67.000,2016-05,1.5,511.6,31,True
53.000_-67.000,2016-06,8.12,296.5,30,True
53.000_-67.000,2016-07,12.63,166.9,31,True
53.000_-67.000,2016-08,11.75,193.7,31,True
53.000_-67.000,2016-09,6.51,344.8,30,True
53.000_-67.000,2016-10,0.44,544.5,31,True
53.000_-67.000,2016-11,-7.62,768.6,30,True
53.000_-67.000,2016-12,-19.91,1175.3,31,True
53.000_-67.000,2017-01,-20.02,1178.5,31,True
53.000_-67.000,2017-02,-20.61,1081.1,28,True
53.000_-67.000,2017-03,-17.63,1104.5,31,True
53.000_-67.000,2017-04,-6.82,744.6,30,True
53.000_-67.000,2017-05,1.97,496.9,31,True
53.000_-67.000,2017-06,8.85,274.6,30,True
53.000_-67.000,2017-07,11.26,209.0,31,True
53.000_-67.000,2017-08,10.98,217.6,31,True
53.000_-67.000,2017-09,7.0,330.0,30,True
53.000_-67.000,2017-10,2.77,472.1,31,True
53.000_-67.000,2017-11,-7.88,776.4,30,True
53.000_-67.000,2017-12,-17.34,1095.6,31,True
53.000_-67.000,2018-01,-23.52,1287.0,31,True
53.000_-67.000,2018-02,-22.04,1121.1,28,True
53.000_-67.000,2018-03,-9.86,863.6,31,True
53.000_-67.000,2018-04,-9.98,839.4,30,True
53.000_-67.000,2018-05,-2.71,641.9,31,True
53.000_-67.000,2018-06,3.53,434.1,30,True
53.000_-67.000,2018-07,13.38,145.5,31,True
53.000_-67.000,2018-08,12.44,172.6,31,True
53.000_-67.000,2018-09,6.39,348.2,30,True
53.000_-67.000,2018-10,-3.51,666.9,31,True
53.000_-67.000,2018-11,-10.95,868.5,30,True
53.000_-67.000,2018-12,-16.87,1081.1,31,True
53.000_-67.000,2019-01,-22.6,1258.7,31,True
53.000_-67.000,2019-02,-23.5,1162.0,28,True
53.000_-67.000,2019-03,-16.01,1054.2,31,True
53.000_-67.000,2019-04,-7.44,763.2,30,True
53.000_-67.000,2019-05,-0.49,573.3,31,True
53.000_-67.000,2019-06,7.14,325.9,30,True
53.000_-67.000,2019-07,12.79,161.4,31,True
53.000_-67.000,2019-08,12.67,165.1,31,True
53.000_-67.000,2019-09,6.2,354.0,30,True
53.000_-67.000,2019-10,1.64,507.3,31,True
53.000_-67.000,2019-11,-9.65,829.4,30,True
53.000_-67.000,2019-12,-17.08,1087.4,31,True
53.000_-67.000,2020-01,-21.62,1228.2,31,True
53.000_-67.000,2020-02,-20.34,1111.8,29,True
53.000_-67.000,2020-03,-15.63,1042.6,31,True
53.000_-67.000,2020-04,-7.34,760.3,30,True
53.000_-67.000,2020-05,-1.06,590.8,31,True
53.000_-67.000,2020-06,8.04,300.3,30,True
53.000_-67.000,2020-07,13.62,137.8,31,True
53.000_-67.000,2020-08,12.63,166.7,31,True
53.000_-67.000,2020-09,6.78,336.5,30,True
53.000_-67.000,2020-10,-1.13,592.9,31,True
53.000_-67.000,2020-11,-7.34,760.1,30,True
53.000_-67.000,2020-12,-13.14,965.4,31,True
53.000_-67.000,2021-01,-15.14,1027.2,31,True
53.000_-67.000,2021-02,-17.73,1000.3,28,True
53.000_-67.000,2021-03,-12.33,940.2,31,True
53.000_-67.000,2021-04,-2.84,625.1,30,True
53.000_-67.000,2021-05,1.25,519.4,31,True
53.000_-67.000,2021-06,9.04,268.8,30,True
53.000_-67.000,2021-07,12.36,174.9,31,True
53.000_-67.000,2021-08,14.2,122.9,31,True
53.000_-67.000,2021-09,8.24,292.7,30,True
53.000_-67.000,2021-10,3.94,435.9,31,True
53.000_-67.000,2021-11,-4.26,667.7,30,True
53.000_-67.000,2021-12,-15.35,1033.8,31,True
53.000_-67.000,2022-01,-26.62,1383.3,31,True
53.000_-67.000,2022-02,-24.31,1184.7,28,True
53.000_-67.000,2022-03,-14.69,1013.4,31,True
53.000_-67.000,2022-04,-4.96,688.7,30,True
53.000_-67.000,2022-05,0.59,539.7,31,True
53.000_-67.000,2022-06,9.62,251.4,30,True
53.000_-67.000,2022-07,11.35,206.2,31,True
53.000_-67.000,2022-08,13.68,134.4,31,True
53.000_-67.000,2022-09,8.28,291.5,30,True
53.000_-67.000,2022-10,4.18,428.5,31,True
53.000_-67.000,2022-11,-7.28,758.5,30,True
53.000_-67.000,2022-12,-11.8,923.7,31,True
53.000_-78.500,2016-01,-16.94,1083.2,31,True
53.000_-78.500,2016-02,-19.81,1096.5,29,True
53.000_-78.500,2016-03,-13.64,980.8,31,True
53.000_-78.500,2016-04,-8.84,805.1,30,True
53.000_-78.500,2016-05,5.33,392.7,31,True
53.000_-78.500,2016-06,10.89,213.8,30,True
53.000_-78.500,2016-07,13.59,141.1,31,True
53.000_-78.500,2016-08,14.67,117.7,31,True
53.000_-78.500,2016-09,11.03,209.2,30,True
53.000_-78.500,2016-10,4.09,431.3,31,True
53.000_-78.500,2016-11,-0.76,562.9,30,True
53.000_-78.500,2016-12,-14.02,992.5,31,True
53.000_-78.500,2017-01,-13.71,983.0,31,True
53.000_-78.500,2017-02,-15.51,938.4,28,True
53.000_-78.500,2017-03,-12.37,941.6,31,True
53.000_-78.500,2017-04,-3.46,643.8,30,True
53.000_-78.500,2017-05,7.44,328.0,31,True
53.000_-78.500,2017-06,11.82,185.6,30,True
53.000_-78.500,2017-07,13.73,134.1,31,True
53.000_-78.500,2017-08,12.84,160.1,31,True
53.000_-78.500,2017-09,10.79,216.3,30,True
53.000_-78.500,2017-10,6.16,367.1,31,True
53.000_-78.500,2017-11,-5.88,716.5,30,True
53.000_-78.500,2017-12,-14.41,1004.6,31,True
53.000_-78.500,2018-01,-21.75,1232.4,31,True
53.000_-78.500,2018-02,-18.95,1034.6,28,True
53.000_-78.500,2018-03,-10.06,869.8,31,True
53.000_-78.500,2018-04,-7.15,754.4,30,True
53.000_-78.500,2018-05,1.73,504.5,31,True
53.000_-78.500,2018-06,10.37,228.9,30,True
53.000_-78.500,2018-07,16.19,74.7,31,True
53.000_-78.500,2018-08,13.15,152.4,31,True
53.000_-78.500,2018-09,8.79,276.2,30,True
53.000_-78.500,2018-10,0.13,553.9,31,True
53.000_-78.500,2018-11,-5.25,697.5,30,True
53.000_-78.500,2018-12,-11.75,922.1,31,True
53.000_-78.500,2019-01,-21.26,1217.0,31,True
53.000_-78.500,2019-02,-19.64,1054.0,28,True
53.000_-78.500,2019-03,-12.4,942.3,31,True
53.000_-78.500,2019-04,-3.9,657.1,30,True
53.000_-78.500,2019-05,3.6,446.4,31,True
53.000_-78.500,2019-06,9.71,249.0,30,True
53.000_-78.500,2019-07,14.43,117.9,31,True
53.000_-78.500,2019-08,14.33,122.7,31,True
53.000_-78.500,2019-09,9.6,252.0,30,True
53.000_-78.500,2019-10,5.84,376.9,31,True
53.000_-78.500,2019-11,-5.87,716.2,30,True
53.000_-78.500,2019-12,-12.04,931.3,31,True
53.000_-78.500,2020-01,-15.66,1043.4,31,True
53.000_-78.500,2020-02,-15.98,985.3,29,True
53.000_-78.500,2020-03,-11.26,907.1,31,True
53.000_-78.500,2020-04,-4.81,684.2,30,True
53.000_-78.500,2020-05,2.78,471.9,31,True
53.000_-78.500,2020-06,12.18,188.5,30,True
53.000_-78.500,2020-07,18.78,30.0,31,True
53.000_-78.500,2020-08,15.04,108.3,31,True
53.000_-78.500,2020-09,9.55,253.5,30,True
53.000_-78.500,2020-10,1.02,526.3,31,True
53.000_-78.500,2020-11,-3.81,654.2,30,True
53.000_-78.500,2020-12,-11.65,919.2,31,True
53.000_-78.500,2021-01,-12.69,951.5,31,True
53.000_-78.500,2021-02,-16.97,979.2,28,True
53.000_-78.500,2021-03,-10.79,892.5,31,True
53.000_-78.500,2021-04,0.37,528.8,30,True
53.000_-78.500,2021-05,5.96,373.3,31,True
53.000_-78.500,2021-06,11.11,206.7,30,True
53.000_-78.500,2021-07,14.73,115.0,31,True
53.000_-78.500,2021-08,16.09,86.5,31,True
53.000_-78.500,2021-09,11.76,190.0,30,True
53.000_-78.500,2021-10,8.69,288.7,31,True
53.000_-78.500,2021-11,-1.05,571.4,30,True
53.000_-78.500,2021-12,-12.76,953.5,31,True
53.000_-78.500,2022-01,-23.67,1291.8,31,True
53.000_-78.500,2022-02,-21.96,1119.0,28,True
53.000_-78.500,2022-03,-12.02,930.5,31,True
53.000_-78.500,2022-04,-2.3,608.9,30,True
53.000_-78.500,2022-05,6.86,345.3,31,True
53.000_-78.500,2022-06,13.46,145.5,30,True
53.000_-78.500,2022-07,13.5,140.4,31,True
53.000_-78.500,2022-08,15.04,106.6,31,True
53.000_-78.500,2022-09,11.11,206.6,30,True
53.000_-78.500,2022-10,6.91,343.7,31,True
53.000_-78.500,2022-11,-2.52,615.6,30,True
53.000_-78.500,2022-12,-10.06,869.8,31,True
53.500_-78.500,2016-01,-17.72,1107.3,31,True
53.500_-78.500,2016-02,-20.88,1127.4,29,True
53.500_-78.500,2016-03,-14.9,1019.9,31,True
53.500_-78.500,2016-04,-10.0,839.9,30,True
53.500_-78.500,2016-05,4.45,420.2,31,True
53.500_-78.500,2016-06,10.36,229.3,30,True
53.500_-78.500,2016-07,13.01,157.7,31,True
53.500_-78.500,2016-08,14.1,134.7,31,True
53.500_-78.500,2016-09,10.32,230.4,30,True
53.500_-78.500,2016-10,3.55,448.1,31,True
53.500_-78.500,2016-11,-1.35,580.4,30,True
53.500_-78.500,2016-12,-14.76,1015.6,31,True
53.500_-78.500,2017-01,-14.48,1007.0,31,True
53.500_-78.500,2017-02,-16.58,968.3,28,True
53.500_-78.500,2017-03,-13.37,972.5,31,True
53.500_-78.500,2017-04,-4.8,684.0,30,True
53.500_-78.500,2017-05,6.67,351.7,31,True
53.500_-78.500,2017-06,10.99,210.4,30,True
53.500_-78.500,2017-07,13.2,149.4,31,True
53.500_-78.500,2017-08,12.23,178.8,31,True
53.500_-78.500,2017-09,10.15,235.4,30,True
53.500_-78.500,2017-10,5.35,392.2,31,True
53.500_-78.500,2017-11,-6.2,726.0,30,True
53.500_-78.500,2017-12,-14.95,1021.3,31,True
53.500_-78.500,2018-01,-22.97,1270.1,31,True
53.500_-78.500,2018-02,-20.45,1076.5,28,True
53.500_-78.500,2018-03,-11.39,911.0,31,True
53.500_-78.500,2018-04,-8.51,795.3,30,True
53.500_-78.500,2018-05,0.41,545.4,31,True
53.500_-78.500,2018-06,9.08,267.7,30,True
53.500_-78.500,2018-07,14.99,103.6,31,True
53.500_-78.500,2018-08,12.24,179.1,31,True
53.500_-78.500,2018-09,7.96,301.2,30,True
53.500_-78.500,2018-10,-0.26,566.1,31,True
53.500_-78.500,2018-11,-5.41,702.2,30,True
53.500_-78.500,2018-12,-12.07,932.2,31,True
53.500_-78.500,2019-01,-21.96,1238.7,31,True
53.500_-78.500,2019-02,-20.79,1086.0,28,True
53.500_-78.500,2019-03,-13.64,980.7,31,True
53.500_-78.500,2019-04,-5.35,700.5,30,True
53.500_-78.500,2019-05,2.68,474.9,31,True
53.500_-78.500,2019-06,8.96,271.1,30,True
53.500_-78.500,2019-07,13.36,146.1,31,True
53.500_-78.500,2019-08,13.47,147.0,31,True
53.500_-78.500,2019-09,9.02,269.5,30,True
53.500_-78.500,2019-10,5.43,389.8,31,True
53.500_-78.500,2019-11,-5.61,708.3,30,True
53.500_-78.500,2019-12,-12.21,936.4,31,True
53.500_-78.500,2020-01,-16.49,1069.3,31,True
53.500_-78.500,2020-02,-17.23,1021.6,29,True
53.500_-78.500,2020-03,-12.74,952.9,31,True
53.500_-78.500,2020-04,-6.0,719.9,30,True
53.500_-78.500,2020-05,2.0,496.1,31,True
53.500_-78.500,2020-06,11.18,215.7,30,True
53.500_-78.500,2020-07,18.08,36.9,31,True
53.500_-78.500,2020-08,14.6,118.0,31,True
53.500_-78.500,2020-09,8.94,271.8,30,True
53.500_-78.500,2020-10,0.67,537.1,31,True
53.500_-78.500,2020-11,-4.38,671.5,30,True
53.500_-78.500,2020-12,-12.26,938.2,31,True
53.500_-78.500,2021-01,-13.49,976.2,31,True
53.500_-78.500,2021-02,-17.86,1004.1,28,True
53.500_-78.500,2021-03,-12.04,931.2,31,True
53.500_-78.500,2021-04,-0.78,563.5,30,True
53.500_-78.500,2021-05,4.79,409.5,31,True
53.500_-78.500,2021-06,9.92,242.5,30,True
53.500_-78.500,2021-07,14.25,127.2,31,True
53.500_-78.500,2021-08,15.2,102.8,31,True
53.500_-78.500,2021-09,11.3,202.8,30,True
53.500_-78.500,2021-10,8.32,300.1,31,True
53.500_-78.500,2021-11,-1.26,577.7,30,True
53.500_-78.500,2021-12,-12.98,960.5,31,True
53.500_-78.500,2022-01,-24.31,1311.5,31,True
53.500_-78.500,2022-02,-23.11,1151.2,28,True
53.500_-78.500,2022-03,-13.15,965.6,31,True
53.500_-78.500,2022-04,-3.75,652.4,30,True
53.500_-78.500,2022-05,5.65,382.8,31,True
53.500_-78.500,2022-06,12.74,162.9,30,True
53.500_-78.500,2022-07,12.76,162.4,31,True
53.500_-78.500,2022-08,14.52,118.8,31,True
53.500_-78.500,2022-09,10.49,225.4,30,True
53.500_-78.500,2022-10,6.28,363.4,31,True
53.500_-78.500,2022-11,-3.29,638.6,30,True
53.500_-78.500,2022-12,-10.55,885.2,31,True
53.500_-79.000,2016-01,-17.22,1091.9,31,True
53.500_-79.000,2016-02,-20.95,1129.5,29,True
53.500_-79.000,2016-03,-15.1,1026.2,31,True
53.500_-79.000,2016-04,-9.94,838.3,30,True
53.500_-79.000,2016-05,2.14,491.8,31,True
53.500_-79.000,2016-06,7.09,327.3,30,True
53.500_-79.000,2016-07,10.39,235.8,31,True
53.500_-79.000,2016-08,12.09,183.2,31,True
53.500_-79.000,2016-09,9.82,245.4,30,True
53.500_-79.000,2016-10,4.15,429.4,31,True
53.500_-79.000,2016-11,-0.16,544.8,30,True
53.500_-79.000,2016-12,-13.23,968.2,31,True
53.500_-79.000,2017-01,-14.32,1002.0,31,True
53.500_-79.000,2017-02,-17.19,985.4,28,True
53.500_-79.000,2017-03,-13.85,987.3,31,True
53.500_-79.000,2017-04,-5.35,700.5,30,True
53.500_-79.000,2017-05,6.01,373.1,31,True
53.500_-79.000,2017-06,9.68,249.7,30,True
53.500_-79.000,2017-07,11.57,200.0,31,True
53.500_-79.000,2017-08,11.57,199.4,31,True
53.500_-79.000,2017-09,10.27,231.9,30,True
53.500_-79.000,2017-10,5.86,376.2,31,True
53.500_-79.000,2017-11,-5.31,699.3,30,True
53.500_-79.000,2017-12,-14.23,999.2,31,True
53.500_-79.000,2018-01,-22.98,1270.4,31,True
53.500_-79.000,2018-02,-20.01,1064.2,28,True
53.500_-79.000,2018-03,-12.54,946.7,31,True
53.500_-79.000,2018-04,-9.82,834.5,30,True
53.500_-79.000,2018-05,0.13,554.1,31,True
53.500_-79.000,2018-06,8.19,294.4,30,True
53.500_-79.000,2018-07,12.45,173.1,31,True
53.500_-79.000,2018-08,11.06,215.1,31,True
53.500_-79.000,2018-09,7.82,305.4,30,True
53.500_-79.000,2018-10,0.47,543.4,31,True
53.500_-79.000,2018-11,-4.58,677.3,30,True
53.500_-79.000,2018-12,-11.62,918.3,31,True
53.500_-79.000,2019-01,-22.03,1241.0,31,True
53.500_-79.000,2019-02,-21.44,1104.4,28,True
53.500_-79.000,2019-03,-14.35,1003.0,31,True
53.500_-79.000,2019-04,-6.25,727.4,30,True
53.500_-79.000,2019-05,1.34,516.6,31,True
53.500_-79.000,2019-06,7.22,323.5,30,True
53.500_-79.000,2019-07,11.22,212.0,31,True
53.500_-79.000,2019-08,12.02,188.1,31,True
53.500_-79.000,2019-09,8.95,271.6,30,True
53.500_-79.000,2019-10,5.96,373.3,31,True
53.500_-79.000,2019-11,-4.55,676.4,30,True
53.500_-79.000,2019-12,-11.45,913.1,31,True
53.500_-79.000,2020-01,-16.71,1076.1,31,True
53.500_-79.000,2020-02,-17.64,1033.5,29,True
53.500_-79.000,2020-03,-13.51,976.7,31,True
53.500_-79.000,2020-04,-6.76,742.9,30,True
53.500_-79.000,2020-05,0.44,544.3,31,True
53.500_-79.000,2020-06,9.09,269.0,30,True
53.500_-79.000,2020-07,15.85,83.1,31,True
53.500_-79.000,2020-08,13.39,146.5,31,True
53.500_-79.000,2020-09,9.24,262.8,30,True
53.500_-79.000,2020-10,1.78,502.9,31,True
53.500_-79.000,2020-11,-3.77,653.0,30,True
53.500_-79.000,2020-12,-11.89,926.5,31,True
53.500_-79.000,2021-01,-13.58,979.0,31,True
53.500_-79.000,2021-02,-18.92,1033.7,28,True
53.500_-79.000,2021-03,-12.78,954.2,31,True
53.500_-79.000,2021-04,-1.2,576.1,30,True
53.500_-79.000,2021-05,3.84,438.9,31,True
53.500_-79.000,2021-06,8.14,295.9,30,True
53.500_-79.000,2021-07,12.67,169.7,31,True
53.500_-79.000,2021-08,14.12,127.2,31,True
53.500_-79.000,2021-09,11.15,205.5,30,True
53.500_-79.000,2021-10,8.33,299.7,31,True
53.500_-79.000,2021-11,-0.13,543.8,30,True
53.500_-79.000,2021-12,-12.26,938.1,31,True
53.500_-79.000,2022-01,-24.42,1315.0,31,True
53.500_-79.000,2022-02,-23.89,1172.8,28,True
53.500_-79.000,2022-03,-14.22,998.9,31,True
53.500_-79.000,2022-04,-4.56,676.8,30,True
53.500_-79.000,2022-05,4.95,404.6,31,True
53.500_-79.000,2022-06,11.44,201.8,30,True
53.500_-79.000,2022-07,11.3,207.6,31,True
53.500_-79.000,2022-08,13.58,139.5,31,True
53.500_-79.000,2022-09,10.42,227.3,30,True
53.500_-79.000,2022-10,6.85,345.6,31,True
53.500_-79.000,2022-11,-2.49,614.6,30,True
53.500_-79.000,2022-12,-10.66,888.5,31,True
55.000_-67.000,2016-01,-19.57,1164.6,31,True
55.000_-67.000,2016-02,-22.36,1170.4,29,True
55.000_-67.000,2016-03,-18.73,1138.7,31,True
55.000_-67.000,2016-04,-11.87,896.2,30,True
55.000_-67.000,2016-05,1.7,505.3,31,True
55.000_-67.000,2016-06,8.2,294.1,30,True
55.000_-67.000,2016-07,13.45,141.4,31,True
55.000_-67.000,2016-08,11.92,188.4,31,True
55.000_-67.000,2016-09,6.4,348.0,30,True
55.000_-67.000,2016-10,-0.34,568.6,31,True
55.000_-67.000,2016-11,-8.07,782.0,30,True
55.000_-67.000,2016-12,-21.69,1230.5,31,True
55.000_-67.000,2017-01,-19.76,1170.6,31,True
55.000_-67.000,2017-02,-22.01,1120.2,28,True
55.000_-67.000,2017-03,-17.75,1108.1,31,True
55.000_-67.000,2017-04,-7.61,768.3,30,True
55.000_-67.000,2017-05,3.36,453.7,31,True
55.000_-67.000,2017-06,8.67,279.9,30,True
55.000_-67.000,2017-07,11.49,201.7,31,True
55.000_-67.000,2017-08,10.82,222.7,31,True
55.000_-67.000,2017-09,6.65,340.4,30,True
55.000_-67.000,2017-10,2.08,493.6,31,True
55.000_-67.000,2017-11,-8.34,790.2,30,True
55.000_-67.000,2017-12,-16.24,1061.4,31,True
55.000_-67.000,2018-01,-24.76,1325.7,31,True
55.000_-67.000,2018-02,-23.98,1175.4,28,True
55.000_-67.000,2018-03,-9.36,848.1,31,True
55.000_-67.000,2018-04,-10.15,844.4,30,True
55.000_-67.000,2018-05,-3.55,667.9,31,True
55.000_-67.000,2018-06,3.28,441.7,30,True
55.000_-67.000,2018-07,13.18,149.5,31,True
55.000_-67.000,2018-08,11.06,215.7,31,True
55.000_-67.000,2018-09,5.51,374.7,30,True
55.000_-67.000,2018-10,-4.75,705.1,31,True
55.000_-67.000,2018-11,-10.88,866.5,30,True
55.000_-67.000,2018-12,-16.87,1081.1,31,True
55.000_-67.000,2019-01,-23.85,1297.5,31,True
55.000_-67.000,2019-02,-23.03,1148.9,28,True
55.000_-67.000,2019-03,-16.25,1061.7,31,True
55.000_-67.000,2019-04,-7.57,767.0,30,True
55.000_-67.000,2019-05,0.75,534.9,31,True
55.000_-67.000,2019-06,8.59,282.2,30,True
55.000_-67.000,2019-07,13.51,139.1,31,True
55.000_-67.000,2019-08,13.29,146.5,31,True
55.000_-67.000,2019-09,6.23,353.0,30,True
55.000_-67.000,2019-10,1.87,499.9,31,True
55.000_-67.000,2019-11,-8.54,796.1,30,True
55.000_-67.000,2019-12,-16.33,1064.3,31,True
55.000_-67.000,2020-01,-21.4,1221.5,31,True
55.000_-67.000,2020-02,-21.42,1143.1,29,True
55.000_-67.000,2020-03,-16.25,1061.9,31,True
55.000_-67.000,2020-04,-7.68,770.3,30,True
55.000_-67.000,2020-05,-1.12,592.8,31,True
55.000_-67.000,2020-06,7.92,305.9,30,True
55.000_-67.000,2020-07,14.4,113.8,31,True
55.000_-67.000,2020-08,13.34,151.4,31,True
55.000_-67.000,2020-09,6.56,343.2,30,True
55.000_-67.000,2020-10,-1.49,604.3,31,True
55.000_-67.000,2020-11,-8.71,801.2,30,True
55.000_-67.000,2020-12,-13.74,984.0,31,True
55.000_-67.000,2021-01,-14.36,1003.3,31,True
55.000_-67.000,2021-02,-17.44,992.4,28,True
55.000_-67.000,2021-03,-13.46,975.3,31,True
55.000_-67.000,2021-04,-2.1,603.1,30,True
55.000_-67.000,2021-05,1.12,523.2,31,True
55.000_-67.000,2021-06,8.44,286.9,30,True
55.000_-67.000,2021-07,12.88,164.7,31,True
55.000_-67.000,2021-08,13.25,151.5,31,True
55.000_-67.000,2021-09,8.02,299.4,30,True
55.000_-67.000,2021-10,3.61,446.1,31,True
55.000_-67.000,2021-11,-5.74,712.3,30,True
55.000_-67.000,2021-12,-14.93,1020.7,31,True
55.000_-67.000,2022-01,-26.4,1376.5,31,True
55.000_-67.000,2022-02,-25.51,1218.4,28,True
55.000_-67.000,2022-03,-14.73,1014.7,31,True
55.000_-67.000,2022-04,-4.91,687.2,30,True
55.000_-67.000,2022-05,1.01,526.8,31,True
55.000_-67.000,2022-06,10.58,224.1,30,True
55.000_-67.000,2022-07,11.56,199.6,31,True
55.000_-67.000,2022-08,13.0,157.3,31,True
55.000_-67.000,2022-09,7.99,300.4,30,True
55.000_-67.000,2022-10,2.86,469.3,31,True
55.000_-67.000,2022-11,-8.91,807.3,30,True
55.000_-67.000,2022-12,-11.34,909.4,31,True
55.000_-77.500,2016-01,-19.99,1177.6,31,True
55.000_-77.500,2016-02,-23.76,1211.0,29,True
55.000_-77.500,2016-03,-17.95,1114.5,31,True
55.000_-77.500,2016-04,-13.03,930.9,30,True
55.000_-77.500,2016-05,1.26,518.9,31,True
55.000_-77.500,2016-06,9.49,255.2,30,True
55.000_-77.500,2016-07,12.2,184.7,31,True
55.000_-77.500,2016-08,12.72,173.9,31,True
55.000_-77.500,2016-09,8.41,287.6,30,True
55.000_-77.500,2016-10,1.71,504.9,31,True
55.000_-77.500,2016-11,-3.85,655.5,30,True
55.000_-77.500,2016-12,-18.4,1128.3,31,True
55.000_-77.500,2017-01,-17.47,1099.5,31,True
55.000_-77.500,2017-02,-20.75,1085.0,28,True
55.000_-77.500,2017-03,-16.36,1065.3,31,True
55.000_-77.500,2017-04,-7.42,762.6,30,True
55.000_-77.500,2017-05,3.88,437.6,31,True
55.000_-77.500,2017-06,8.88,273.5,30,True
55.000_-77.500,2017-07,11.71,194.9,31,True
55.000_-77.500,2017-08,11.06,215.0,31,True
55.000_-77.500,2017-09,8.87,273.9,30,True
55.000_-77.500,2017-10,3.36,453.8,31,True
55.000_-77.500,2017-11,-8.01,780.2,30,True
55.000_-77.500,2017-12,-16.55,1070.9,31,True
55.000_-77.500,2018-01,-26.21,1370.4,31,True
55.000_-77.500,2018-02,-24.47,1189.2,28,True
55.000_-77.500,2018-03,-13.52,977.0,31,True
55.000_-77.500,2018-04,-11.16,874.9,30,True
55.000_-77.500,2018-05,-3.09,653.8,31,True
55.000_-77.500,2018-06,5.76,367.1,30,True
55.000_-77.500,2018-07,12.95,161.2,31,True
55.000_-77.500,2018-08,10.6,229.4,31,True
55.000_-77.500,2018-09,6.1,357.0,30,True
55.000_-77.500,2018-10,-1.73,611.7,31,True
55.000_-77.500,2018-11,-6.97,749.1,30,True
55.000_-77.500,2018-12,-14.24,999.5,31,True
55.000_-77.500,2019-01,-24.03,1302.8,31,True
55.000_-77.500,2019-02,-23.76,1169.4,28,True
55.000_-77.500,2019-03,-16.87,1081.0,31,True
55.000_-77.500,2019-04,-8.3,789.1,30,True
55.000_-77.500,2019-05,-0.47,572.5,31,True
55.000_-77.500,2019-06,7.52,314.4,30,True
55.000_-77.500,2019-07,12.09,183.1,31,True
55.000_-77.500,2019-08,12.37,178.3,31,True
55.000_-77.500,2019-09,7.58,312.7,30,True
55.000_-77.500,2019-10,4.52,417.9,31,True
55.000_-77.500,2019-11,-5.62,708.6,30,True
55.000_-77.500,2019-12,-13.84,986.9,31,True
55.000_-77.500,2020-01,-18.65,1136.0,31,True
55.000_-77.500,2020-02,-20.25,1109.2,29,True
55.000_-77.500,2020-03,-16.16,1059.0,31,True
55.000_-77.500,2020-04,-8.08,782.5,30,True
55.000_-77.500,2020-05,-1.39,601.1,31,True
55.000_-77.500,2020-06,9.55,262.6,30,True
55.000_-77.500,2020-07,16.77,58.2,31,True
55.000_-77.500,2020-08,13.65,145.5,31,True
55.000_-77.500,2020-09,8.07,298.0,30,True
55.000_-77.500,2020-10,0.03,557.1,31,True
55.000_-77.500,2020-11,-6.26,727.7,30,True
55.000_-77.500,2020-12,-14.34,1002.6,31,True
55.000_-77.500,2021-01,-15.48,1037.8,31,True
55.000_-77.500,2021-02,-19.34,1045.6,28,True
55.000_-77.500,2021-03,-15.21,1029.6,31,True
55.000_-77.500,2021-04,-4.88,686.4,30,True
55.000_-77.500,2021-05,1.71,504.9,31,True
55.000_-77.500,2021-06,6.3,351.0,30,True
55.000_-77.500,2021-07,13.18,163.8,31,True
55.000_-77.500,2021-08,12.76,168.7,31,True
55.000_-77.500,2021-09,10.27,231.8,30,True
55.000_-77.500,2021-10,7.41,328.2,31,True
55.000_-77.500,2021-11,-2.03,600.9,30,True
55.000_-77.500,2021-12,-14.12,995.6,31,True
55.000_-77.500,2022-01,-25.69,1354.4,31,True
55.000_-77.500,2022-02,-25.99,1231.6,28,True
55.000_-77.500,2022-03,-15.47,1037.7,31,True
55.000_-77.500,2022-04,-6.42,732.6,30,True
55.000_-77.500,2022-05,2.26,487.8,31,True
55.000_-77.500,2022-06,13.1,156.0,30,True
55.000_-77.500,2022-07,10.76,224.3,31,True
55.000_-77.500,2022-08,13.16,154.9,31,True
55.000_-77.500,2022-09,9.46,256.3,30,True
55.000_-77.500,2022-10,4.95,404.4,31,True
55.000_-77.500,2022-11,-4.76,682.7,30,True
55.000_-77.500,2022-12,-12.89,957.6,31,True
55.500_-77.500,2016-01,-18.38,1127.8,31,True
55.500_-77.500,2016-02,-22.56,1176.3,29,True
55.500_-77.500,2016-03,-16.93,1082.9,31,True
55.500_-77.500,2016-04,-12.27,908.1,30,True
55.500_-77.500,2016-05,1.42,514.0,31,True
55.500_-77.500,2016-06,8.68,279.5,30,True
55.500_-77.500,2016-07,11.46,206.7,31,True
55.500_-77.500,2016-08,12.61,176.5,31,True
55.500_-77.500,2016-09,9.06,268.3,30,True
55.500_-77.500,2016-10,2.54,479.3,31,True
55.500_-77.500,2016-11,-2.57,617.1,30,True
55.500_-77.500,2016-12,-16.23,1061.1,31,True
55.500_-77.500,2017-01,-15.94,1052.0,31,True
55.500_-77.500,2017-02,-19.3,1044.3,28,True
55.500_-77.500,2017-03,-15.08,1025.4,31,True
55.500_-77.500,2017-04,-6.61,738.2,30,True
55.500_-77.500,2017-05,3.95,435.6,31,True
55.500_-77.500,2017-06,7.57,312.9,30,True
55.500_-77.500,2017-07,11.28,209.1,31,True
55.500_-77.500,2017-08,10.95,218.6,31,True
55.500_-77.500,2017-09,9.81,245.7,30,True
55.500_-77.500,2017-10,4.6,415.3,31,True
55.500_-77.500,2017-11,-5.43,703.0,30,True
55.500_-77.500,2017-12,-13.92,989.4,31,True
55.500_-77.500,2018-01,-24.71,1324.0,31,True
55.500_-77.500,2018-02,-22.75,1140.9,28,True
55.500_-77.500,2018-03,-12.17,935.2,31,True
55.500_-77.500,2018-04,-10.27,848.1,30,True
55.500_-77.500,2018-05,-2.63,639.4,31,True
55.500_-77.500,2018-06,4.68,399.7,30,True
55.500_-77.500,2018-07,11.36,209.9,31,True
55.500_-77.500,2018-08,10.59,231.9,31,True
55.500_-77.500,2018-09,6.8,336.1,30,True
55.500_-77.500,2018-10,-0.3,567.2,31,True
55.500_-77.500,2018-11,-5.0,690.1,30,True
55.500_-77.500,2018-12,-12.05,931.5,31,True
55.500_-77.500,2019-01,-22.22,1246.9,31,True
55.500_-77.500,2019-02,-22.04,1121.2,28,True
55.500_-77.500,2019-03,-15.62,1042.1,31,True
55.500_-77.500,2019-04,-7.23,757.0,30,True
55.500_-77.500,2019-05,-0.1,561.2,31,True
55.500_-77.500,2019-06,6.54,344.3,30,True
55.500_-77.500,2019-07,10.47,233.3,31,True
55.500_-77.500,2019-08,11.72,200.8,31,True
55.500_-77.500,2019-09,8.38,288.5,30,True
55.500_-77.500,2019-10,5.73,380.5,31,True
55.500_-77.500,2019-11,-3.65,649.5,30,True
55.500_-77.500,2019-12,-11.33,909.1,31,True
55.500_-77.500,2020-01,-17.0,1084.9,31,True
55.500_-77.500,2020-02,-18.94,1071.2,29,True
55.500_-77.500,2020-03,-15.04,1024.1,31,True
55.500_-77.500,2020-04,-6.97,749.1,30,True
55.500_-77.500,2020-05,-1.06,590.8,31,True
55.500_-77.500,2020-06,7.51,317.3,30,True
55.500_-77.500,2020-07,15.23,100.7,31,True
55.500_-77.500,2020-08,13.75,141.7,31,True
55.500_-77.500,2020-09,9.0,270.0,30,True
55.500_-77.500,2020-10,1.34,516.4,31,True
55.500_-77.500,2020-11,-4.27,668.1,30,True
55.500_-77.500,2020-12,-12.03,930.9,31,True
55.500_-77.500,2021-01,-14.08,994.4,31,True
55.500_-77.500,2021-02,-17.76,1001.4,28,True
55.500_-77.500,2021-03,-14.4,1004.4,31,True
55.500_-77.500,2021-04,-3.65,649.6,30,True
55.500_-77.500,2021-05,2.0,496.1,31,True
55.500_-77.500,2021-06,5.14,385.9,30,True
55.500_-77.500,2021-07,11.85,199.2,31,True
55.500_-77.500,2021-08,12.69,172.4,31,True
55.500_-77.500,2021-09,10.7,219.1,30,True
55.500_-77.500,2021-10,8.32,300.0,31,True
55.500_-77.500,2021-11,-0.5,555.1,30,True
55.500_-77.500,2021-12,-11.3,908.3,31,True
55.500_-77.500,2022-01,-23.57,1288.7,31,True
55.500_-77.500,2022-02,-24.3,1184.4,28,True
55.500_-77.500,2022-03,-14.53,1008.5,31,True
55.500_-77.500,2022-04,-5.49,704.8,30,True
55.500_-77.500,2022-05,2.3,486.7,31,True
55.500_-77.500,2022-06,12.42,175.6,30,True
55.500_-77.500,2022-07,9.45,265.2,31,True
55.500_-77.500,2022-08,12.99,160.2,31,True
55.500_-77.500,2022-09,10.06,238.3,30,True
55.500_-77.500,2022-10,6.03,371.1,31,True
55.500_-77.500,2022-11,-3.44,643.1,30,True
55.500_-77.500,2022-12,-10.75,891.4,31,True
56.000_-76.500,2016-01,-18.62,1135.2,31,True
56.000_-76.500,2016-02,-22.64,1178.7,29,True
56.000_-76.500,2016-03,-17.31,1094.6,31,True
56.000_-76.500,2016-04,-12.36,910.9,30,True
56.000_-76.500,2016-05,1.29,518.0,31,True
56.000_-76.500,2016-06,8.87,274.0,30,True
56.000_-76.500,2016-07,11.3,208.5,31,True
56.000_-76.500,2016-08,12.08,189.7,31,True
56.000_-76.500,2016-09,8.31,290.8,30,True
56.000_-76.500,2016-10,1.23,519.9,31,True
56.000_-76.500,2016-11,-3.7,651.0,30,True
56.000_-76.500,2016-12,-17.47,1099.5,31,True
56.000_-76.500,2017-01,-17.14,1089.2,31,True
56.000_-76.500,2017-02,-20.46,1077.0,28,True
56.000_-76.500,2017-03,-15.69,1044.3,31,True
56.000_-76.500,2017-04,-7.39,761.7,30,True
56.000_-76.500,2017-05,3.21,458.4,31,True
56.000_-76.500,2017-06,8.04,298.7,30,True
56.000_-76.500,2017-07,10.85,222.8,31,True
56.000_-76.500,2017-08,10.35,237.0,31,True
56.000_-76.500,2017-09,8.4,288.1,30,True
56.000_-76.500,2017-10,2.97,465.8,31,True
56.000_-76.500,2017-11,-7.8,774.0,30,True
56.000_-76.500,2017-12,-15.52,1039.2,31,True
56.000_-76.500,2018-01,-25.91,1361.3,31,True
56.000_-76.500,2018-02,-23.45,1160.6,28,True
56.000_-76.500,2018-03,-11.58,917.1,31,True
56.000_-76.500,2018-04,-10.36,850.8,30,True
56.000_-76.500,2018-05,-3.37,662.4,31,True
56.000_-76.500,2018-06,3.69,429.2,30,True
56.000_-76.500,2018-07,11.7,200.4,31,True
56.000_-76.500,2018-08,9.78,256.6,31,True
56.000_-76.500,2018-09,5.28,381.7,30,True
56.000_-76.500,2018-10,-2.39,632.1,31,True
56.000_-76.500,2018-11,-7.44,763.2,30,True
56.000_-76.500,2018-12,-13.89,988.7,31,True
56.000_-76.500,2019-01,-23.3,1280.2,31,True
56.000_-76.500,2019-02,-22.42,1131.9,28,True
56.000_-76.500,2019-03,-16.34,1064.6,31,True
56.000_-76.500,2019-04,-7.68,770.3,30,True
56.000_-76.500,2019-05,0.1,555.0,31,True
56.000_-76.500,2019-06,7.62,311.8,30,True
56.000_-76.500,2019-07,11.58,198.9,31,True
56.000_-76.500,2019-08,11.92,193.1,31,True
56.000_-76.500,2019-09,7.23,323.1,30,True
56.000_-76.500,2019-10,4.38,422.2,31,True
56.000_-76.500,2019-11,-5.75,712.4,30,True
56.000_-76.500,2019-12,-13.25,968.6,31,True
56.000_-76.500,2020-01,-18.12,1119.6,31,True
56.000_-76.500,2020-02,-20.24,1108.9,29,True
56.000_-76.500,2020-03,-16.0,1054.0,31,True
56.000_-76.500,2020-04,-7.33,759.8,30,True
56.000_-76.500,2020-05,-1.24,596.4,31,True
56.000_-76.500,2020-06,8.81,285.4,30,True
56.000_-76.500,2020-07,15.55,90.8,31,True
56.000_-76.500,2020-08,13.21,156.8,31,True
56.000_-76.500,2020-09,7.75,307.5,30,True
56.000_-76.500,2020-10,-0.16,563.0,31,True
56.000_-76.500,2020-11,-6.29,728.6,30,True
56.000_-76.500,2020-12,-13.18,966.5,31,True
56.000_-76.500,2021-01,-15.31,1032.5,31,True
56.000_-76.500,2021-02,-18.43,1020.1,28,True
56.000_-76.500,2021-03,-15.47,1037.7,31,True
56.000_-76.500,2021-04,-4.08,662.3,30,True
56.000_-76.500,2021-05,1.26,519.0,31,True
56.000_-76.500,2021-06,5.27,381.8,30,True
56.000_-76.500,2021-07,11.65,203.9,31,True
56.000_-76.500,2021-08,11.66,201.4,31,True
56.000_-76.500,2021-09,9.61,251.7,30,True
56.000_-76.500,2021-10,6.96,342.1,31,True
56.000_-76.500,2021-11,-2.56,616.8,30,True
56.000_-76.500,2021-12,-12.84,956.1,31,True
56.000_-76.500,2022-01,-24.45,1316.0,31,True
56.000_-76.500,2022-02,-25.01,1204.4,28,True
56.000_-76.500,2022-03,-14.67,1012.9,31,True
56.000_-76.500,2022-04,-5.91,717.2,30,True
56.000_-76.500,2022-05,2.08,493.5,31,True
56.000_-76.500,2022-06,13.45,153.1,30,True
56.000_-76.500,2022-07,10.01,248.6,31,True
56.000_-76.500,2022-08,12.34,178.4,31,True
56.000_-76.500,2022-09,9.0,269.9,30,True
56.000_-76.500,2022-10,4.44,420.3,31,True
56.000_-76.500,2022-11,-6.21,726.2,30,True
56.000_-76.500,2022-12,-12.31,939.7,31,True
56.500_-76.500,2016-01,-19.35,1158.0,31,True
56.500_-76.500,2016-02,-23.62,1207.1,29,True
56.500_-76.500,2016-03,-18.88,1143.3,31,True
56.500_-76.500,2016-04,-13.28,938.3,30,True
56.500_-76.500,2016-05,-0.4,570.4,31,True
56.500_-76.500,2016-06,6.99,330.2,30,True
56.500_-76.500,2016-07,9.71,256.9,31,True
56.500_-76.500,2016-08,10.71,227.5,31,True
56.500_-76.500,2016-09,7.21,323.7,30,True
56.500_-76.500,2016-10,0.26,549.8,31,True
56.500_-76.500,2016-11,-4.09,662.7,30,True
56.500_-76.500,2016-12,-17.06,1086.9,31,True
56.500_-76.500,2017-01,-16.49,1069.1,31,True
56.500_-76.500,2017-02,-21.05,1093.3,28,True
56.500_-76.500,2017-03,-15.75,1046.3,31,True
56.500_-76.500,2017-04,-7.63,768.8,30,True
56.500_-76.500,2017-05,1.15,522.3,31,True
56.500_-76.500,2017-06,7.28,321.6,30,True
56.500_-76.500,2017-07,9.57,261.4,31,True
56.500_-76.500,2017-08,10.05,246.6,31,True
56.500_-76.500,2017-09,8.85,274.6,30,True
56.500_-76.500,2017-10,3.67,444.3,31,True
56.500_-76.500,2017-11,-5.31,699.3,30,True
56.500_-76.500,2017-12,-13.56,978.3,31,True
56.500_-76.500,2018-01,-25.98,1363.3,31,True
56.500_-76.500,2018-02,-21.98,1119.4,28,True
56.500_-76.500,2018-03,-11.45,912.8,31,True
56.500_-76.500,2018-04,-10.21,846.2,30,True
56.500_-76.500,2018-05,-3.85,677.3,31,True
56.500_-76.500,2018-06,1.66,490.2,30,True
56.500_-76.500,2018-07,9.37,268.0,31,True
56.500_-76.500,2018-08,9.08,276.4,31,True
56.500_-76.500,2018-09,5.71,368.8,30,True
56.500_-76.500,2018-10,-0.8,582.7,31,True
56.500_-76.500,2018-11,-6.45,733.6,30,True
56.500_-76.500,2018-12,-12.76,953.5,31,True
56.500_-76.500,2019-01,-22.89,1267.5,31,True
56.500_-76.500,2019-02,-22.46,1132.9,28,True
56.500_-76.500,2019-03,-16.7,1075.7,31,True
56.500_-76.500,2019-04,-8.04,781.1,30,True
56.500_-76.500,2019-05,-0.5,573.5,31,True
56.500_-76.500,2019-06,5.41,377.8,30,True
56.500_-76.500,2019-07,9.68,257.9,31,True
56.500_-76.500,2019-08,10.7,227.5,31,True
56.500_-76.500,2019-09,7.6,311.9,30,True
56.500_-76.500,2019-10,5.16,398.1,31,True
56.500_-76.500,2019-11,-3.47,644.2,30,True
56.500_-76.500,2019-12,-11.86,925.6,31,True
56.500_-76.500,2020-01,-18.15,1120.7,31,True
56.500_-76.500,2020-02,-20.26,1109.6,29,True
56.500_-76.500,2020-03,-16.3,1063.3,31,True
56.500_-76.500,2020-04,-7.44,763.2,30,True
56.500_-76.500,2020-05,-1.61,607.8,31,True
56.500_-76.500,2020-06,6.18,354.7,30,True
56.500_-76.500,2020-07,13.66,135.7,31,True
56.500_-76.500,2020-08,13.03,156.4,31,True
56.500_-76.500,2020-09,8.26,292.3,30,True
56.500_-76.500,2020-10,1.58,508.9,31,True
56.500_-76.500,2020-11,-4.65,679.6,30,True
56.500_-76.500,2020-12,-11.74,922.0,31,True
56.500_-76.500,2021-01,-14.98,1022.3,31,True
56.500_-76.500,2021-02,-18.71,1027.8,28,True
56.500_-76.500,2021-03,-15.86,1049.6,31,True
56.500_-76.500,2021-04,-4.59,677.8,30,True
56.500_-76.500,2021-05,0.15,553.5,31,True
56.500_-76.500,2021-06,3.99,420.4,30,True
56.500_-76.500,2021-07,9.76,255.4,31,True
56.500_-76.500,2021-08,11.07,215.0,31,True
56.500_-76.500,2021-09,9.67,250.0,30,True
56.500_-76.500,2021-10,7.33,330.9,31,True
56.500_-76.500,2021-11,-1.32,579.7,30,True
56.500_-76.500,2021-12,-10.56,885.4,31,True
56.500_-76.500,2022-01,-23.49,1286.3,31,True
56.500_-76.500,2022-02,-25.05,1205.4,28,True
56.500_-76.500,2022-03,-15.38,1034.7,31,True
56.500_-76.500,2022-04,-6.27,728.2,30,True
56.500_-76.500,2022-05,0.6,539.4,31,True
56.500_-76.500,2022-06,10.61,221.9,30,True
56.500_-76.500,2022-07,8.79,285.4,31,True
56.500_-76.500,2022-08,11.05,215.4,31,True
56.500_-76.500,2022-09,8.84,274.8,30,True
56.500_-76.500,2022-10,4.98,403.7,31,True
56.500_-76.500,2022-11,-4.8,684.0,30,True
56.500_-76.500,2022-12,-10.83,893.6,31,True
58.000_-68.500,2016-01,-19.95,1176.5,31,True
58.000_-68.500,2016-02,-22.81,1183.6,29,True
58.000_-68.500,2016-03,-19.45,1161.0,31,True
58.000_-68.500,2016-04,-11.9,897.1,30,True
58.000_-68.500,2016-05,1.01,526.8,31,True
58.000_-68.500,2016-06,7.21,323.6,30,True
58.000_-68.500,2016-07,13.32,146.5,31,True
58.000_-68.500,2016-08,12.55,169.5,31,True
58.000_-68.500,2016-09,6.35,349.5,30,True
58.000_-68.500,2016-10,-1.92,617.5,31,True
58.000_-68.500,2016-11,-7.56,766.9,30,True
58.000_-68.500,2016-12,-21.16,1213.9,31,True
58.000_-68.500,2017-01,-19.27,1155.3,31,True
58.000_-68.500,2017-02,-24.14,1179.9,28,True
58.000_-68.500,2017-03,-17.51,1100.9,31,True
58.000_-68.500,2017-04,-8.47,794.0,30,True
58.000_-68.500,2017-05,3.28,456.4,31,True
58.000_-68.500,2017-06,7.73,308.0,30,True
58.000_-68.500,2017-07,12.15,182.1,31,True
58.000_-68.500,2017-08,10.65,227.8,31,True
58.000_-68.500,2017-09,6.91,332.8,30,True
58.000_-68.500,2017-10,1.72,504.6,31,True
58.000_-68.500,2017-11,-8.43,792.8,30,True
58.000_-68.500,2017-12,-15.95,1052.3,31,True
58.000_-68.500,2018-01,-25.54,1349.6,31,True
58.000_-68.500,2018-02,-24.82,1199.1,28,True
58.000_-68.500,2018-03,-9.39,849.1,31,True
58.000_-68.500,2018-04,-11.22,876.7,30,True
58.000_-68.500,2018-05,-4.6,700.5,31,True
58.000_-68.500,2018-06,4.14,415.9,30,True
58.000_-68.500,2018-07,11.71,198.3,31,True
58.000_-68.500,2018-08,11.6,202.3,31,True
58.000_-68.500,2018-09,4.76,397.2,30,True
58.000_-68.500,2018-10,-2.4,632.4,31,True
58.000_-68.500,2018-11,-9.89,836.7,30,True
58.000_-68.500,2018-12,-17.25,1092.8,31,True
58.000_-68.500,2019-01,-24.25,1309.7,31,True
58.000_-68.500,2019-02,-21.48,1105.3,28,True
58.000_-68.500,2019-03,-16.96,1083.7,31,True
58.000_-68.500,2019-04,-7.32,759.7,30,True
58.000_-68.500,2019-05,4.62,414.9,31,True
58.000_-68.500,2019-06,9.55,254.5,30,True
58.000_-68.500,2019-07,12.41,174.6,31,True
58.000_-68.500,2019-08,12.78,163.5,31,True
58.000_-68.500,2019-09,7.16,325.2,30,True
58.000_-68.500,2019-10,2.93,467.3,31,True
58.000_-68.500,2019-11,-7.56,766.7,30,True
58.000_-68.500,2019-12,-15.14,1027.2,31,True
58.000_-68.500,2020-01,-21.65,1229.0,31,True
58.000_-68.500,2020-02,-23.34,1198.9,29,True
58.000_-68.500,2020-03,-16.43,1067.2,31,True
58.000_-68.500,2020-04,-7.48,764.3,30,True
58.000_-68.500,2020-05,-0.15,562.8,31,True
58.000_-68.500,2020-06,7.22,323.4,30,True
58.000_-68.500,2020-07,13.57,145.7,31,True
58.000_-68.500,2020-08,13.79,146.3,31,True
58.000_-68.500,2020-09,7.34,319.7,30,True
58.000_-68.500,2020-10,-0.23,565.0,31,True
58.000_-68.500,2020-11,-9.81,834.4,30,True
58.000_-68.500,2020-12,-14.57,1009.8,31,True
58.000_-68.500,2021-01,-15.22,1029.9,31,True
58.000_-68.500,2021-02,-17.56,995.7,28,True
58.000_-68.500,2021-03,-15.82,1048.3,31,True
58.000_-68.500,2021-04,-3.22,636.5,30,True
58.000_-68.500,2021-05,3.4,452.6,31,True
58.000_-68.500,2021-06,6.99,330.3,30,True
58.000_-68.500,2021-07,12.75,174.9,31,True
58.000_-68.500,2021-08,12.83,164.3,31,True
58.000_-68.500,2021-09,7.36,319.1,30,True
58.000_-68.500,2021-10,3.66,444.5,31,True
58.000_-68.500,2021-11,-6.35,730.4,30,True
58.000_-68.500,2021-12,-14.77,1016.0,31,True
58.000_-68.500,2022-01,-25.32,1342.8,31,True
58.000_-68.500,2022-02,-25.25,1211.0,28,True
58.000_-68.500,2022-03,-14.38,1003.8,31,True
58.000_-68.500,2022-04,-6.61,738.2,30,True
58.000_-68.500,2022-05,1.65,506.8,31,True
58.000_-68.500,2022-06,10.73,219.8,30,True
58.000_-68.500,2022-07,11.89,189.6,31,True
58.000_-68.500,2022-08,12.27,179.7,31,True
58.000_-68.500,2022-09,8.89,273.3,30,True
58.000_-68.500,2022-10,3.08,462.5,31,True
58.000_-68.500,2022-11,-9.34,820.1,30,True
58.000_-68.500,2022-12,-11.72,921.4,31,True
58.500_-66.000,2016-01,-18.35,1127.0,31,True
58.500_-66.000,2016-02,-21.6,1148.4,29,True
58.500_-66.000,2016-03,-18.76,1139.6,31,True
58.500_-66.000,2016-04,-11.23,877.0,30,True
58.500_-66.000,2016-05,0.02,557.3,31,True
58.500_-66.000,2016-06,6.03,359.2,30,True
58.500_-66.000,2016-07,12.64,167.7,31,True
58.500_-66.000,2016-08,11.57,201.6,31,True
58.500_-66.000,2016-09,5.96,361.1,30,True
58.500_-66.000,2016-10,-1.51,604.9,31,True
58.500_-66.000,2016-11,-6.43,732.8,30,True
58.500_-66.000,2016-12,-19.92,1175.5,31,True
58.500_-66.000,2017-01,-18.24,1123.3,31,True
58.500_-66.000,2017-02,-22.47,1133.1,28,True
58.500_-66.000,2017-03,-16.68,1075.2,31,True
58.500_-66.000,2017-04,-8.15,784.4,30,True
58.500_-66.000,2017-05,1.37,515.6,31,True
58.500_-66.000,2017-06,6.95,331.6,30,True
58.500_-66.000,2017-07,11.46,203.6,31,True
58.500_-66.000,2017-08,10.91,219.9,31,True
58.500_-66.000,2017-09,6.38,348.6,30,True
58.500_-66.000,2017-10,1.77,503.1,31,True
58.500_-66.000,2017-11,-7.31,759.3,30,True
58.500_-66.000,2017-12,-13.86,987.7,31,True
58.500_-66.000,2018-01,-24.29,1310.9,31,True
58.500_-66.000,2018-02,-24.7,1195.7,28,True
58.500_-66.000,2018-03,-7.92,803.6,31,True
58.500_-66.000,2018-04,-10.99,869.8,30,True
58.500_-66.000,2018-05,-4.57,699.8,31,True
58.500_-66.000,2018-06,1.79,486.3,30,True
58.500_-66.000,2018-07,11.08,218.5,31,True
58.500_-66.000,2018-08,10.95,222.7,31,True
58.500_-66.000,2018-09,4.64,400.9,30,True
58.500_-66.000,2018-10,-4.02,682.5,31,True
58.500_-66.000,2018-11,-8.96,808.7,30,True
58.500_-66.000,2018-12,-15.96,1052.9,31,True
58.500_-66.000,2019-01,-23.44,1284.6,31,True
58.500_-66.000,2019-02,-20.87,1088.3,28,True
58.500_-66.000,2019-03,-16.44,1067.5,31,True
58.500_-66.000,2019-04,-7.35,760.4,30,True
58.500_-66.000,2019-05,3.78,440.9,31,True
58.500_-66.000,2019-06,9.81,245.7,30,True
58.500_-66.000,2019-07,12.53,170.7,31,True
58.500_-66.000,2019-08,12.72,164.3,31,True
58.500_-66.000,2019-09,6.95,331.4,30,True
58.500_-66.000,2019-10,3.07,462.9,31,True
58.500_-66.000,2019-11,-6.02,720.7,30,True
58.500_-66.000,2019-12,-13.84,986.9,31,True
58.500_-66.000,2020-01,-21.17,1214.2,31,True
58.500_-66.000,2020-02,-23.07,1191.0,29,True
58.500_-66.000,2020-03,-15.95,1052.5,31,True
58.500_-66.000,2020-04,-6.16,724.7,30,True
58.500_-66.000,2020-05,-0.62,577.1,31,True
58.500_-66.000,2020-06,6.56,343.1,30,True
58.500_-66.000,2020-07,13.69,144.1,31,True
58.500_-66.000,2020-08,13.88,141.8,31,True
58.500_-66.000,2020-09,7.05,328.4,30,True
58.500_-66.000,2020-10,-0.77,581.8,31,True
58.500_-66.000,2020-11,-8.22,786.6,30,True
58.500_-66.000,2020-12,-12.49,945.3,31,True
58.500_-66.000,2021-01,-13.9,988.8,31,True
58.500_-66.000,2021-02,-16.56,967.8,28,True
58.500_-66.000,2021-03,-14.56,1009.5,31,True
58.500_-66.000,2021-04,-2.15,604.5,30,True
58.500_-66.000,2021-05,2.73,473.5,31,True
58.500_-66.000,2021-06,7.26,322.1,30,True
58.500_-66.000,2021-07,12.78,175.5,31,True
58.500_-66.000,2021-08,12.35,181.9,31,True
58.500_-66.000,2021-09,7.86,304.1,30,True
58.500_-66.000,2021-10,3.52,449.0,31,True
58.500_-66.000,2021-11,-5.93,718.0,30,True
58.500_-66.000,2021-12,-12.69,951.5,31,True
58.500_-66.000,2022-01,-24.91,1330.2,31,True
58.500_-66.000,2022-02,-24.92,1201.9,28,True
58.500_-66.000,2022-03,-14.06,993.8,31,True
58.500_-66.000,2022-04,-5.19,695.8,30,True
58.500_-66.000,2022-05,0.92,529.5,31,True
58.500_-66.000,2022-06,10.5,226.0,30,True
58.500_-66.000,2022-07,12.38,175.9,31,True
58.500_-66.000,2022-08,12.34,178.0,31,True
58.500_-66.000,2022-09,8.97,270.9,30,True
58.500_-66.000,2022-10,2.98,465.5,31,True
58.500_-66.000,2022-11,-7.55,766.4,30,True
58.500_-66.000,2022-12,-9.51,852.9,31,True
58.500_-68.500,2016-01,-20.2,1184.3,31,True
58.500_-68.500,2016-02,-23.37,1199.6,29,True
58.500_-68.500,2016-03,-20.41,1190.7,31,True
58.500_-68.500,2016-04,-12.5,915.1,30,True
58.500_-68.500,2016-05,-0.21,564.4,31,True
58.500_-68.500,2016-06,5.4,378.1,30,True
58.500_-68.500,2016-07,10.95,219.2,31,True
58.500_-68.500,2016-08,11.34,206.4,31,True
58.500_-68.500,2016-09,5.84,364.7,30,True
58.500_-68.500,2016-10,-1.85,615.3,31,True
58.500_-68.500,2016-11,-6.94,748.2,30,True
58.500_-68.500,2016-12,-20.9,1206.0,31,True
58.500_-68.500,2017-01,-19.6,1165.7,31,True
58.500_-68.500,2017-02,-25.02,1204.5,28,True
58.500_-68.500,2017-03,-17.97,1115.1,31,True
58.500_-68.500,2017-04,-9.72,831.5,30,True
58.500_-68.500,2017-05,0.93,529.2,31,True
58.500_-68.500,2017-06,6.03,359.1,30,True
58.500_-68.500,2017-07,11.17,212.1,31,True
58.500_-68.500,2017-08,9.64,259.3,31,True
58.500_-68.500,2017-09,6.12,356.4,30,True
58.500_-68.500,2017-10,1.2,520.7,31,True
58.500_-68.500,2017-11,-8.88,806.5,30,True
58.500_-68.500,2017-12,-16.55,1071.2,31,True
58.500_-68.500,2018-01,-26.25,1371.7,31,True
58.500_-68.500,2018-02,-26.05,1233.4,28,True
58.500_-68.500,2018-03,-9.93,865.9,31,True
58.500_-68.500,2018-04,-12.0,899.9,30,True
58.500_-68.500,2018-05,-5.47,727.5,31,True
58.500_-68.500,2018-06,3.64,430.9,30,True
58.500_-68.500,2018-07,10.39,239.5,31,True
58.500_-68.500,2018-08,11.35,210.3,31,True
58.500_-68.500,2018-09,4.07,417.9,30,True
58.500_-68.500,2018-10,-2.82,645.4,31,True
58.500_-68.500,2018-11,-9.39,821.6,30,True
58.500_-68.500,2018-12,-17.5,1100.5,31,True
58.500_-68.500,2019-01,-24.73,1324.5,31,True
58.500_-68.500,2019-02,-22.22,1126.1,28,True
58.500_-68.500,2019-03,-18.13,1119.9,31,True
58.500_-68.500,2019-04,-8.3,789.1,30,True
58.500_-68.500,2019-05,3.51,449.2,31,True
58.500_-68.500,2019-06,7.84,304.8,30,True
58.500_-68.500,2019-07,10.7,226.6,31,True
58.500_-68.500,2019-08,11.23,211.8,31,True
58.500_-68.500,2019-09,6.64,340.8,30,True
58.500_-68.500,2019-10,2.47,481.3,31,True
58.500_-68.500,2019-11,-7.68,770.4,30,True
58.500_-68.500,2019-12,-15.28,1031.6,31,True
58.500_-68.500,2020-01,-22.31,1249.5,31,True
58.500_-68.500,2020-02,-23.92,1215.8,29,True
58.500_-68.500,2020-03,-17.01,1085.3,31,True
58.500_-68.500,2020-04,-8.41,792.3,30,True
58.500_-68.500,2020-05,-1.13,593.0,31,True
58.500_-68.500,2020-06,5.41,377.7,30,True
58.500_-68.500,2020-07,12.04,193.5,31,True
58.500_-68.500,2020-08,12.94,171.4,31,True
58.500_-68.500,2020-09,6.5,344.9,30,True
58.500_-68.500,2020-10,-0.54,574.6,31,True
58.500_-68.500,2020-11,-10.13,844.0,30,True
58.500_-68.500,2020-12,-15.3,1032.2,31,True
58.500_-68.500,2021-01,-15.33,1033.3,31,True
58.500_-68.500,2021-02,-18.16,1012.4,28,True
58.500_-68.500,2021-03,-17.19,1090.9,31,True
58.500_-68.500,2021-04,-4.69,680.8,30,True
58.500_-68.500,2021-05,2.39,483.8,31,True
58.500_-68.500,2021-06,5.99,360.2,30,True
58.500_-68.500,2021-07,11.6,205.7,31,True
58.500_-68.500,2021-08,11.98,190.7,31,True
58.500_-68.500,2021-09,6.29,351.4,30,True
58.500_-68.500,2021-10,3.08,462.5,31,True
58.500_-68.500,2021-11,-6.04,721.2,30,True
58.500_-68.500,2021-12,-15.07,1025.3,31,True
58.500_-68.500,2022-01,-26.22,1370.9,31,True
58.500_-68.500,2022-02,-26.25,1239.1,28,True
58.500_-68.500,2022-03,-15.39,1035.1,31,True
58.500_-68.500,2022-04,-7.94,778.1,30,True
58.500_-68.500,2022-05,0.55,540.8,31,True
58.500_-68.500,2022-06,8.94,272.5,30,True
58.500_-68.500,2022-07,10.24,240.9,31,True
58.500_-68.500,2022-08,11.55,202.8,31,True
58.500_-68.500,2022-09,8.47,285.9,30,True
58.500_-68.500,2022-10,2.47,481.5,31,True
58.500_-68.500,2022-11,-9.73,831.8,30,True
58.500_-68.500,2022-12,-12.0,930.1,31,True
58.500_-70.000,2016-01,-20.75,1201.2,31,True
58.500_-70.000,2016-02,-24.19,1223.6,29,True
58.500_-70.000,2016-03,-20.45,1191.8,31,True
58.500_-70.000,2016-04,-12.79,923.8,30,True
58.500_-70.000,2016-05,-0.17,563.2,31,True
58.500_-70.000,2016-06,5.99,360.3,30,True
58.500_-70.000,2016-07,12.43,172.7,31,True
58.500_-70.000,2016-08,12.06,184.0,31,True
58.500_-70.000,2016-09,6.01,359.6,30,True
58.500_-70.000,2016-10,-3.13,654.9,31,True
58.500_-70.000,2016-11,-8.24,787.1,30,True
58.500_-70.000,2016-12,-20.8,1202.9,31,True
58.500_-70.000,2017-01,-19.85,1173.4,31,True
58.500_-70.000,2017-02,-24.9,1201.2,28,True
58.500_-70.000,2017-03,-17.74,1107.8,31,True
58.500_-70.000,2017-04,-9.23,816.9,30,True
58.500_-70.000,2017-05,1.31,517.4,31,True
58.500_-70.000,2017-06,6.64,340.8,30,True
58.500_-70.000,2017-07,11.71,195.0,31,True
58.500_-70.000,2017-08,9.87,251.9,31,True
58.500_-70.000,2017-09,6.45,346.5,30,True
58.500_-70.000,2017-10,0.91,529.7,31,True
58.500_-70.000,2017-11,-9.32,819.6,30,True
58.500_-70.000,2017-12,-16.83,1079.7,31,True
58.500_-70.000,2018-01,-26.81,1389.2,31,True
58.500_-70.000,2018-02,-25.92,1229.7,28,True
58.500_-70.000,2018-03,-10.25,875.6,31,True
58.500_-70.000,2018-04,-11.53,886.0,30,True
58.500_-70.000,2018-05,-5.23,720.1,31,True
58.500_-70.000,2018-06,2.95,451.6,30,True
58.500_-70.000,2018-07,10.83,223.3,31,True
58.500_-70.000,2018-08,10.64,230.9,31,True
58.500_-70.000,2018-09,3.97,421.0,30,True
58.500_-70.000,2018-10,-3.15,655.8,31,True
58.500_-70.000,2018-11,-9.19,815.8,30,True
58.500_-70.000,2018-12,-17.84,1111.0,31,True
58.500_-70.000,2019-01,-24.8,1326.8,31,True
58.500_-70.000,2019-02,-21.9,1117.1,28,True
58.500_-70.000,2019-03,-17.77,1108.8,31,True
58.500_-70.000,2019-04,-7.67,770.0,30,True
58.500_-70.000,2019-05,3.18,459.5,31,True
58.500_-70.000,2019-06,7.94,302.0,30,True
58.500_-70.000,2019-07,11.97,187.8,31,True
58.500_-70.000,2019-08,11.22,210.8,31,True
58.500_-70.000,2019-09,6.64,340.7,30,True
58.500_-70.000,2019-10,2.29,487.1,31,True
58.500_-70.000,2019-11,-7.89,776.8,30,True
58.500_-70.000,2019-12,-15.21,1029.6,31,True
58.500_-70.000,2020-01,-22.31,1249.5,31,True
58.500_-70.000,2020-02,-23.78,1211.5,29,True
58.500_-70.000,2020-03,-17.14,1089.2,31,True
58.500_-70.000,2020-04,-8.6,798.1,30,True
58.500_-70.000,2020-05,-1.53,605.5,31,True
58.500_-70.000,2020-06,6.16,355.1,30,True
58.500_-70.000,2020-07,12.62,171.2,31,True
58.500_-70.000,2020-08,12.64,172.3,31,True
58.500_-70.000,2020-09,6.5,345.0,30,True
58.500_-70.000,2020-10,-0.5,573.4,31,True
58.500_-70.000,2020-11,-10.41,852.4,30,True
58.500_-70.000,2020-12,-15.54,1039.6,31,True
58.500_-70.000,2021-01,-16.35,1064.8,31,True
58.500_-70.000,2021-02,-17.91,1005.5,28,True
58.500_-70.000,2021-03,-17.27,1093.5,31,True
58.500_-70.000,2021-04,-4.88,686.3,30,True
58.500_-70.000,2021-05,1.85,500.5,31,True
58.500_-70.000,2021-06,5.86,364.2,30,True
58.500_-70.000,2021-07,11.87,193.8,31,True
58.500_-70.000,2021-08,11.76,196.3,31,True
58.500_-70.000,2021-09,6.1,357.0,30,True
58.500_-70.000,2021-10,3.43,451.7,31,True
58.500_-70.000,2021-11,-6.87,746.0,30,True
58.500_-70.000,2021-12,-15.16,1028.1,31,True
58.500_-70.000,2022-01,-25.84,1359.0,31,True
58.500_-70.000,2022-02,-26.19,1237.2,28,True
58.500_-70.000,2022-03,-15.28,1031.7,31,True
58.500_-70.000,2022-04,-8.04,781.2,30,True
58.500_-70.000,2022-05,0.19,552.2,31,True
58.500_-70.000,2022-06,9.58,253.0,30,True
58.500_-70.000,2022-07,10.6,229.5,31,True
58.500_-70.000,2022-08,11.53,201.6,31,True
58.500_-70.000,2022-09,8.08,297.7,30,True
58.500_-70.000,2022-10,2.4,483.7,31,True
58.500_-70.000,2022-11,-9.9,836.9,30,True
58.500_-70.000,2022-12,-12.14,934.3,31,True
58.500_-76.000,2016-01,-22.64,1259.7,31,True
58.500_-76.000,2016-02,-26.41,1287.8,29,True
58.500_-76.000,2016-03,-21.92,1237.6,31,True
58.500_-76.000,2016-04,-14.59,977.8,30,True
58.500_-76.000,2016-05,-1.74,611.8,31,True
58.500_-76.000,2016-06,6.13,356.0,30,True
58.500_-76.000,2016-07,12.66,165.6,31,True
58.500_-76.000,2016-08,11.2,214.0,31,True
58.500_-76.000,2016-09,6.25,352.4,30,True
58.500_-76.000,2016-10,-2.75,643.3,31,True
58.500_-76.000,2016-11,-8.13,783.9,30,True
58.500_-76.000,2016-12,-20.13,1181.9,31,True
58.500_-76.000,2017-01,-19.98,1177.4,31,True
58.500_-76.000,2017-02,-25.51,1218.3,28,True
58.500_-76.000,2017-03,-18.5,1131.4,31,True
58.500_-76.000,2017-04,-10.43,852.8,30,True
58.500_-76.000,2017-05,-1.17,594.4,31,True
58.500_-76.000,2017-06,8.48,285.6,30,True
58.500_-76.000,2017-07,10.42,235.1,31,True
58.500_-76.000,2017-08,10.4,235.5,31,True
58.500_-76.000,2017-09,6.94,331.9,30,True
58.500_-76.000,2017-10,0.63,538.4,31,True
58.500_-76.000,2017-11,-9.44,823.2,30,True
58.500_-76.000,2017-12,-17.89,1112.7,31,True
58.500_-76.000,2018-01,-28.59,1444.2,31,True
58.500_-76.000,2018-02,-26.95,1258.7,28,True
58.500_-76.000,2018-03,-13.98,991.5,31,True
58.500_-76.000,2018-04,-13.28,938.4,30,True
58.500_-76.000,2018-05,-6.18,749.6,31,True
58.500_-76.000,2018-06,1.69,489.3,30,True
58.500_-76.000,2018-07,10.37,236.5,31,True
58.500_-76.000,2018-08,8.36,298.7,31,True
58.500_-76.000,2018-09,3.68,429.5,30,True
58.500_-76.000,2018-10,-4.38,693.8,31,True
58.500_-76.000,2018-11,-10.83,865.0,30,True
58.500_-76.000,2018-12,-17.52,1101.2,31,True
58.500_-76.000,2019-01,-25.78,1357.3,31,True
58.500_-76.000,2019-02,-24.04,1177.2,28,True
58.500_-76.000,2019-03,-18.72,1138.2,31,True
58.500_-76.000,2019-04,-9.91,837.4,30,True
58.500_-76.000,2019-05,0.2,551.8,31,True
58.500_-76.000,2019-06,8.83,275.0,30,True
58.500_-76.000,2019-07,12.61,167.2,31,True
58.500_-76.000,2019-08,12.49,170.8,31,True
58.500_-76.000,2019-09,6.72,338.4,30,True
58.500_-76.000,2019-10,3.15,460.2,31,True
58.500_-76.000,2019-11,-5.89,716.7,30,True
58.500_-76.000,2019-12,-15.57,1040.8,31,True
58.500_-76.000,2020-01,-22.62,1259.3,31,True
58.500_-76.000,2020-02,-24.84,1242.3,29,True
58.500_-76.000,2020-03,-19.76,1170.6,31,True
58.500_-76.000,2020-04,-10.81,864.4,30,True
58.500_-76.000,2020-05,-2.24,627.3,31,True
58.500_-76.000,2020-06,7.36,319.7,30,True
58.500_-76.000,2020-07,14.53,111.6,31,True
58.500_-76.000,2020-08,13.22,149.1,31,True
58.500_-76.000,2020-09,6.36,349.2,30,True
58.500_-76.000,2020-10,-0.74,581.0,31,True
58.500_-76.000,2020-11,-8.99,809.7,30,True
58.500_-76.000,2020-12,-15.55,1039.9,31,True
58.500_-76.000,2021-01,-18.93,1144.7,31,True
58.500_-76.000,2021-02,-20.28,1071.7,28,True
58.500_-76.000,2021-03,-19.53,1163.3,31,True
58.500_-76.000,2021-04,-7.38,761.4,30,True
58.500_-76.000,2021-05,-1.05,590.5,31,True
58.500_-76.000,2021-06,4.36,409.3,30,True
58.500_-76.000,2021-07,10.5,232.6,31,True
58.500_-76.000,2021-08,10.01,247.6,31,True
58.500_-76.000,2021-09,7.72,308.5,30,True
58.500_-76.000,2021-10,5.07,400.9,31,True
58.500_-76.000,2021-11,-4.92,687.5,30,True
58.500_-76.000,2021-12,-14.89,1019.5,31,True
58.500_-76.000,2022-01,-26.01,1364.4,31,True
58.500_-76.000,2022-02,-27.89,1285.0,28,True
58.500_-76.000,2022-03,-17.03,1085.9,31,True
58.500_-76.000,2022-04,-10.52,855.6,30,True
58.500_-76.000,2022-05,-1.09,591.9,31,True
58.500_-76.000,2022-06,10.43,228.9,30,True
58.500_-76.000,2022-07,11.84,190.9,31,True
58.500_-76.000,2022-08,11.02,216.3,31,True
58.500_-76.000,2022-09,7.66,310.3,30,True
58.500_-76.000,2022-10,2.31,486.5,31,True
58.500_-76.000,2022-11,-8.59,797.8,30,True
58.500_-76.000,2022-12,-13.22,967.9,31,True
58.500_-78.000,2016-01,-20.76,1201.7,31,True
58.500_-78.000,2016-02,-25.28,1255.1,29,True
58.500_-78.000,2016-03,-20.3,1187.4,31,True
58.500_-78.000,2016-04,-13.79,953.6,30,True
58.500_-78.000,2016-05,-1.77,613.0,31,True
58.500_-78.000,2016-06,5.91,362.6,30,True
58.500_-78.000,2016-07,11.05,215.6,31,True
58.500_-78.000,2016-08,10.35,237.2,31,True
58.500_-78.000,2016-09,6.67,339.9,30,True
58.500_-78.000,2016-10,-1.06,590.8,31,True
58.500_-78.000,2016-11,-4.92,687.6,30,True
58.500_-78.000,2016-12,-15.48,1037.8,31,True
58.500_-78.000,2017-01,-18.91,1144.3,31,True
58.500_-78.000,2017-02,-24.14,1180.0,28,True
58.500_-78.000,2017-03,-17.4,1097.4,31,True
58.500_-78.000,2017-04,-10.28,848.5,30,True
58.500_-78.000,2017-05,0.06,556.1,31,True
58.500_-78.000,2017-06,8.95,271.6,30,True
58.500_-78.000,2017-07,9.55,262.0,31,True
58.500_-78.000,2017-08,9.66,258.4,31,True
58.500_-78.000,2017-09,7.05,328.5,30,True
58.500_-78.000,2017-10,1.08,524.5,31,True
58.500_-78.000,2017-11,-7.84,775.3,30,True
58.500_-78.000,2017-12,-16.21,1060.4,31,True
58.500_-78.000,2018-01,-28.39,1438.0,31,True
58.500_-78.000,2018-02,-25.74,1224.7,28,True
58.500_-78.000,2018-03,-14.94,1021.2,31,True
58.500_-78.000,2018-04,-13.24,937.2,30,True
58.500_-78.000,2018-05,-5.89,740.7,31,True
58.500_-78.000,2018-06,2.13,476.0,30,True
58.500_-78.000,2018-07,9.45,265.0,31,True
58.500_-78.000,2018-08,7.42,328.0,31,True
58.500_-78.000,2018-09,3.89,423.3,30,True
58.500_-78.000,2018-10,-3.84,677.1,31,True
58.500_-78.000,2018-11,-8.93,807.8,30,True
58.500_-78.000,2018-12,-15.25,1030.8,31,True
58.500_-78.000,2019-01,-25.4,1345.5,31,True
58.500_-78.000,2019-02,-23.71,1167.9,28,True
58.500_-78.000,2019-03,-18.29,1125.0,31,True
58.500_-78.000,2019-04,-10.56,856.9,30,True
58.500_-78.000,2019-05,-0.11,561.5,31,True
58.500_-78.000,2019-06,8.79,276.4,30,True
58.500_-78.000,2019-07,11.34,206.5,31,True
58.500_-78.000,2019-08,11.95,187.5,31,True
58.500_-78.000,2019-09,6.4,348.0,30,True
58.500_-78.000,2019-10,3.19,459.0,31,True
58.500_-78.000,2019-11,-5.89,716.8,30,True
58.500_-78.000,2019-12,-13.95,990.4,31,True
58.500_-78.000,2020-01,-21.73,1231.6,31,True
58.500_-78.000,2020-02,-24.38,1229.0,29,True
58.500_-78.000,2020-03,-19.32,1156.9,31,True
58.500_-78.000,2020-04,-10.53,855.8,30,True
58.500_-78.000,2020-05,-2.03,620.8,31,True
58.500_-78.000,2020-06,8.12,297.7,30,True
58.500_-78.000,2020-07,14.41,121.4,31,True
58.500_-78.000,2020-08,12.47,171.3,31,True
58.500_-78.000,2020-09,6.63,341.0,30,True
58.500_-78.000,2020-10,-0.21,564.6,31,True
58.500_-78.000,2020-11,-7.14,754.1,30,True
58.500_-78.000,2020-12,-13.75,984.3,31,True
58.500_-78.000,2021-01,-19.79,1171.5,31,True
58.500_-78.000,2021-02,-20.41,1075.4,28,True
58.500_-78.000,2021-03,-19.35,1157.9,31,True
58.500_-78.000,2021-04,-7.1,753.0,30,True
58.500_-78.000,2021-05,-0.61,576.8,31,True
58.500_-78.000,2021-06,3.5,434.9,30,True
58.500_-78.000,2021-07,9.04,277.7,31,True
58.500_-78.000,2021-08,9.41,266.2,31,True
58.500_-78.000,2021-09,7.83,305.2,30,True
58.500_-78.000,2021-10,5.31,393.3,31,True
58.500_-78.000,2021-11,-4.69,680.8,30,True
58.500_-78.000,2021-12,-12.3,939.4,31,True
58.500_-78.000,2022-01,-25.64,1352.9,31,True
58.500_-78.000,2022-02,-27.4,1271.1,28,True
58.500_-78.000,2022-03,-17.44,1098.6,31,True
58.500_-78.000,2022-04,-10.32,849.7,30,True
58.500_-78.000,2022-05,-0.83,583.7,31,True
58.500_-78.000,2022-06,10.97,211.0,30,True
58.500_-78.000,2022-07,11.37,205.4,31,True
58.500_-78.000,2022-08,10.18,242.3,31,True
58.500_-78.000,2022-09,7.23,323.0,30,True
58.500_-78.000,2022-10,2.64,476.3,31,True
58.500_-78.000,2022-11,-7.39,761.8,30,True
58.500_-78.000,2022-12,-11.0,899.1,31,True
59.500_-69.500,2016-01,-19.06,1149.0,31,True
59.500_-69.500,2016-02,-23.03,1189.9,29,True
59.500_-69.500,2016-03,-19.82,1172.3,31,True
59.500_-69.500,2016-04,-12.3,909.0,30,True
59.500_-69.500,2016-05,-0.43,571.2,31,True
59.500_-69.500,2016-06,4.52,404.4,30,True
59.500_-69.500,2016-07,7.85,314.6,31,True
59.500_-69.500,2016-08,9.86,252.4,31,True
59.500_-69.500,2016-09,5.75,367.4,30,True
59.500_-69.500,2016-10,-1.46,603.4,31,True
59.500_-69.500,2016-11,-6.02,720.7,30,True
59.500_-69.500,2016-12,-17.77,1108.9,31,True
59.500_-69.500,2017-01,-19.37,1158.6,31,True
59.500_-69.500,2017-02,-24.17,1180.7,28,True
59.500_-69.500,2017-03,-17.83,1110.8,31,True
59.500_-69.500,2017-04,-10.57,857.2,30,True
59.500_-69.500,2017-05,-1.28,597.6,31,True
59.500_-69.500,2017-06,4.31,410.8,30,True
59.500_-69.500,2017-07,9.73,256.5,31,True
59.500_-69.500,2017-08,8.57,292.3,31,True
59.500_-69.500,2017-09,5.82,365.5,30,True
59.500_-69.500,2017-10,1.14,522.6,31,True
59.500_-69.500,2017-11,-8.63,798.9,30,True
59.500_-69.500,2017-12,-15.42,1035.9,31,True
59.500_-69.500,2018-01,-25.72,1355.4,31,True
59.500_-69.500,2018-02,-25.82,1226.9,28,True
59.500_-69.500,2018-03,-10.98,898.5,31,True
59.500_-69.500,2018-04,-11.97,899.0,30,True
59.500_-69.500,2018-05,-5.37,724.6,31,True
59.500_-69.500,2018-06,2.37,468.8,30,True
59.500_-69.500,2018-07,8.83,284.3,31,True
59.500_-69.500,2018-08,10.11,245.9,31,True
59.500_-69.500,2018-09,3.78,426.5,30,True
59.500_-69.500,2018-10,-2.82,645.5,31,True
59.500_-69.500,2018-11,-8.47,794.2,30,True
59.500_-69.500,2018-12,-16.23,1061.1,31,True
59.500_-69.500,2019-01,-23.2,1277.2,31,True
59.500_-69.500,2019-02,-20.87,1088.3,28,True
59.500_-69.500,2019-03,-17.99,1115.8,31,True
59.500_-69.500,2019-04,-7.9,776.9,30,True
59.500_-69.500,2019-05,1.3,517.8,31,True
59.500_-69.500,2019-06,4.41,407.7,30,True
59.500_-69.500,2019-07,8.41,297.3,31,True
59.500_-69.500,2019-08,8.1,307.5,31,True
59.500_-69.500,2019-09,6.45,346.4,30,True
59.500_-69.500,2019-10,2.34,485.4,31,True
59.500_-69.500,2019-11,-6.71,741.2,30,True
59.500_-69.500,2019-12,-13.73,983.5,31,True
59.500_-69.500,2020-01,-21.48,1223.9,31,True
59.500_-69.500,2020-02,-22.73,1181.1,29,True
59.500_-69.500,2020-03,-16.71,1076.0,31,True
59.500_-69.500,2020-04,-8.77,803.1,30,True
59.500_-69.500,2020-05,-1.57,606.7,31,True
59.500_-69.500,2020-06,3.48,435.5,30,True
59.500_-69.500,2020-07,10.43,237.0,31,True
59.500_-69.500,2020-08,11.11,219.2,31,True
59.500_-69.500,2020-09,5.64,370.7,30,True
59.500_-69.500,2020-10,-0.19,563.8,31,True
59.500_-69.500,2020-11,-9.41,822.3,30,True
59.500_-69.500,2020-12,-15.11,1026.4,31,True
59.500_-69.500,2021-01,-15.07,1025.2,31,True
59.500_-69.500,2021-02,-17.11,983.1,28,True
59.500_-69.500,2021-03,-17.91,1113.1,31,True
59.500_-69.500,2021-04,-5.66,709.8,30,True
59.500_-69.500,2021-05,0.01,557.6,31,True
59.500_-69.500,2021-06,4.24,412.9,30,True
59.500_-69.500,2021-07,10.21,245.2,31,True
59.500_-69.500,2021-08,10.67,229.7,31,True
59.500_-69.500,2021-09,5.4,377.9,30,True
59.500_-69.500,2021-10,2.98,465.7,31,True
59.500_-69.500,2021-11,-5.4,702.0,30,True
59.500_-69.500,2021-12,-13.48,975.9,31,True
59.500_-69.500,2022-01,-25.23,1340.1,31,True
59.500_-69.500,2022-02,-25.58,1220.1,28,True
59.500_-69.500,2022-03,-15.76,1046.7,31,True
59.500_-69.500,2022-04,-9.06,811.7,30,True
59.500_-69.500,2022-05,-1.03,590.0,31,True
59.500_-69.500,2022-06,6.57,343.0,30,True
59.500_-69.500,2022-07,7.63,321.5,31,True
59.500_-69.500,2022-08,10.48,235.4,31,True
59.500_-69.500,2022-09,7.9,303.0,30,True
59.500_-69.500,2022-10,2.2,489.7,31,True
59.500_-69.500,2022-11,-8.88,806.5,30,True
59.500_-69.500,2022-12,-10.87,894.9,31,True
59.500_-70.000,2016-01,-21.2,1215.1,31,True
59.500_-70.000,2016-02,-24.83,1242.1,29,True
59.500_-70.000,2016-03,-21.46,1223.4,31,True
59.500_-70.000,2016-04,-13.18,935.3,30,True
59.500_-70.000,2016-05,-1.66,609.6,31,True
59.500_-70.000,2016-06,4.13,416.0,30,True
59.500_-70.000,2016-07,9.16,273.9,31,True
59.500_-70.000,2016-08,10.63,228.6,31,True
59.500_-70.000,2016-09,5.13,386.1,30,True
59.500_-70.000,2016-10,-3.21,657.4,31,True
59.500_-70.000,2016-11,-8.84,805.2,30,True
59.500_-70.000,2016-12,-20.52,1194.1,31,True
59.500_-70.000,2017-01,-20.76,1201.7,31,True
59.500_-70.000,2017-02,-25.45,1216.7,28,True
59.500_-70.000,2017-03,-19.2,1153.1,31,True
59.500_-70.000,2017-04,-11.7,891.0,30,True
59.500_-70.000,2017-05,-1.92,617.6,31,True
59.500_-70.000,2017-06,5.29,381.3,30,True
59.500_-70.000,2017-07,10.73,225.3,31,True
59.500_-70.000,2017-08,9.02,278.5,31,True
59.500_-70.000,2017-09,5.07,388.0,30,True
59.500_-70.000,2017-10,-0.23,565.1,31,True
59.500_-70.000,2017-11,-10.34,850.3,30,True
59.500_-70.000,2017-12,-17.04,1086.2,31,True
59.500_-70.000,2018-01,-27.38,1406.8,31,True
59.500_-70.000,2018-02,-27.81,1282.7,28,True
59.500_-70.000,2018-03,-12.43,943.2,31,True
59.500_-70.000,2018-04,-13.29,938.6,30,True
59.500_-70.000,2018-05,-6.68,765.0,31,True
59.500_-70.000,2018-06,1.35,499.5,30,True
59.500_-70.000,2018-07,9.66,259.9,31,True
59.500_-70.000,2018-08,9.79,256.4,31,True
59.500_-70.000,2018-09,2.74,457.8,30,True
59.500_-70.000,2018-10,-4.72,704.2,31,True
59.500_-70.000,2018-11,-10.62,858.7,30,True
59.500_-70.000,2018-12,-18.29,1124.9,31,True
59.500_-70.000,2019-01,-25.5,1348.4,31,True
59.500_-70.000,2019-02,-22.72,1140.2,28,True
59.500_-70.000,2019-03,-19.63,1166.4,31,True
59.500_-70.000,2019-04,-9.31,819.2,30,True
59.500_-70.000,2019-05,0.92,529.4,31,True
59.500_-70.000,2019-06,5.98,360.7,30,True
59.500_-70.000,2019-07,10.28,239.3,31,True
59.500_-70.000,2019-08,8.71,288.1,31,True
59.500_-70.000,2019-09,5.74,367.7,30,True
59.500_-70.000,2019-10,1.24,519.5,31,True
59.500_-70.000,2019-11,-8.52,795.5,30,True
59.500_-70.000,2019-12,-15.67,1043.7,31,True
59.500_-70.000,2020-01,-23.91,1299.3,31,True
59.500_-70.000,2020-02,-24.99,1246.7,29,True
59.500_-70.000,2020-03,-18.45,1130.0,31,True
59.500_-70.000,2020-04,-10.03,841.0,30,True
59.500_-70.000,2020-05,-2.54,636.7,31,True
59.500_-70.000,2020-06,4.37,409.0,30,True
59.500_-70.000,2020-07,12.04,187.1,31,True
59.500_-70.000,2020-08,11.91,192.6,31,True
59.500_-70.000,2020-09,4.82,395.5,30,True
59.500_-70.000,2020-10,-1.57,606.6,31,True
59.500_-70.000,2020-11,-11.41,882.2,30,True
59.500_-70.000,2020-12,-17.02,1085.6,31,True
59.500_-70.000,2021-01,-17.18,1090.5,31,True
59.500_-70.000,2021-02,-18.67,1026.7,28,True
59.500_-70.000,2021-03,-19.83,1172.7,31,True
59.500_-70.000,2021-04,-6.62,738.7,30,True
59.500_-70.000,2021-05,-1.05,590.7,31,True
59.500_-70.000,2021-06,4.03,419.0,30,True
59.500_-70.000,2021-07,10.88,223.6,31,True
59.500_-70.000,2021-08,10.45,236.3,31,True
59.500_-70.000,2021-09,4.76,397.2,30,True
59.500_-70.000,2021-10,2.09,493.1,31,True
59.500_-70.000,2021-11,-7.57,767.1,30,True
59.500_-70.000,2021-12,-15.34,1033.6,31,True
59.500_-70.000,2022-01,-27.36,1406.3,31,True
59.500_-70.000,2022-02,-27.96,1287.0,28,True
59.500_-70.000,2022-03,-17.46,1099.4,31,True
59.500_-70.000,2022-04,-10.42,852.7,30,True
59.500_-70.000,2022-05,-1.88,616.2,31,True
59.500_-70.000,2022-06,7.34,319.8,30,True
59.500_-70.000,2022-07,9.25,271.3,31,True
59.500_-70.000,2022-08,10.37,237.3,31,True
59.500_-70.000,2022-09,7.14,325.8,30,True
59.500_-70.000,2022-10,0.85,531.5,31,True
59.500_-70.000,2022-11,-10.97,869.0,30,True
59.500_-70.000,2022-12,-12.43,943.4,31,True
60.000_-70.000,2016-01,-21.25,1216.9,31,True
60.000_-70.000,2016-02,-24.7,1238.4,29,True
60.000_-70.000,2016-03,-21.17,1214.2,31,True
60.000_-70.000,2016-04,-12.34,910.3,30,True
60.000_-70.000,2016-05,-1.17,594.2,31,True
60.000_-70.000,2016-06,4.82,395.4,30,True
60.000_-70.000,2016-07,9.17,273.6,31,True
60.000_-70.000,2016-08,10.92,219.6,31,True
60.000_-70.000,2016-09,5.43,377.1,30,True
60.000_-70.000,2016-10,-2.4,632.5,31,True
60.000_-70.000,2016-11,-8.79,803.7,30,True
60.000_-70.000,2016-12,-20.17,1183.2,31,True
60.000_-70.000,2017-01,-20.73,1200.7,31,True
60.000_-70.000,2017-02,-25.44,1216.4,28,True
60.000_-70.000,2017-03,-19.11,1150.4,31,True
60.000_-70.000,2017-04,-11.71,891.4,30,True
60.000_-70.000,2017-05,-1.64,608.9,31,True
60.000_-70.000,2017-06,5.13,386.1,30,True
60.000_-70.000,2017-07,10.25,240.3,31,True
60.000_-70.000,2017-08,8.53,293.6,31,True
60.000_-70.000,2017-09,5.25,382.5,30,True
60.000_-70.000,2017-10,0.2,551.7,31,True
60.000_-70.000,2017-11,-10.14,844.1,30,True
60.000_-70.000,2017-12,-16.75,1077.4,31,True
60.000_-70.000,2018-01,-27.07,1397.2,31,True
60.000_-70.000,2018-02,-27.94,1286.3,28,True
60.000_-70.000,2018-03,-12.6,948.5,31,True
60.000_-70.000,2018-04,-12.92,927.5,30,True
60.000_-70.000,2018-05,-6.06,746.0,31,True
60.000_-70.000,2018-06,1.72,488.3,30,True
60.000_-70.000,2018-07,9.39,267.4,31,True
60.000_-70.000,2018-08,9.57,262.6,31,True
60.000_-70.000,2018-09,3.06,448.1,30,True
60.000_-70.000,2018-10,-4.13,686.0,31,True
60.000_-70.000,2018-11,-9.92,837.6,30,True
60.000_-70.000,2018-12,-18.14,1120.4,31,True
60.000_-70.000,2019-01,-25.33,1343.3,31,True
60.000_-70.000,2019-02,-22.5,1134.0,28,True
60.000_-70.000,2019-03,-19.3,1156.3,31,True
60.000_-70.000,2019-04,-9.03,811.0,30,True
60.000_-70.000,2019-05,0.84,532.0,31,True
60.000_-70.000,2019-06,5.43,377.1,30,True
60.000_-70.000,2019-07,9.5,263.5,31,True
60.000_-70.000,2019-08,8.12,306.4,31,True
60.000_-70.000,2019-09,6.07,358.0,30,True
60.000_-70.000,2019-10,1.6,508.5,31,True
60.000_-70.000,2019-11,-8.22,786.7,30,True
60.000_-70.000,2019-12,-15.2,1029.1,31,True
60.000_-70.000,2020-01,-23.99,1301.7,31,True
60.000_-70.000,2020-02,-24.9,1244.2,29,True
60.000_-70.000,2020-03,-18.09,1118.7,31,True
60.000_-70.000,2020-04,-9.76,832.9,30,True
60.000_-70.000,2020-05,-2.07,622.1,31,True
60.000_-70.000,2020-06,3.81,425.6,30,True
60.000_-70.000,2020-07,11.32,208.1,31,True
60.000_-70.000,2020-08,11.17,215.4,31,True
60.000_-70.000,2020-09,4.81,395.6,30,True
60.000_-70.000,2020-10,-1.35,599.8,31,True
60.000_-70.000,2020-11,-11.05,871.4,30,True
60.000_-70.000,2020-12,-16.61,1073.0,31,True
60.000_-70.000,2021-01,-17.29,1094.0,31,True
60.000_-70.000,2021-02,-18.38,1018.5,28,True
60.000_-70.000,2021-03,-19.76,1170.5,31,True
60.000_-70.000,2021-04,-6.43,732.8,30,True
60.000_-70.000,2021-05,-0.94,587.1,31,True
60.000_-70.000,2021-06,4.02,419.4,30,True
60.000_-70.000,2021-07,10.6,232.6,31,True
60.000_-70.000,2021-08,10.23,242.9,31,True
60.000_-70.000,2021-09,4.72,398.3,30,True
60.000_-70.000,2021-10,2.1,492.8,31,True
60.000_-70.000,2021-11,-6.95,748.4,30,True
60.000_-70.000,2021-12,-15.33,1033.2,31,True
60.000_-70.000,2022-01,-27.69,1416.5,31,True
60.000_-70.000,2022-02,-27.87,1284.4,28,True
60.000_-70.000,2022-03,-17.24,1092.4,31,True
60.000_-70.000,2022-04,-10.14,844.1,30,True
60.000_-70.000,2022-05,-1.79,613.6,31,True
60.000_-70.000,2022-06,6.91,332.8,30,True
60.000_-70.000,2022-07,8.57,292.2,31,True
60.000_-70.000,2022-08,10.3,239.1,31,True
60.000_-70.000,2022-09,7.21,323.7,30,True
60.000_-70.000,2022-10,0.99,527.3,31,True
60.000_-70.000,2022-11,-10.86,865.8,30,True
60.000_-70.000,2022-12,-11.56,916.5,31,True
60.000_-77.500,2016-01,-22.93,1268.8,31,True
60.000_-77.500,2016-02,-26.41,1287.8,29,True
60.000_-77.500,2016-03,-22.18,1245.6,31,True
60.000_-77.500,2016-04,-14.5,974.9,30,True
60.000_-77.500,2016-05,-2.3,629.4,31,True
60.000_-77.500,2016-06,5.0,389.9,30,True
60.000_-77.500,2016-07,12.17,181.8,31,True
60.000_-77.500,2016-08,11.91,196.2,31,True
60.000_-77.500,2016-09,6.56,343.3,30,True
60.000_-77.500,2016-10,-1.57,606.7,31,True
60.000_-77.500,2016-11,-7.2,756.1,30,True
60.000_-77.500,2016-12,-18.37,1127.6,31,True
60.000_-77.500,2017-01,-19.68,1168.0,31,True
60.000_-77.500,2017-02,-24.8,1198.3,28,True
60.000_-77.500,2017-03,-17.8,1109.9,31,True
60.000_-77.500,2017-04,-11.09,872.8,30,True
60.000_-77.500,2017-05,-1.03,589.9,31,True
60.000_-77.500,2017-06,7.39,318.4,30,True
60.000_-77.500,2017-07,9.37,267.5,31,True
60.000_-77.500,2017-08,10.31,238.4,31,True
60.000_-77.500,2017-09,7.35,319.4,30,True
60.000_-77.500,2017-10,0.41,545.3,31,True
60.000_-77.500,2017-11,-7.17,755.1,30,True
60.000_-77.500,2017-12,-16.79,1078.4,31,True
60.000_-77.500,2018-01,-28.98,1456.4,31,True
60.000_-77.500,2018-02,-26.34,1241.5,28,True
60.000_-77.500,2018-03,-15.21,1029.5,31,True
60.000_-77.500,2018-04,-13.66,949.8,30,True
60.000_-77.500,2018-05,-6.04,745.2,31,True
60.000_-77.500,2018-06,1.67,490.0,30,True
60.000_-77.500,2018-07,7.35,330.3,31,True
60.000_-77.500,2018-08,7.05,339.4,31,True
60.000_-77.500,2018-09,3.54,433.9,30,True
60.000_-77.500,2018-10,-3.73,673.5,31,True
60.000_-77.500,2018-11,-9.61,828.4,30,True
60.000_-77.500,2018-12,-15.7,1044.7,31,True
60.000_-77.500,2019-01,-26.19,1369.9,31,True
60.000_-77.500,2019-02,-23.53,1162.8,28,True
60.000_-77.500,2019-03,-18.7,1137.6,31,True
60.000_-77.500,2019-04,-10.99,869.8,30,True
60.000_-77.500,2019-05,-0.44,571.5,31,True
60.000_-77.500,2019-06,8.38,288.5,30,True
60.000_-77.500,2019-07,12.11,182.5,31,True
60.000_-77.500,2019-08,12.36,174.9,31,True
60.000_-77.500,2019-09,7.2,324.1,30,True
60.000_-77.500,2019-10,2.75,472.7,31,True
60.000_-77.500,2019-11,-5.98,719.4,30,True
60.000_-77.500,2019-12,-14.83,1017.6,31,True
60.000_-77.500,2020-01,-23.38,1282.8,31,True
60.000_-77.500,2020-02,-25.43,1259.6,29,True
60.000_-77.500,2020-03,-20.74,1201.0,31,True
60.000_-77.500,2020-04,-10.8,864.1,30,True
60.000_-77.500,2020-05,-2.41,632.7,31,True
60.000_-77.500,2020-06,6.1,356.9,30,True
60.000_-77.500,2020-07,13.05,158.2,31,True
60.000_-77.500,2020-08,12.22,179.1,31,True
60.000_-77.500,2020-09,6.31,350.8,30,True
60.000_-77.500,2020-10,-0.42,571.1,31,True
60.000_-77.500,2020-11,-8.06,781.9,30,True
60.000_-77.500,2020-12,-14.17,997.4,31,True
60.000_-77.500,2021-01,-20.61,1196.8,31,True
60.000_-77.500,2021-02,-19.61,1053.0,28,True
60.000_-77.500,2021-03,-20.28,1186.6,31,True
60.000_-77.500,2021-04,-7.79,773.6,30,True
60.000_-77.500,2021-05,-1.54,605.6,31,True
60.000_-77.500,2021-06,2.33,470.1,30,True
60.000_-77.500,2021-07,7.86,314.3,31,True
60.000_-77.500,2021-08,9.33,268.9,31,True
60.000_-77.500,2021-09,7.59,312.2,30,True
60.000_-77.500,2021-10,4.64,414.1,31,True
60.000_-77.500,2021-11,-5.44,703.2,30,True
60.000_-77.500,2021-12,-13.17,966.2,31,True
60.000_-77.500,2022-01,-26.47,1378.6,31,True
60.000_-77.500,2022-02,-27.41,1271.5,28,True
60.000_-77.500,2022-03,-17.52,1101.0,31,True
60.000_-77.500,2022-04,-10.77,863.2,30,True
60.000_-77.500,2022-05,-1.49,604.2,31,True
60.000_-77.500,2022-06,8.58,282.6,30,True
60.000_-77.500,2022-07,12.12,182.8,31,True
60.000_-77.500,2022-08,10.52,231.9,31,True
60.000_-77.500,2022-09,7.45,316.5,30,True
60.000_-77.500,2022-10,1.75,503.6,31,True
60.000_-77.500,2022-11,-8.02,780.5,30,True
60.000_-77.500,2022-12,-12.04,931.2,31,True
61.000_-69.500,2016-01,-18.29,1125.0,31,True
61.000_-69.500,2016-02,-22.05,1161.5,29,True
61.000_-69.500,2016-03,-19.62,1166.3,31,True
61.000_-69.500,2016-04,-11.1,873.1,30,True
61.000_-69.500,2016-05,-2.49,635.3,31,True
61.000_-69.500,2016-06,1.16,505.3,30,True
61.000_-69.500,2016-07,4.56,416.6,31,True
61.000_-69.500,2016-08,6.06,370.2,31,True
61.000_-69.500,2016-09,3.69,429.3,30,True
61.000_-69.500,2016-10,-1.85,615.4,31,True
61.000_-69.500,2016-11,-5.17,695.1,30,True
61.000_-69.500,2016-12,-13.97,991.0,31,True
61.000_-69.500,2017-01,-18.14,1120.3,31,True
61.000_-69.500,2017-02,-22.75,1141.0,28,True
61.000_-69.500,2017-03,-17.1,1088.1,31,True
61.000_-69.500,2017-04,-11.41,882.3,30,True
61.000_-69.500,2017-05,-2.25,627.7,31,True
61.000_-69.500,2017-06,2.77,456.8,30,True
61.000_-69.500,2017-07,7.01,340.7,31,True
61.000_-69.500,2017-08,6.79,347.5,31,True
61.000_-69.500,2017-09,4.65,400.6,30,True
61.000_-69.500,2017-10,0.55,541.1,31,True
61.000_-69.500,2017-11,-6.79,743.8,30,True
61.000_-69.500,2017-12,-12.17,935.2,31,True
61.000_-69.500,2018-01,-23.3,1280.4,31,True
61.000_-69.500,2018-02,-25.18,1209.0,28,True
61.000_-69.500,2018-03,-12.78,954.3,31,True
61.000_-69.500,2018-04,-11.37,881.1,30,True
61.000_-69.500,2018-05,-5.59,731.2,31,True
61.000_-69.500,2018-06,0.69,519.3,30,True
61.000_-69.500,2018-07,6.35,361.0,31,True
61.000_-69.500,2018-08,7.15,336.3,31,True
61.000_-69.500,2018-09,2.55,463.5,30,True
61.000_-69.500,2018-10,-2.22,626.9,31,True
61.000_-69.500,2018-11,-6.73,741.8,30,True
61.000_-69.500,2018-12,-13.21,967.6,31,True
61.000_-69.500,2019-01,-21.11,1212.5,31,True
61.000_-69.500,2019-02,-20.81,1086.6,28,True
61.000_-69.500,2019-03,-17.78,1109.1,31,True
61.000_-69.500,2019-04,-8.48,794.4,30,True
61.000_-69.500,2019-05,-0.13,562.0,31,True
61.000_-69.500,2019-06,3.11,446.6,30,True
61.000_-69.500,2019-07,6.53,355.7,31,True
61.000_-69.500,2019-08,6.34,361.6,31,True
61.000_-69.500,2019-09,5.47,375.8,30,True
61.000_-69.500,2019-10,1.81,502.0,31,True
61.000_-69.500,2019-11,-4.35,670.6,30,True
61.000_-69.500,2019-12,-10.33,878.2,31,True
61.000_-69.500,2020-01,-20.55,1195.1,31,True
61.000_-69.500,2020-02,-22.89,1185.7,29,True
61.000_-69.500,2020-03,-16.72,1076.3,31,True
61.000_-69.500,2020-04,-9.25,817.6,30,True
61.000_-69.500,2020-05,-2.22,626.7,31,True
61.000_-69.500,2020-06,1.85,484.4,30,True
61.000_-69.500,2020-07,7.65,320.9,31,True
61.000_-69.500,2020-08,9.08,276.9,31,True
61.000_-69.500,2020-09,4.19,414.2,30,True
61.000_-69.500,2020-10,-0.92,586.5,31,True
61.000_-69.500,2020-11,-6.65,739.4,30,True
61.000_-69.500,2020-12,-11.9,927.0,31,True
61.000_-69.500,2021-01,-14.14,996.4,31,True
61.000_-69.500,2021-02,-15.68,943.1,28,True
61.000_-69.500,2021-03,-17.57,1102.6,31,True
61.000_-69.500,2021-04,-6.05,721.6,30,True
61.000_-69.500,2021-05,-1.3,598.2,31,True
61.000_-69.500,2021-06,1.98,480.6,30,True
61.000_-69.500,2021-07,7.91,312.9,31,True
61.000_-69.500,2021-08,8.14,305.7,31,True
61.000_-69.500,2021-09,3.89,423.4,30,True
61.000_-69.500,2021-10,2.15,491.2,31,True
61.000_-69.500,2021-11,-4.35,670.5,30,True
61.000_-69.500,2021-12,-10.64,887.7,31,True
61.000_-69.500,2022-01,-23.37,1282.4,31,True
61.000_-69.500,2022-02,-25.03,1204.8,28,True
61.000_-69.500,2022-03,-16.27,1062.3,31,True
61.000_-69.500,2022-04,-9.48,824.5,30,True
61.000_-69.500,2022-05,-2.39,632.0,31,True
61.000_-69.500,2022-06,4.17,414.9,30,True
61.000_-69.500,2022-07,6.94,343.0,31,True
61.000_-69.500,2022-08,8.59,291.7,31,True
61.000_-69.500,2022-09,6.27,351.9,30,True
61.000_-69.500,2022-10,1.25,519.1,31,True
61.000_-69.500,2022-11,-6.85,745.4,30,True
61.000_-69.500,2022-12,-8.59,824.4,31,True
61.000_-78.000,2016-01,-22.78,1264.1,31,True
61.000_-78.000,2016-02,-27.25,1312.3,29,True
61.000_-78.000,2016-03,-22.87,1266.9,31,True
61.000_-78.000,2016-04,-14.78,983.5,30,True
61.000_-78.000,2016-05,-2.59,638.2,31,True
61.000_-78.000,2016-06,3.67,429.9,30,True
61.000_-78.000,2016-07,10.82,222.5,31,True
61.000_-78.000,2016-08,11.34,208.9,31,True
61.000_-78.000,2016-09,5.91,362.8,30,True
61.000_-78.000,2016-10,-1.89,616.7,31,True
61.000_-78.000,2016-11,-6.13,724.0,30,True
61.000_-78.000,2016-12,-17.73,1107.5,31,True
61.000_-78.000,2017-01,-19.93,1175.9,31,True
61.000_-78.000,2017-02,-24.97,1203.1,28,True
61.000_-78.000,2017-03,-17.92,1113.5,31,True
61.000_-78.000,2017-04,-11.87,896.0,30,True
61.000_-78.000,2017-05,-1.8,613.7,31,True
61.000_-78.000,2017-06,5.1,387.1,30,True
61.000_-78.000,2017-07,7.54,324.2,31,True
61.000_-78.000,2017-08,9.45,265.2,31,True
61.000_-78.000,2017-09,6.22,353.4,30,True
61.000_-78.000,2017-10,-0.26,566.2,31,True
61.000_-78.000,2017-11,-8.0,779.9,30,True
61.000_-78.000,2017-12,-16.85,1080.2,31,True
61.000_-78.000,2018-01,-29.04,1458.2,31,True
61.000_-78.000,2018-02,-27.61,1277.0,28,True
61.000_-78.000,2018-03,-15.84,1049.0,31,True
61.000_-78.000,2018-04,-13.68,950.3,30,True
61.000_-78.000,2018-05,-6.6,762.5,31,True
61.000_-78.000,2018-06,0.99,510.4,30,True
61.000_-78.000,2018-07,6.27,363.6,31,True
61.000_-78.000,2018-08,5.76,379.3,31,True
61.000_-78.000,2018-09,2.59,462.3,30,True
61.000_-78.000,2018-10,-3.72,673.3,31,True
61.000_-78.000,2018-11,-9.93,838.0,30,True
61.000_-78.000,2018-12,-16.15,1058.6,31,True
61.000_-78.000,2019-01,-27.1,1398.0,31,True
61.000_-78.000,2019-02,-24.05,1177.3,28,True
61.000_-78.000,2019-03,-19.51,1162.7,31,True
61.000_-78.000,2019-04,-11.86,895.8,30,True
61.000_-78.000,2019-05,-0.98,588.3,31,True
61.000_-78.000,2019-06,7.01,329.8,30,True
61.000_-78.000,2019-07,11.54,200.4,31,True
61.000_-78.000,2019-08,11.82,191.7,31,True
61.000_-78.000,2019-09,6.54,343.7,30,True
61.000_-78.000,2019-10,1.78,502.7,31,True
61.000_-78.000,2019-11,-6.98,749.4,30,True
61.000_-78.000,2019-12,-15.17,1028.4,31,True
61.000_-78.000,2020-01,-23.93,1299.7,31,True
61.000_-78.000,2020-02,-25.16,1251.6,29,True
61.000_-78.000,2020-03,-21.02,1209.7,31,True
61.000_-78.000,2020-04,-10.94,868.3,30,True
61.000_-78.000,2020-05,-3.13,655.0,31,True
61.000_-78.000,2020-06,4.33,410.0,30,True
61.000_-78.000,2020-07,12.24,181.5,31,True
61.000_-78.000,2020-08,11.0,217.1,31,True
61.000_-78.000,2020-09,5.74,367.9,30,True
61.000_-78.000,2020-10,-1.21,595.5,31,True
61.000_-78.000,2020-11,-8.26,787.9,30,True
61.000_-78.000,2020-12,-14.26,1000.0,31,True
61.000_-78.000,2021-01,-19.87,1173.9,31,True
61.000_-78.000,2021-02,-19.85,1059.8,28,True
61.000_-78.000,2021-03,-21.11,1212.4,31,True
61.000_-78.000,2021-04,-8.81,804.3,30,True
61.000_-78.000,2021-05,-2.33,630.1,31,True
61.000_-78.000,2021-06,1.09,507.3,30,True
61.000_-78.000,2021-07,5.85,376.8,31,True
61.000_-78.000,2021-08,8.13,306.0,31,True
61.000_-78.000,2021-09,6.79,336.3,30,True
61.000_-78.000,2021-10,3.73,442.5,31,True
61.000_-78.000,2021-11,-6.25,727.5,30,True
61.000_-78.000,2021-12,-13.63,980.6,31,True
61.000_-78.000,2022-01,-26.89,1391.5,31,True
61.000_-78.000,2022-02,-28.13,1291.6,28,True
61.000_-78.000,2022-03,-18.29,1124.9,31,True
61.000_-78.000,2022-04,-11.47,884.0,30,True
61.000_-78.000,2022-05,-2.15,624.8,31,True
61.000_-78.000,2022-06,7.57,312.8,30,True
61.000_-78.000,2022-07,11.59,198.8,31,True
61.000_-78.000,2022-08,9.9,251.2,31,True
61.000_-78.000,2022-09,6.57,342.9,30,True
61.000_-78.000,2022-10,0.67,537.1,31,True
61.000_-78.000,2022-11,-8.84,805.2,30,True
61.000_-78.000,2022-12,-12.31,939.6,31,True
61.500_-72.000,2016-01,-23.93,1299.7,31,True
61.500_-72.000,2016-02,-26.91,1302.3,29,True
61.500_-72.000,2016-03,-22.93,1268.9,31,True
61.500_-72.000,2016-04,-14.26,967.8,30,True
61.500_-72.000,2016-05,-3.64,670.7,31,True
61.500_-72.000,2016-06,1.58,492.5,30,True
61.500_-72.000,2016-07,7.18,335.3,31,True
61.500_-72.000,2016-08,8.06,308.1,31,True
61.500_-72.000,2016-09,2.78,456.6,30,True
61.500_-72.000,2016-10,-4.89,709.6,31,True
61.500_-72.000,2016-11,-11.26,877.8,30,True
61.500_-72.000,2016-12,-21.21,1215.5,31,True
61.500_-72.000,2017-01,-21.91,1237.3,31,True
61.500_-72.000,2017-02,-25.84,1227.5,28,True
61.500_-72.000,2017-03,-20.76,1201.7,31,True
61.500_-72.000,2017-04,-14.47,974.0,30,True
61.500_-72.000,2017-05,-3.79,675.4,31,True
61.500_-72.000,2017-06,3.68,429.6,30,True
61.500_-72.000,2017-07,8.07,307.7,31,True
61.500_-72.000,2017-08,7.07,338.7,31,True
61.500_-72.000,2017-09,3.29,441.2,30,True
61.500_-72.000,2017-10,-3.08,653.5,31,True
61.500_-72.000,2017-11,-11.84,895.3,30,True
61.500_-72.000,2017-12,-18.33,1126.2,31,True
61.500_-72.000,2018-01,-28.49,1441.3,31,True
61.500_-72.000,2018-02,-30.58,1360.1,28,True
61.500_-72.000,2018-03,-16.28,1062.7,31,True
61.500_-72.000,2018-04,-14.02,960.7,30,True
61.500_-72.000,2018-05,-7.87,802.1,31,True
61.500_-72.000,2018-06,-0.03,541.0,30,True
61.500_-72.000,2018-07,8.39,298.3,31,True
61.500_-72.000,2018-08,7.02,340.5,31,True
61.500_-72.000,2018-09,0.68,519.6,30,True
61.500_-72.000,2018-10,-6.7,765.7,31,True
61.500_-72.000,2018-11,-11.89,896.7,30,True
61.500_-72.000,2018-12,-17.92,1113.6,31,True
61.500_-72.000,2019-01,-26.88,1391.3,31,True
61.500_-72.000,2019-02,-24.34,1185.4,28,True
61.500_-72.000,2019-03,-20.95,1207.3,31,True
61.500_-72.000,2019-04,-10.98,869.5,30,True
61.500_-72.000,2019-05,-2.64,639.9,31,True
61.500_-72.000,2019-06,3.74,427.7,30,True
61.500_-72.000,2019-07,7.54,324.4,31,True
61.500_-72.000,2019-08,5.84,377.0,31,True
61.500_-72.000,2019-09,4.09,417.3,30,True
61.500_-72.000,2019-10,-1.1,592.1,31,True
61.500_-72.000,2019-11,-9.03,811.0,30,True
61.500_-72.000,2019-12,-16.07,1056.1,31,True
61.500_-72.000,2020-01,-24.65,1322.1,31,True
61.500_-72.000,2020-02,-26.85,1300.6,29,True
61.500_-72.000,2020-03,-20.04,1179.2,31,True
61.500_-72.000,2020-04,-11.69,890.6,30,True
61.500_-72.000,2020-05,-4.04,683.3,31,True
61.500_-72.000,2020-06,1.99,480.3,30,True
61.500_-72.000,2020-07,10.96,218.2,31,True
61.500_-72.000,2020-08,9.58,261.0,31,True
61.500_-72.000,2020-09,2.51,464.8,30,True
61.500_-72.000,2020-10,-4.05,683.4,31,True
61.500_-72.000,2020-11,-11.98,899.5,30,True
61.500_-72.000,2020-12,-17.47,1099.5,31,True
61.500_-72.000,2021-01,-19.5,1162.4,31,True
61.500_-72.000,2021-02,-18.89,1032.8,28,True
61.500_-72.000,2021-03,-22.23,1247.2,31,True
61.500_-72.000,2021-04,-9.16,814.7,30,True
61.500_-72.000,2021-05,-3.35,661.9,31,True
61.500_-72.000,2021-06,1.18,504.7,30,True
61.500_-72.000,2021-07,8.97,279.8,31,True
61.500_-72.000,2021-08,8.16,304.9,31,True
61.500_-72.000,2021-09,2.36,469.2,30,True
61.500_-72.000,2021-10,0.65,537.7,31,True
61.500_-72.000,2021-11,-8.3,788.9,30,True
61.500_-72.000,2021-12,-16.75,1077.2,31,True
61.500_-72.000,2022-01,-28.64,1445.7,31,True
61.500_-72.000,2022-02,-29.12,1319.4,28,True
61.500_-72.000,2022-03,-18.98,1146.4,31,True
61.500_-72.000,2022-04,-12.83,924.8,30,True
61.500_-72.000,2022-05,-4.03,682.9,31,True
61.500_-72.000,2022-06,4.17,414.8,30,True
61.500_-72.000,2022-07,8.2,304.2,31,True
61.500_-72.000,2022-08,8.53,293.6,31,True
61.500_-72.000,2022-09,4.97,391.0,30,True
61.500_-72.000,2022-10,-1.85,615.2,31,True
61.500_-72.000,2022-11,-12.99,929.7,30,True
61.500_-72.000,2022-12,-13.48,975.9,31,True
62.000_-75.500,2016-01,-25.6,1351.7,31,True
62.000_-75.500,2016-02,-28.55,1349.9,29,True
62.000_-75.500,2016-03,-24.6,1320.7,31,True
62.000_-75.500,2016-04,-15.68,1010.5,30,True
62.000_-75.500,2016-05,-3.53,667.5,31,True
62.000_-75.500,2016-06,2.63,461.2,30,True
62.000_-75.500,2016-07,10.68,227.0,31,True
62.000_-75.500,2016-08,10.38,238.2,31,True
62.000_-75.500,2016-09,3.95,421.5,30,True
62.000_-75.500,2016-10,-5.07,715.3,31,True
62.000_-75.500,2016-11,-10.17,845.2,30,True
62.000_-75.500,2016-12,-21.87,1236.0,31,True
62.000_-75.500,2017-01,-22.73,1262.6,31,True
62.000_-75.500,2017-02,-27.2,1265.6,28,True
62.000_-75.500,2017-03,-21.11,1212.4,31,True
62.000_-75.500,2017-04,-14.3,968.9,30,True
62.000_-75.500,2017-05,-3.52,667.1,31,True
62.000_-75.500,2017-06,5.61,371.7,30,True
62.000_-75.500,2017-07,8.04,308.8,31,True
62.000_-75.500,2017-08,8.19,304.2,31,True
62.000_-75.500,2017-09,3.51,434.8,30,True
62.000_-75.500,2017-10,-4.0,682.1,31,True
62.000_-75.500,2017-11,-12.19,905.6,30,True
62.000_-75.500,2017-12,-20.55,1195.2,31,True
62.000_-75.500,2018-01,-31.07,1521.3,31,True
62.000_-75.500,2018-02,-31.23,1378.4,28,True
62.000_-75.500,2018-03,-17.64,1104.9,31,True
62.000_-75.500,2018-04,-14.58,977.3,30,True
62.000_-75.500,2018-05,-8.33,816.3,31,True
62.000_-75.500,2018-06,0.69,519.4,30,True
62.000_-75.500,2018-07,8.41,297.4,31,True
62.000_-75.500,2018-08,5.69,381.7,31,True
62.000_-75.500,2018-09,0.46,526.1,30,True
62.000_-75.500,2018-10,-6.34,754.6,31,True
62.000_-75.500,2018-11,-11.26,877.7,30,True
62.000_-75.500,2018-12,-18.11,1119.3,31,True
62.000_-75.500,2019-01,-28.14,1430.2,31,True
62.000_-75.500,2019-02,-26.07,1234.0,28,True
62.000_-75.500,2019-03,-21.62,1228.3,31,True
62.000_-75.500,2019-04,-12.36,910.7,30,True
62.000_-75.500,2019-05,-1.21,595.4,31,True
62.000_-75.500,2019-06,6.97,331.0,30,True
62.000_-75.500,2019-07,11.07,214.7,31,True
62.000_-75.500,2019-08,9.44,265.5,31,True
62.000_-75.500,2019-09,4.37,408.8,30,True
62.000_-75.500,2019-10,-0.66,578.4,31,True
62.000_-75.500,2019-11,-9.29,818.6,30,True
62.000_-75.500,2019-12,-18.12,1119.7,31,True
62.000_-75.500,2020-01,-26.36,1375.2,31,True
62.000_-75.500,2020-02,-28.09,1336.7,29,True
62.000_-75.500,2020-03,-21.75,1232.2,31,True
62.000_-75.500,2020-04,-12.47,914.2,30,True
62.000_-75.500,2020-05,-4.43,695.2,31,True
62.000_-75.500,2020-06,3.98,420.5,30,True
62.000_-75.500,2020-07,12.04,185.5,31,True
62.000_-75.500,2020-08,8.96,280.1,31,True
62.000_-75.500,2020-09,2.89,453.4,30,True
62.000_-75.500,2020-10,-3.99,681.6,31,True
62.000_-75.500,2020-11,-12.0,899.9,30,True
62.000_-75.500,2020-12,-17.56,1102.4,31,True
62.000_-75.500,2021-01,-20.95,1207.3,31,True
62.000_-75.500,2021-02,-20.06,1065.6,28,True
62.000_-75.500,2021-03,-23.33,1281.2,31,True
62.000_-75.500,2021-04,-9.91,837.3,30,True
62.000_-75.500,2021-05,-3.72,673.2,31,True
62.000_-75.500,2021-06,0.81,515.6,30,True
62.000_-75.500,2021-07,8.12,306.2,31,True
62.000_-75.500,2021-08,7.5,325.5,31,True
62.000_-75.500,2021-09,3.49,435.4,30,True
62.000_-75.500,2021-10,0.95,528.5,31,True
62.000_-75.500,2021-11,-9.2,816.0,30,True
62.000_-75.500,2021-12,-17.68,1106.0,31,True
62.000_-75.500,2022-01,-30.16,1493.0,31,True
62.000_-75.500,2022-02,-30.24,1350.6,28,True
62.000_-75.500,2022-03,-19.66,1167.4,31,True
62.000_-75.500,2022-04,-12.98,929.4,30,True
62.000_-75.500,2022-05,-3.78,675.2,31,True
62.000_-75.500,2022-06,6.18,354.7,30,True
62.000_-75.500,2022-07,11.58,199.1,31,True
62.000_-75.500,2022-08,8.35,299.3,31,True
62.000_-75.500,2022-09,4.52,404.4,30,True
62.000_-75.500,2022-10,-2.04,621.3,31,True
62.000_-75.500,2022-11,-11.44,883.1,30,True
62.000_-75.500,2022-12,-14.29,1001.1,31,True
62.500_-77.500,2016-01,-25.32,1342.8,31,True
62.500_-77.500,2016-02,-28.81,1357.5,29,True
62.500_-77.500,2016-03,-24.9,1329.9,31,True
62.500_-77.500,2016-04,-16.09,1022.8,30,True
62.500_-77.500,2016-05,-4.55,699.0,31,True
62.500_-77.500,2016-06,1.14,505.7,30,True
62.500_-77.500,2016-07,9.23,272.0,31,True
62.500_-77.500,2016-08,9.09,279.2,31,True
62.500_-77.500,2016-09,2.92,452.3,30,True
62.500_-77.500,2016-10,-5.29,721.9,31,True
62.500_-77.500,2016-11,-9.5,825.0,30,True
62.500_-77.500,2016-12,-20.49,1193.2,31,True
62.500_-77.500,2017-01,-21.41,1221.6,31,True
62.500_-77.500,2017-02,-26.18,1237.1,28,True
62.500_-77.500,2017-03,-20.11,1181.4,31,True
62.500_-77.500,2017-04,-13.94,958.2,30,True
62.500_-77.500,2017-05,-3.68,672.0,31,True
62.500_-77.500,2017-06,3.98,420.6,30,True
62.500_-77.500,2017-07,7.15,336.3,31,True
62.500_-77.500,2017-08,7.8,316.2,31,True
62.500_-77.500,2017-09,2.73,458.1,30,True
62.500_-77.500,2017-10,-3.69,672.5,31,True
62.500_-77.500,2017-11,-10.54,856.3,30,True
62.500_-77.500,2017-12,-19.15,1151.6,31,True
62.500_-77.500,2018-01,-29.47,1471.6,31,True
62.500_-77.500,2018-02,-30.51,1358.3,28,True
62.500_-77.500,2018-03,-17.89,1112.5,31,True
62.500_-77.500,2018-04,-14.58,977.5,30,True
62.500_-77.500,2018-05,-8.59,824.4,31,True
62.500_-77.500,2018-06,-0.24,547.1,30,True
62.500_-77.500,2018-07,7.66,320.6,31,True
62.500_-77.500,2018-08,4.63,414.4,31,True
62.500_-77.500,2018-09,0.0,539.9,30,True
62.500_-77.500,2018-10,-6.09,746.8,31,True
62.500_-77.500,2018-11,-10.84,865.2,30,True
62.500_-77.500,2018-12,-17.9,1112.8,31,True
62.500_-77.500,2019-01,-27.89,1422.5,31,True
62.500_-77.500,2019-02,-25.54,1219.0,28,True
62.500_-77.500,2019-03,-21.05,1210.5,31,True
62.500_-77.500,2019-04,-13.03,930.9,30,True
62.500_-77.500,2019-05,-2.74,642.8,31,True
62.500_-77.500,2019-06,5.66,370.3,30,True
62.500_-77.500,2019-07,10.41,235.2,31,True
62.500_-77.500,2019-08,9.99,248.4,31,True
62.500_-77.500,2019-09,4.15,415.5,30,True
62.500_-77.500,2019-10,-0.68,579.1,31,True
62.500_-77.500,2019-11,-8.86,805.9,30,True
62.500_-77.500,2019-12,-16.55,1071.0,31,True
62.500_-77.500,2020-01,-24.74,1325.0,31,True
62.500_-77.500,2020-02,-26.52,1291.0,29,True
62.500_-77.500,2020-03,-21.4,1221.4,31,True
62.500_-77.500,2020-04,-12.79,923.8,30,True
62.500_-77.500,2020-05,-5.32,722.8,31,True
62.500_-77.500,2020-06,3.24,443.1,30,True
62.500_-77.500,2020-07,11.7,197.0,31,True
62.500_-77.500,2020-08,8.75,286.7,31,True
62.500_-77.500,2020-09,2.44,466.8,30,True
62.500_-77.500,2020-10,-4.01,682.4,31,True
62.500_-77.500,2020-11,-10.33,850.0,30,True
62.500_-77.500,2020-12,-15.82,1048.3,31,True
62.500_-77.500,2021-01,-19.88,1174.2,31,True
62.500_-77.500,2021-02,-19.93,1062.1,28,True
62.500_-77.500,2021-03,-22.79,1264.4,31,True
62.500_-77.500,2021-04,-10.38,851.5,30,True
62.500_-77.500,2021-05,-4.53,698.5,31,True
62.500_-77.500,2021-06,-0.34,550.1,30,True
62.500_-77.500,2021-07,5.96,373.2,31,True
62.500_-77.500,2021-08,6.39,360.0,31,True
62.500_-77.500,2021-09,3.77,426.9,30,True
62.500_-77.500,2021-10,1.4,514.5,31,True
62.500_-77.500,2021-11,-8.88,806.4,30,True
62.500_-77.500,2021-12,-15.51,1038.7,31,True
62.500_-77.500,2022-01,-28.19,1431.9,31,True
62.500_-77.500,2022-02,-29.44,1328.4,28,True
62.500_-77.500,2022-03,-19.42,1160.1,31,True
62.500_-77.500,2022-04,-13.03,930.8,30,True
62.500_-77.500,2022-05,-4.37,693.5,31,True
62.500_-77.500,2022-06,5.87,364.0,30,True
62.500_-77.500,2022-07,11.2,210.8,31,True
62.500_-77.500,2022-08,7.46,326.7,31,True
62.500_-77.500,2022-09,3.86,424.2,30,True
62.500_-77.500,2022-10,-2.58,638.0,31,True
62.500_-77.500,2022-11,-11.16,874.9,30,True
62.500_-77.500,2022-12,-13.86,987.8,31,True
62.500_-78.000,2016-01,-22.12,1243.8,31,True
62.500_-78.000,2016-02,-26.41,1288.0,29,True
62.500_-78.000,2016-03,-22.67,1260.7,31,True
62.500_-78.000,2016-04,-14.36,970.9,30,True
62.500_-78.000,2016-05,-2.86,646.7,31,True
62.500_-78.000,2016-06,2.18,474.6,30,True
62.500_-78.000,2016-07,9.13,275.0,31,True
62.500_-78.000,2016-08,10.11,245.5,31,True
62.500_-78.000,2016-09,4.66,400.1,30,True
62.500_-78.000,2016-10,-2.4,632.3,31,True
62.500_-78.000,2016-11,-5.98,719.5,30,True
62.500_-78.000,2016-12,-17.25,1092.8,31,True
62.500_-78.000,2017-01,-19.4,1159.4,31,True
62.500_-78.000,2017-02,-24.31,1184.8,28,True
62.500_-78.000,2017-03,-18.13,1120.0,31,True
62.500_-78.000,2017-04,-12.01,900.3,30,True
62.500_-78.000,2017-05,-2.03,620.8,31,True
62.500_-78.000,2017-06,4.97,390.8,30,True
62.500_-78.000,2017-07,7.9,313.2,31,True
62.500_-78.000,2017-08,9.03,278.1,31,True
62.500_-78.000,2017-09,4.67,399.8,30,True
62.500_-78.000,2017-10,-1.31,598.5,31,True
62.500_-78.000,2017-11,-8.07,782.0,30,True
62.500_-78.000,2017-12,-16.9,1081.9,31,True
62.500_-78.000,2018-01,-27.58,1413.1,31,True
62.500_-78.000,2018-02,-28.18,1293.1,28,True
62.500_-78.000,2018-03,-16.07,1056.2,31,True
62.500_-78.000,2018-04,-12.64,919.3,30,True
62.500_-78.000,2018-05,-6.57,761.7,31,True
62.500_-78.000,2018-06,1.31,500.8,30,True
62.500_-78.000,2018-07,8.25,302.6,31,True
62.500_-78.000,2018-08,6.04,370.8,31,True
62.500_-78.000,2018-09,2.12,476.3,30,True
62.500_-78.000,2018-10,-3.87,677.9,31,True
62.500_-78.000,2018-11,-8.61,798.4,30,True
62.500_-78.000,2018-12,-15.82,1048.3,31,True
62.500_-78.000,2019-01,-25.87,1359.9,31,True
62.500_-78.000,2019-02,-23.47,1161.1,28,True
62.500_-78.000,2019-03,-18.97,1146.2,31,True
62.500_-78.000,2019-04,-11.26,877.8,30,True
62.500_-78.000,2019-05,-0.9,585.8,31,True
62.500_-78.000,2019-06,6.72,338.3,30,True
62.500_-78.000,2019-07,11.19,211.1,31,True
62.500_-78.000,2019-08,11.55,199.9,31,True
62.500_-78.000,2019-09,6.09,357.3,30,True
62.500_-78.000,2019-10,1.5,511.4,31,True
62.500_-78.000,2019-11,-6.38,731.3,30,True
62.500_-78.000,2019-12,-14.46,1006.4,31,True
62.500_-78.000,2020-01,-22.84,1266.1,31,True
62.500_-78.000,2020-02,-24.38,1228.9,29,True
62.500_-78.000,2020-03,-19.65,1167.1,31,True
62.500_-78.000,2020-04,-10.8,863.9,30,True
62.500_-78.000,2020-05,-3.45,664.9,31,True
62.500_-78.000,2020-06,4.42,407.3,30,True
62.500_-78.000,2020-07,11.91,194.0,31,True
62.500_-78.000,2020-08,9.92,250.5,31,True
62.500_-78.000,2020-09,4.58,402.5,30,True
62.500_-78.000,2020-10,-1.83,614.7,31,True
62.500_-78.000,2020-11,-7.99,779.7,30,True
62.500_-78.000,2020-12,-13.64,980.8,31,True
62.500_-78.000,2021-01,-18.01,1116.3,31,True
62.500_-78.000,2021-02,-18.04,1009.2,28,True
62.500_-78.000,2021-03,-20.8,1202.9,31,True
62.500_-78.000,2021-04,-8.58,797.3,30,True
62.500_-78.000,2021-05,-2.77,643.9,31,True
62.500_-78.000,2021-06,1.26,502.1,30,True
62.500_-78.000,2021-07,6.93,343.3,31,True
62.500_-78.000,2021-08,7.65,320.9,31,True
62.500_-78.000,2021-09,5.61,371.7,30,True
62.500_-78.000,2021-10,3.32,455.1,31,True
62.500_-78.000,2021-11,-6.44,733.1,30,True
62.500_-78.000,2021-12,-13.44,974.7,31,True
62.500_-78.000,2022-01,-26.13,1368.0,31,True
62.500_-78.000,2022-02,-27.48,1273.3,28,True
62.500_-78.000,2022-03,-17.59,1103.2,31,True
62.500_-78.000,2022-04,-11.11,873.4,30,True
62.500_-78.000,2022-05,-2.58,638.0,31,True
62.500_-78.000,2022-06,7.12,326.3,30,True
62.500_-78.000,2022-07,11.74,195.0,31,True
62.500_-78.000,2022-08,8.99,279.3,31,True
62.500_-78.000,2022-09,5.73,368.2,30,True
62.500_-78.000,2022-10,-0.43,571.3,31,True
62.500_-78.000,2022-11,-8.93,807.8,30,True
62.500_-78.000,2022-12,-11.87,926.0,31,True
